date,temperature_mean_c,temperature_max_c,precipitation_mm,snowfall_cm,cloud_cover_pct,wind_max_kmh,solar_radiation_mj_m2
2018-01-01,6.5,12.2,0.0,0.0,27.0,7.3,8.39
2018-01-02,8.4,15.1,0.0,0.0,67.0,10.0,6.86
2018-01-03,9.6,11.9,11.9,0.0,64.0,8.9,5.63
2018-01-04,9.1,12.1,2.5,0.0,82.0,7.6,5.83
2018-01-05,8.9,10.7,1.7,0.0,94.0,7.7,4.01
2018-01-06,7.7,13.3,0.0,0.0,28.0,6.7,8.78
2018-01-07,8.5,16.4,0.0,0.0,2.0,9.0,9.2
2018-01-08,8.1,14.5,0.0,0.0,58.0,6.5,7.86
2018-01-09,8.0,11.7,0.0,0.0,99.0,7.2,3.9
2018-01-10,8.7,11.8,0.0,0.0,100.0,8.7,4.56
2018-01-11,8.8,12.0,1.9,0.0,82.0,10.0,4.52
2018-01-12,10.1,10.8,7.6,0.0,96.0,5.7,2.11
2018-01-13,9.0,10.0,7.0,0.0,97.0,16.2,2.28
2018-01-14,5.5,6.5,8.7,0.84,97.0,14.5,3.18
2018-01-15,4.9,7.9,0.0,0.0,43.0,8.8,7.35
2018-01-16,6.9,10.1,4.6,0.0,85.0,9.7,4.18
2018-01-17,9.9,15.0,0.0,0.0,34.0,13.8,8.67
2018-01-18,6.9,11.6,20.9,3.43,88.0,20.2,2.14
2018-01-19,3.9,10.4,0.0,0.0,8.0,12.9,10.66
2018-01-20,7.6,14.6,0.0,0.0,37.0,11.2,10.18
2018-01-21,12.0,13.7,0.4,0.0,95.0,15.0,4.6
2018-01-22,9.4,11.0,10.4,0.0,99.0,10.8,2.64
2018-01-23,5.0,5.9,9.5,1.54,89.0,12.3,5.73
2018-01-24,3.4,4.6,4.0,2.03,52.0,16.5,7.0
2018-01-25,2.6,4.7,0.9,0.98,50.0,18.9,7.75
2018-01-26,2.3,5.6,0.0,0.0,50.0,15.1,6.85
2018-01-27,2.7,7.0,0.0,0.0,36.0,9.5,9.95
2018-01-28,3.1,8.1,0.0,0.0,39.0,6.1,9.77
2018-01-29,4.5,10.8,0.0,0.0,33.0,6.6,10.76
2018-01-30,6.2,15.1,0.0,0.0,2.0,7.9,11.34
2018-01-31,6.5,13.4,0.0,0.0,10.0,5.6,10.89
2018-02-01,8.2,17.5,0.0,0.0,6.0,9.5,11.93
2018-02-02,11.2,16.3,0.0,0.0,86.0,11.6,5.46
2018-02-03,14.1,18.8,0.0,0.0,78.0,13.8,7.36
2018-02-04,14.5,19.1,9.5,0.0,95.0,14.1,6.42
2018-02-05,8.7,10.9,10.3,0.0,91.0,9.8,4.89
2018-02-06,7.9,11.1,0.0,0.0,76.0,8.0,4.52
2018-02-07,9.9,16.2,2.9,0.0,65.0,10.0,10.48
2018-02-08,14.1,19.3,8.6,0.0,56.0,9.5,7.48
2018-02-09,10.0,16.0,0.0,0.0,73.0,6.9,12.25
2018-02-10,9.0,12.3,3.0,0.0,90.0,10.1,4.38
2018-02-11,11.8,16.3,11.7,0.0,75.0,13.8,8.78
2018-02-12,6.8,8.2,0.5,0.0,99.0,9.3,4.46
2018-02-13,7.6,11.0,0.0,0.0,83.0,8.1,8.78
2018-02-14,9.4,14.5,0.9,0.0,68.0,12.8,8.34
2018-02-15,10.0,14.0,0.0,0.0,81.0,8.4,8.13
2018-02-16,9.0,10.0,0.0,0.0,98.0,11.7,5.53
2018-02-17,8.4,9.3,0.0,0.0,99.0,9.2,4.72
2018-02-18,8.7,13.4,0.0,0.0,46.0,5.8,12.94
2018-02-19,7.7,11.6,0.0,0.0,98.0,9.4,9.03
2018-02-20,9.2,13.2,0.1,0.0,95.0,8.4,11.24
2018-02-21,10.5,14.7,3.1,0.0,88.0,9.1,11.02
2018-02-22,11.1,14.6,5.3,0.0,91.0,7.9,8.73
2018-02-23,9.8,10.7,0.0,0.0,99.0,9.7,4.31
2018-02-24,9.5,12.5,8.6,0.0,97.0,8.2,8.0
2018-02-25,6.0,7.9,6.5,0.63,96.0,12.2,5.18
2018-02-26,8.1,12.0,4.2,0.0,96.0,12.2,10.63
2018-02-27,7.1,8.6,5.6,0.07,83.0,11.4,7.33
2018-02-28,6.7,11.4,20.0,0.56,85.0,14.1,4.05
2018-03-01,2.5,5.7,1.3,0.91,82.0,7.6,11.36
2018-03-02,9.6,16.2,0.2,0.0,90.0,10.3,13.49
2018-03-03,15.0,20.5,4.6,0.0,75.0,26.6,13.77
2018-03-04,13.7,18.5,18.2,0.0,86.0,16.7,11.33
2018-03-05,11.8,15.5,0.5,0.0,94.0,9.2,8.43
2018-03-06,15.1,18.9,5.6,0.0,79.0,15.8,10.81
2018-03-07,17.9,23.6,1.0,0.0,47.0,17.7,15.51
2018-03-08,13.0,15.0,22.3,0.0,90.0,10.8,7.4
2018-03-09,11.4,14.2,0.9,0.0,88.0,7.4,9.09
2018-03-10,11.2,17.0,0.0,0.0,58.0,6.3,17.25
2018-03-11,11.8,19.4,0.0,0.0,36.0,8.0,17.45
2018-03-12,13.7,21.7,0.0,0.0,42.0,7.2,18.08
2018-03-13,14.9,18.1,5.0,0.0,63.0,11.2,11.4
2018-03-14,13.1,17.8,4.1,0.0,32.0,14.7,16.48
2018-03-15,10.8,13.9,4.3,0.0,58.0,11.7,14.08
2018-03-16,11.7,17.9,0.0,0.0,71.0,10.0,16.24
2018-03-17,17.8,24.3,0.0,0.0,78.0,12.3,18.44
2018-03-18,19.8,25.1,1.4,0.0,96.0,10.5,13.58
2018-03-19,14.8,19.5,0.8,0.0,59.0,7.9,15.85
2018-03-20,15.0,19.3,0.8,0.0,32.0,23.1,18.13
2018-03-21,13.8,21.0,0.0,0.0,53.0,12.8,19.76
2018-03-22,12.5,16.7,0.7,0.0,92.0,14.8,14.54
2018-03-23,12.6,18.0,6.7,0.0,63.0,11.5,11.86
2018-03-24,9.9,11.7,12.3,0.0,89.0,8.4,10.43
2018-03-25,11.1,14.0,7.6,0.0,89.0,9.4,11.92
2018-03-26,16.1,20.8,0.0,0.0,78.0,11.5,15.41
2018-03-27,14.6,18.5,4.1,0.0,48.0,16.9,15.84
2018-03-28,12.4,16.8,3.6,0.0,97.0,10.7,14.81
2018-03-29,8.6,9.9,16.2,0.0,98.0,12.6,2.64
2018-03-30,10.5,16.9,0.0,0.0,23.0,5.8,21.6
2018-03-31,14.4,22.7,0.0,0.0,55.0,9.6,20.88
2018-04-01,18.8,27.1,0.0,0.0,40.0,17.7,21.71
2018-04-02,13.2,16.4,10.3,0.0,42.0,14.5,19.59
2018-04-03,12.2,16.7,0.0,0.0,1.0,8.7,23.08
2018-04-04,12.5,20.6,0.0,0.0,21.0,6.5,22.83
2018-04-05,15.4,23.7,0.0,0.0,16.0,6.6,22.93
2018-04-06,16.2,23.2,1.8,0.0,52.0,9.4,20.6
2018-04-07,13.2,16.6,0.8,0.0,89.0,7.2,14.08
2018-04-08,12.9,15.9,0.3,0.0,96.0,9.4,16.35
2018-04-09,14.0,18.1,0.0,0.0,64.0,8.4,20.35
2018-04-10,15.5,21.9,0.0,0.0,10.0,6.6,22.33
2018-04-11,16.7,21.3,1.4,0.0,86.0,6.1,19.67
2018-04-12,19.3,23.8,1.1,0.0,27.0,7.8,21.14
2018-04-13,18.1,24.0,0.0,0.0,17.0,7.6,22.92
2018-04-14,15.8,20.6,0.0,0.0,27.0,8.7,23.46
2018-04-15,16.2,22.4,0.0,0.0,42.0,11.4,23.6
2018-04-16,16.6,23.8,0.0,0.0,40.0,9.8,24.78
2018-04-17,17.0,22.3,0.9,0.0,57.0,7.7,21.14
2018-04-18,14.6,19.1,0.0,0.0,56.0,9.0,22.89
2018-04-19,15.3,20.4,0.0,0.0,29.0,14.6,24.17
2018-04-20,11.8,15.2,7.7,0.0,44.0,14.2,12.58
2018-04-21,13.3,17.6,0.0,0.0,25.0,14.9,21.18
2018-04-22,14.3,21.4,0.0,0.0,1.0,7.4,25.41
2018-04-23,16.9,25.1,0.0,0.0,1.0,7.4,25.86
2018-04-24,18.5,26.1,0.0,0.0,1.0,8.6,25.64
2018-04-25,19.1,26.3,0.0,0.0,35.0,8.3,25.18
2018-04-26,19.7,26.4,0.0,0.0,23.0,8.7,24.25
2018-04-27,20.3,25.9,0.0,0.0,54.0,8.4,24.95
2018-04-28,19.7,25.9,0.0,0.0,16.0,14.8,26.23
2018-04-29,18.8,26.1,0.0,0.0,9.0,9.1,25.26
2018-04-30,17.8,23.1,0.0,0.0,11.0,8.6,24.83
2018-05-01,17.3,22.6,0.0,0.0,27.0,9.2,25.27
2018-05-02,18.0,23.5,0.0,0.0,66.0,7.0,22.88
2018-05-03,20.7,26.6,0.0,0.0,20.0,9.5,25.05
2018-05-04,19.7,24.4,0.0,0.0,35.0,9.9,23.73
2018-05-05,18.4,21.9,0.0,0.0,71.0,8.8,21.7
2018-05-06,17.2,19.3,5.9,0.0,98.0,5.1,10.49
2018-05-07,16.9,19.3,8.2,0.0,91.0,5.4,11.45
2018-05-08,17.7,20.9,10.1,0.0,91.0,10.7,7.93
2018-05-09,18.2,21.9,8.8,0.0,65.0,10.7,12.69
2018-05-10,18.6,22.4,10.0,0.0,80.0,6.5,17.47
2018-05-11,17.3,19.5,13.2,0.0,70.0,12.8,13.54
2018-05-12,16.5,19.0,3.3,0.0,66.0,15.3,18.82
2018-05-13,15.1,20.3,0.0,0.0,2.0,9.4,28.21
2018-05-14,17.8,24.6,0.0,0.0,3.0,6.7,27.28
2018-05-15,21.2,28.1,0.0,0.0,7.0,6.4,25.99
2018-05-16,23.5,31.1,0.2,0.0,43.0,12.8,23.64
2018-05-17,24.1,29.1,0.8,0.0,67.0,8.3,21.45
2018-05-18,23.9,28.4,0.0,0.0,83.0,7.5,20.88
2018-05-19,23.3,29.6,0.3,0.0,36.0,5.6,24.16
2018-05-20,21.1,24.4,1.2,0.0,63.0,10.9,19.41
2018-05-21,20.7,25.6,0.0,0.0,48.0,14.0,21.9
2018-05-22,20.1,23.5,0.0,0.0,63.0,10.5,18.55
2018-05-23,21.1,24.6,0.0,0.0,63.0,9.1,18.21
2018-05-24,22.0,27.4,0.8,0.0,69.0,9.1,21.84
2018-05-25,20.6,23.5,7.1,0.0,90.0,13.6,15.54
2018-05-26,21.1,25.1,7.1,0.0,87.0,13.8,16.5
2018-05-27,20.1,22.1,9.0,0.0,96.0,10.1,6.66
2018-05-28,20.0,22.4,0.6,0.0,81.0,14.4,13.27
2018-05-29,19.7,22.0,5.6,0.0,87.0,11.9,13.01
2018-05-30,20.7,24.0,0.8,0.0,76.0,16.5,17.63
2018-05-31,19.8,23.4,0.1,0.0,49.0,15.2,18.58
2018-06-01,21.4,26.1,0.0,0.0,17.0,13.9,27.08
2018-06-02,21.4,26.1,0.0,0.0,15.0,15.8,28.66
2018-06-03,20.0,24.8,0.0,0.0,21.0,9.4,28.54
2018-06-04,21.9,27.3,0.0,0.0,34.0,7.2,28.16
2018-06-05,22.9,27.0,0.6,0.0,48.0,8.7,24.96
2018-06-06,24.3,30.8,0.0,0.0,51.0,6.8,25.1
2018-06-07,25.0,30.1,0.3,0.0,30.0,8.7,25.24
2018-06-08,24.9,29.2,0.0,0.0,11.0,10.6,27.36
2018-06-09,25.7,32.1,0.0,0.0,18.0,7.6,28.38
2018-06-10,24.7,29.1,2.2,0.0,37.0,10.8,21.36
2018-06-11,23.7,28.7,0.0,0.0,24.0,18.9,27.57
2018-06-12,22.7,28.0,0.0,0.0,2.0,15.8,29.87
2018-06-13,23.1,28.9,0.0,0.0,1.0,11.3,30.28
2018-06-14,24.2,29.4,0.0,0.0,20.0,9.4,28.64
2018-06-15,25.4,32.0,3.2,0.0,43.0,9.8,22.77
2018-06-16,24.0,28.7,3.9,0.0,77.0,9.9,19.45
2018-06-17,21.3,24.5,10.3,0.0,78.0,7.3,17.29
2018-06-18,22.0,25.7,1.8,0.0,77.0,8.1,17.47
2018-06-19,23.1,26.1,6.9,0.0,85.0,15.1,19.87
2018-06-20,23.8,27.3,5.5,0.0,67.0,13.1,21.7
2018-06-21,23.1,25.9,4.2,0.0,94.0,6.2,16.03
2018-06-22,23.0,27.1,12.6,0.0,67.0,9.0,22.17
2018-06-23,22.6,28.3,1.7,0.0,31.0,12.6,24.05
2018-06-24,21.9,25.2,0.6,0.0,62.0,15.3,16.98
2018-06-25,21.6,24.6,0.0,0.0,53.0,16.5,17.59
2018-06-26,23.3,27.9,15.5,0.0,33.0,8.1,22.51
2018-06-27,23.8,28.5,3.0,0.0,41.0,11.5,20.85
2018-06-28,23.4,27.5,17.0,0.0,36.0,10.1,20.48
2018-06-29,23.3,27.0,0.8,0.0,46.0,14.7,19.39
2018-06-30,24.2,28.1,0.0,0.0,28.0,15.5,23.9
2018-07-01,24.3,28.6,0.4,0.0,21.0,10.0,24.57
2018-07-02,25.3,30.8,0.0,0.0,1.0,13.2,29.24
2018-07-03,26.0,32.5,0.0,0.0,0.0,12.6,29.38
2018-07-04,26.8,32.2,0.0,0.0,0.0,13.0,29.05
2018-07-05,26.2,31.5,0.0,0.0,3.0,11.9,27.93
2018-07-06,25.6,29.5,0.0,0.0,3.0,12.1,28.18
2018-07-07,25.4,30.3,0.0,0.0,1.0,13.1,28.81
2018-07-08,24.8,28.8,0.0,0.0,8.0,12.2,27.19
2018-07-09,25.4,29.2,0.0,0.0,13.0,10.9,25.71
2018-07-10,25.9,29.6,1.0,0.0,17.0,9.4,23.72
2018-07-11,26.4,30.6,0.0,0.0,11.0,15.9,26.74
2018-07-12,25.8,29.8,0.0,0.0,34.0,15.5,21.25
2018-07-13,25.8,29.9,0.0,0.0,15.0,15.1,25.73
2018-07-14,25.5,28.3,1.9,0.0,28.0,13.8,22.25
2018-07-15,25.3,28.2,0.1,0.0,15.0,14.3,22.55
2018-07-16,25.1,29.0,0.0,0.0,12.0,10.6,24.45
2018-07-17,26.3,32.3,0.0,0.0,3.0,9.8,27.46
2018-07-18,25.4,28.7,0.3,0.0,34.0,11.5,22.32
2018-07-19,24.6,28.4,1.3,0.0,20.0,13.9,23.36
2018-07-20,24.5,28.1,0.2,0.0,25.0,11.7,21.1
2018-07-21,26.5,30.4,0.1,0.0,13.0,8.8,25.42
2018-07-22,27.1,31.4,0.0,0.0,5.0,9.7,25.68
2018-07-23,27.6,33.4,0.0,0.0,22.0,10.2,23.86
2018-07-24,24.2,27.0,14.2,0.0,70.0,8.9,14.53
2018-07-25,23.9,27.7,2.5,0.0,43.0,10.5,18.68
2018-07-26,25.1,28.6,0.4,0.0,20.0,8.8,23.44
2018-07-27,24.3,28.3,5.3,0.0,44.0,7.6,21.06
2018-07-28,24.7,29.4,0.5,0.0,21.0,8.5,23.65
2018-07-29,26.1,29.7,0.4,0.0,23.0,10.9,22.9
2018-07-30,27.0,31.1,0.0,0.0,35.0,12.3,25.33
2018-07-31,26.4,29.5,0.1,0.0,40.0,11.2,21.73
2018-08-01,26.8,31.4,0.0,0.0,14.0,14.6,22.88
2018-08-02,27.2,31.9,0.6,0.0,18.0,16.4,22.29
2018-08-03,27.0,31.5,0.2,0.0,28.0,17.2,22.1
2018-08-04,26.5,31.7,0.0,0.0,28.0,21.3,26.01
2018-08-05,26.3,31.2,0.2,0.0,44.0,14.7,22.64
2018-08-06,26.4,31.4,0.0,0.0,12.0,14.8,25.59
2018-08-07,26.4,31.4,0.0,0.0,18.0,14.6,21.78
2018-08-08,26.9,31.8,0.0,0.0,9.0,19.6,23.42
2018-08-09,26.7,31.3,0.0,0.0,18.0,19.1,23.88
2018-08-10,26.0,31.3,0.0,0.0,2.0,20.7,25.57
2018-08-11,24.6,29.9,0.0,0.0,5.0,19.5,26.7
2018-08-12,23.7,29.4,0.0,0.0,5.0,16.6,26.07
2018-08-13,23.7,30.5,0.0,0.0,4.0,16.4,26.32
2018-08-14,24.8,31.9,0.0,0.0,0.0,13.4,26.25
2018-08-15,25.6,32.3,0.0,0.0,7.0,14.1,24.57
2018-08-16,26.1,31.5,0.0,0.0,12.0,13.0,23.81
2018-08-17,26.0,31.2,0.0,0.0,42.0,11.9,21.01
2018-08-18,26.5,31.7,0.0,0.0,30.0,16.0,19.74
2018-08-19,27.2,33.4,0.0,0.0,7.0,21.6,24.21
2018-08-20,26.0,31.5,0.0,0.0,13.0,17.4,22.53
2018-08-21,24.7,30.9,0.0,0.0,2.0,15.2,24.36
2018-08-22,25.9,32.6,0.0,0.0,6.0,16.9,22.89
2018-08-23,26.2,32.9,0.0,0.0,16.0,17.3,22.32
2018-08-24,26.1,32.9,0.0,0.0,24.0,11.5,21.9
2018-08-25,26.5,31.5,0.0,0.0,26.0,11.7,20.68
2018-08-26,26.4,30.8,0.0,0.0,19.0,10.6,21.03
2018-08-27,26.4,31.3,0.3,0.0,38.0,10.9,19.9
2018-08-28,26.6,31.8,0.7,0.0,46.0,16.6,16.31
2018-08-29,26.0,31.1,0.5,0.0,54.0,19.1,18.87
2018-08-30,26.1,30.5,0.0,0.0,22.0,15.5,20.16
2018-08-31,26.9,33.4,0.0,0.0,1.0,16.5,22.77
2018-09-01,27.3,34.3,0.0,0.0,26.0,13.4,19.84
2018-09-02,27.7,33.9,0.0,0.0,7.0,17.1,21.64
2018-09-03,26.5,32.8,0.0,0.0,3.0,14.2,21.87
2018-09-04,26.1,31.1,0.0,0.0,5.0,11.7,21.62
2018-09-05,25.1,29.9,1.2,0.0,27.0,12.1,19.25
2018-09-06,21.8,24.5,15.7,0.0,58.0,10.2,13.17
2018-09-07,22.6,27.0,0.5,0.0,13.0,10.6,18.53
2018-09-08,23.0,28.2,2.2,0.0,34.0,8.7,19.57
2018-09-09,22.9,27.1,0.3,0.0,34.0,12.8,19.01
2018-09-10,21.4,24.6,1.1,0.0,25.0,12.6,15.67
2018-09-11,20.5,24.3,0.0,0.0,11.0,8.9,18.58
2018-09-12,21.1,25.9,0.3,0.0,25.0,13.0,19.2
2018-09-13,21.1,25.7,9.1,0.0,97.0,11.5,12.21
2018-09-14,19.4,21.5,25.9,0.0,81.0,12.2,3.52
2018-09-15,21.4,26.1,0.1,0.0,16.0,7.3,17.28
2018-09-16,22.2,27.3,0.0,0.0,11.0,11.3,19.32
2018-09-17,22.1,26.3,0.0,0.0,28.0,15.7,16.9
2018-09-18,20.8,24.8,0.0,0.0,41.0,15.3,13.96
2018-09-19,21.0,26.8,0.0,0.0,25.0,15.8,17.35
2018-09-20,20.5,26.3,0.0,0.0,19.0,13.2,18.97
2018-09-21,21.1,26.9,0.0,0.0,28.0,10.9,18.01
2018-09-22,21.6,27.5,0.0,0.0,24.0,7.2,18.54
2018-09-23,21.8,27.4,0.0,0.0,27.0,9.1,18.51
2018-09-24,22.8,30.4,0.0,0.0,4.0,7.9,18.81
2018-09-25,17.8,21.6,7.2,0.0,82.0,16.2,4.5
2018-09-26,15.0,16.6,3.1,0.0,82.0,21.7,8.6
2018-09-27,16.8,19.9,0.0,0.0,79.0,18.9,11.19
2018-09-28,19.0,24.6,0.0,0.0,77.0,14.2,15.87
2018-09-29,20.4,25.7,0.2,0.0,56.0,11.5,15.47
2018-09-30,20.1,24.1,2.2,0.0,75.0,13.4,11.94
2018-10-01,20.9,25.5,7.7,0.0,66.0,8.7,13.0
2018-10-02,20.6,24.9,5.0,0.0,65.0,9.3,13.62
2018-10-03,19.4,24.7,0.0,0.0,52.0,10.5,14.75
2018-10-04,17.9,20.3,0.0,0.0,73.0,10.1,5.7
2018-10-05,17.0,21.7,0.0,0.0,26.0,16.0,15.58
2018-10-06,16.8,23.3,0.0,0.0,0.0,15.3,17.14
2018-10-07,17.1,23.9,0.0,0.0,4.0,9.5,16.83
2018-10-08,17.1,21.8,0.0,0.0,62.0,9.4,11.2
2018-10-09,17.3,21.6,0.0,0.0,60.0,16.3,10.66
2018-10-10,17.3,21.6,0.0,0.0,65.0,15.5,10.83
2018-10-11,17.5,21.4,0.0,0.0,76.0,11.5,11.48
2018-10-12,18.7,23.3,0.0,0.0,60.0,14.0,11.1
2018-10-13,19.2,21.0,0.7,0.0,93.0,11.7,6.18
2018-10-14,19.4,22.7,2.4,0.0,81.0,11.4,10.14
2018-10-15,19.3,22.8,0.0,0.0,75.0,10.2,9.05
2018-10-16,19.0,22.2,0.0,0.0,58.0,10.8,10.78
2018-10-17,19.3,22.9,0.7,0.0,78.0,10.9,9.57
2018-10-18,19.5,22.7,0.0,0.0,79.0,7.3,8.57
2018-10-19,19.2,22.5,0.0,0.0,72.0,8.0,8.03
2018-10-20,18.5,20.8,2.4,0.0,78.0,8.1,8.14
2018-10-21,16.7,18.7,6.3,0.0,75.0,8.4,8.56
2018-10-22,16.4,21.2,0.0,0.0,67.0,11.6,10.85
2018-10-23,16.7,20.7,0.6,0.0,82.0,9.9,8.48
2018-10-24,17.5,21.2,0.2,0.0,61.0,12.4,9.95
2018-10-25,10.4,15.8,17.3,0.0,73.0,15.6,6.25
2018-10-26,10.2,17.0,0.0,0.0,18.0,9.4,12.14
2018-10-27,13.6,22.5,0.0,0.0,1.0,9.8,13.67
2018-10-28,15.4,23.9,0.0,0.0,7.0,8.5,13.53
2018-10-29,16.1,23.9,0.0,0.0,6.0,6.1,13.28
2018-10-30,15.3,23.6,0.0,0.0,83.0,7.2,10.88
2018-10-31,17.2,24.6,0.0,0.0,68.0,8.4,11.54
2018-11-01,17.5,23.7,0.0,0.0,41.0,6.2,12.12
2018-11-02,16.9,22.7,0.0,0.0,11.0,9.1,12.23
2018-11-03,15.4,20.5,0.0,0.0,37.0,11.1,10.04
2018-11-04,14.7,21.7,0.0,0.0,21.0,12.0,11.77
2018-11-05,14.5,20.3,0.0,0.0,35.0,12.4,9.2
2018-11-06,14.4,19.2,0.0,0.0,44.0,12.0,8.44
2018-11-07,14.9,19.5,0.0,0.0,33.0,9.8,9.16
2018-11-08,13.7,18.6,0.0,0.0,41.0,7.8,9.48
2018-11-09,14.4,18.1,0.0,0.0,66.0,9.1,6.79
2018-11-10,13.8,18.8,0.0,0.0,28.0,9.1,8.94
2018-11-11,13.0,18.5,0.0,0.0,24.0,7.2,9.78
2018-11-12,12.7,17.5,0.0,0.0,38.0,12.2,7.3
2018-11-13,12.4,15.4,0.0,0.0,65.0,15.4,6.29
2018-11-14,11.3,13.5,0.0,0.0,74.0,12.1,6.4
2018-11-15,8.8,10.6,15.3,0.0,83.0,9.1,3.54
2018-11-16,9.2,10.5,10.4,0.0,89.0,10.4,5.51
2018-11-17,9.7,11.9,0.1,0.0,89.0,12.7,5.32
2018-11-18,11.1,13.7,4.8,0.0,92.0,9.7,6.81
2018-11-19,16.3,20.7,4.4,0.0,87.0,10.7,6.25
2018-11-20,15.0,17.0,2.2,0.0,99.0,5.3,4.17
2018-11-21,15.0,19.2,10.9,0.0,68.0,9.7,7.29
2018-11-22,12.6,14.8,7.9,0.0,80.0,10.8,4.23
2018-11-23,10.4,11.3,0.7,0.0,84.0,12.2,3.9
2018-11-24,10.5,13.3,0.0,0.0,51.0,10.7,6.03
2018-11-25,9.3,13.2,0.0,0.0,64.0,4.3,7.75
2018-11-26,11.1,15.0,1.1,0.0,82.0,12.3,3.12
2018-11-27,17.3,20.1,0.2,0.0,83.0,13.4,6.02
2018-11-28,14.6,16.7,16.7,0.0,99.0,10.5,2.7
2018-11-29,8.9,10.2,10.4,0.0,100.0,16.9,1.38
2018-11-30,7.5,9.0,11.5,0.0,97.0,14.4,1.58
2018-12-01,6.9,8.4,0.0,0.0,92.0,8.7,2.94
2018-12-02,8.7,12.3,0.0,0.0,98.0,6.2,7.0
2018-12-03,10.1,12.7,0.0,0.0,86.0,4.8,6.29
2018-12-04,11.1,13.8,0.9,0.0,82.0,6.9,7.0
2018-12-05,11.2,12.0,9.6,0.0,100.0,12.0,1.43
2018-12-06,7.6,9.7,22.3,0.0,100.0,16.3,1.69
2018-12-07,4.9,6.2,0.3,0.0,86.0,12.3,4.21
2018-12-08,4.8,10.9,0.0,0.0,50.0,5.8,8.72
2018-12-09,7.8,12.9,4.8,0.0,50.0,10.8,6.69
2018-12-10,10.9,13.1,12.9,0.0,80.0,7.7,5.12
2018-12-11,6.1,9.2,23.8,4.9,87.0,21.3,3.46
2018-12-12,4.0,5.5,10.9,3.5,79.0,10.5,2.01
2018-12-13,3.0,6.9,0.0,0.07,61.0,7.8,7.97
2018-12-14,7.2,9.5,1.3,0.0,90.0,7.4,3.14
2018-12-15,11.6,16.6,0.0,0.0,95.0,10.0,6.45
2018-12-16,12.2,14.7,0.4,0.0,99.0,9.9,3.69
2018-12-17,11.0,12.3,2.1,0.0,76.0,7.7,5.46
2018-12-18,10.8,11.6,14.9,0.0,95.0,9.8,2.45
2018-12-19,6.1,10.2,27.6,0.98,100.0,13.0,1.36
2018-12-20,4.8,6.4,0.0,0.0,80.0,9.2,3.28
2018-12-21,5.6,8.1,0.0,0.0,62.0,4.6,6.33
2018-12-22,7.1,10.6,0.0,0.0,50.0,7.9,8.13
2018-12-23,7.1,11.1,0.4,0.0,46.0,13.6,4.91
2018-12-24,8.9,15.2,0.5,0.0,74.0,15.1,6.85
2018-12-25,5.7,11.5,31.5,6.72,99.0,15.0,0.7
2018-12-26,3.1,4.5,1.9,0.98,61.0,9.1,6.92
2018-12-27,2.6,4.8,0.1,0.0,66.0,4.7,4.52
2018-12-28,4.8,8.2,0.0,0.0,42.0,5.6,7.99
2018-12-29,3.6,5.3,5.8,0.63,94.0,6.5,2.27
2018-12-30,5.4,7.1,3.2,0.0,57.0,6.3,6.54
2018-12-31,4.1,8.5,0.0,0.0,27.0,9.4,8.34
2019-01-01,4.1,5.5,1.2,0.49,99.0,14.3,2.48
2019-01-02,5.3,6.6,0.2,0.0,89.0,5.4,4.7
2019-01-03,5.8,6.7,8.0,0.0,96.0,13.1,2.87
2019-01-04,4.3,6.0,9.1,4.69,77.0,17.2,3.08
2019-01-05,3.4,4.8,7.6,3.99,88.0,12.0,3.14
2019-01-06,2.6,3.5,6.0,3.15,88.0,9.6,4.42
2019-01-07,1.7,2.5,6.9,4.34,87.0,10.3,5.66
2019-01-08,0.6,1.6,7.2,5.25,74.0,9.7,4.24
2019-01-09,0.1,4.1,0.0,0.0,53.0,12.7,9.24
2019-01-10,9.0,13.4,0.3,0.0,86.0,15.8,6.03
2019-01-11,9.7,10.6,19.1,0.0,96.0,13.8,2.2
2019-01-12,6.8,7.7,20.0,0.0,100.0,7.9,2.14
2019-01-13,4.9,6.0,3.4,0.14,99.0,6.6,2.42
2019-01-14,6.5,9.8,0.5,0.0,83.0,12.5,6.89
2019-01-15,4.8,7.3,27.7,12.04,100.0,17.1,0.95
2019-01-16,2.0,3.4,4.7,3.43,66.0,13.2,9.68
2019-01-17,2.7,9.6,0.0,0.0,21.0,8.7,9.84
2019-01-18,4.3,11.7,0.0,0.0,17.0,10.0,10.34
2019-01-19,8.3,12.9,0.6,0.0,80.0,8.7,7.11
2019-01-20,9.1,14.0,0.8,0.0,49.0,8.4,8.07
2019-01-21,8.3,11.1,1.2,0.0,90.0,7.0,2.95
2019-01-22,8.6,11.6,0.0,0.0,90.0,7.8,6.15
2019-01-23,10.0,15.1,1.4,0.0,73.0,11.4,6.8
2019-01-24,11.8,13.7,0.6,0.0,99.0,12.9,4.78
2019-01-25,10.8,14.7,0.0,0.0,76.0,12.6,6.38
2019-01-26,11.7,15.6,3.6,0.0,96.0,10.9,7.63
2019-01-27,9.3,11.1,3.0,0.0,72.0,5.5,7.14
2019-01-28,9.0,15.0,0.0,0.0,47.0,8.9,9.05
2019-01-29,12.2,17.1,0.0,0.0,86.0,10.2,9.31
2019-01-30,12.7,16.7,0.0,0.0,91.0,10.6,7.72
2019-01-31,11.4,15.1,8.1,0.0,80.0,12.4,7.73
2019-02-01,9.9,13.7,3.8,0.0,46.0,17.0,9.55
2019-02-02,9.3,16.5,0.0,0.0,51.0,9.8,11.21
2019-02-03,11.5,19.2,0.0,0.0,95.0,10.6,9.72
2019-02-04,11.8,18.7,0.0,0.0,50.0,6.9,12.05
2019-02-05,11.2,16.8,0.0,0.0,47.0,7.4,12.42
2019-02-06,10.2,12.7,3.6,0.0,86.0,8.8,7.7
2019-02-07,6.8,8.9,12.9,0.14,99.0,9.9,2.72
2019-02-08,6.9,8.0,0.1,0.0,99.0,9.1,4.52
2019-02-09,7.0,7.7,0.6,0.0,99.0,9.5,4.45
2019-02-10,6.7,9.5,0.0,0.0,79.0,4.9,6.45
2019-02-11,8.3,16.0,0.0,0.0,43.0,10.9,13.27
2019-02-12,12.3,18.0,1.8,0.0,62.0,19.9,10.88
2019-02-13,6.9,10.3,23.5,0.91,100.0,13.0,2.75
2019-02-14,5.4,6.1,12.1,2.45,98.0,14.7,3.66
2019-02-15,5.5,7.4,2.8,1.26,94.0,17.3,6.11
2019-02-16,6.4,7.2,0.6,0.0,85.0,13.5,6.15
2019-02-17,6.6,10.7,0.0,0.0,32.0,8.5,13.14
2019-02-18,7.0,12.9,0.0,0.0,6.0,5.4,14.13
2019-02-19,7.5,15.4,0.0,0.0,1.0,6.8,14.65
2019-02-20,7.8,15.9,0.0,0.0,1.0,7.4,15.02
2019-02-21,8.3,12.9,0.1,0.0,47.0,7.1,12.3
2019-02-22,8.3,12.1,0.0,0.0,63.0,8.9,13.1
2019-02-23,5.1,7.6,6.8,1.89,100.0,19.2,3.81
2019-02-24,3.0,4.0,2.8,1.33,99.0,14.5,5.42
2019-02-25,5.7,8.1,0.0,0.0,88.0,16.7,6.88
2019-02-26,6.9,9.4,0.1,0.0,89.0,10.3,11.11
2019-02-27,4.8,6.2,11.0,2.45,92.0,10.6,9.71
2019-02-28,4.5,7.4,3.3,1.26,56.0,11.9,9.44
2019-03-01,8.4,16.7,0.0,0.0,0.0,13.8,16.72
2019-03-02,9.3,14.6,0.6,0.0,71.0,8.7,10.54
2019-03-03,8.0,10.5,0.0,0.0,61.0,13.3,10.53
2019-03-04,5.7,10.9,0.0,0.0,3.0,5.3,17.43
2019-03-05,9.0,18.5,0.0,0.0,10.0,12.0,17.67
2019-03-06,11.1,15.1,8.2,0.0,81.0,12.1,7.26
2019-03-07,11.4,18.2,1.6,0.0,28.0,8.4,17.83
2019-03-08,13.2,21.9,0.0,0.0,22.0,9.4,17.86
2019-03-09,14.5,21.8,0.0,0.0,95.0,10.5,17.15
2019-03-10,14.1,20.0,0.0,0.0,14.0,15.1,17.64
2019-03-11,15.6,22.7,0.0,0.0,26.0,11.4,18.46
2019-03-12,13.1,17.7,18.0,0.0,91.0,12.5,9.13
2019-03-13,8.4,9.4,8.1,0.0,100.0,14.3,4.26
2019-03-14,8.3,10.3,0.0,0.0,97.0,8.9,10.44
2019-03-15,8.3,9.4,2.3,0.0,96.0,10.0,6.96
2019-03-16,8.7,14.1,0.0,0.0,65.0,11.9,17.59
2019-03-17,13.8,19.8,0.3,0.0,31.0,10.9,17.23
2019-03-18,15.2,23.4,0.0,0.0,0.0,8.9,19.86
2019-03-19,15.0,21.6,0.1,0.0,29.0,8.8,18.57
2019-03-20,12.4,16.5,0.0,0.0,16.0,11.7,18.14
2019-03-21,10.2,14.1,0.0,0.0,25.0,17.1,16.68
2019-03-22,9.2,14.0,0.0,0.0,37.0,14.0,16.69
2019-03-23,9.5,15.6,0.0,0.0,16.0,15.5,19.6
2019-03-24,6.7,10.7,0.0,0.0,21.0,16.3,16.73
2019-03-25,8.9,15.3,0.0,0.0,0.0,6.5,21.47
2019-03-26,10.4,18.1,0.0,0.0,37.0,9.0,21.43
2019-03-27,9.7,13.1,0.0,0.0,70.0,11.8,16.42
2019-03-28,8.8,12.6,0.0,0.0,85.0,19.1,18.51
2019-03-29,7.1,11.0,0.0,0.0,77.0,24.1,17.78
2019-03-30,6.9,10.6,0.0,0.0,49.0,21.7,15.1
2019-03-31,7.9,10.9,0.0,0.0,70.0,18.5,12.72
2019-04-01,9.3,12.8,0.0,0.0,62.0,11.0,14.76
2019-04-02,10.6,15.7,0.0,0.0,46.0,16.5,19.66
2019-04-03,10.0,12.7,0.0,0.0,79.0,11.9,11.19
2019-04-04,9.5,14.5,0.0,0.0,65.0,9.1,17.52
2019-04-05,11.2,17.7,0.0,0.0,10.0,6.3,21.41
2019-04-06,12.1,19.1,0.2,0.0,87.0,10.2,17.23
2019-04-07,14.7,19.1,4.5,0.0,86.0,4.8,8.99
2019-04-08,16.3,20.3,13.0,0.0,54.0,8.5,16.39
2019-04-09,14.0,17.5,13.4,0.0,82.0,12.9,14.8
2019-04-10,12.5,14.3,13.2,0.0,92.0,6.8,10.08
2019-04-11,14.7,19.4,10.7,0.0,58.0,18.9,14.58
2019-04-12,14.3,18.0,2.8,0.0,64.0,14.7,12.66
2019-04-13,15.2,18.6,10.3,0.0,86.0,9.0,15.69
2019-04-14,13.9,16.9,9.6,0.0,80.0,10.0,15.96
2019-04-15,11.6,14.3,2.9,0.0,92.0,11.7,13.41
2019-04-16,9.8,11.1,0.8,0.0,83.0,13.5,8.83
2019-04-17,10.3,14.8,0.3,0.0,13.0,9.4,22.33
2019-04-18,10.5,12.6,1.1,0.0,40.0,12.1,17.82
2019-04-19,9.0,11.0,6.1,0.0,80.0,14.2,14.4
2019-04-20,7.7,9.6,5.5,0.0,58.0,12.3,19.02
2019-04-21,9.5,13.1,2.2,0.0,62.0,13.2,19.83
2019-04-22,10.5,15.3,0.0,0.0,2.0,10.2,26.07
2019-04-23,12.5,19.0,0.2,0.0,82.0,7.8,23.32
2019-04-24,16.8,22.1,0.9,0.0,71.0,9.5,21.41
2019-04-25,18.0,23.3,0.0,0.0,30.0,8.7,22.51
2019-04-26,16.4,20.2,0.0,0.0,71.0,5.2,16.3
2019-04-27,17.0,23.4,0.0,0.0,41.0,6.3,25.1
2019-04-28,18.6,24.9,1.3,0.0,24.0,8.3,22.15
2019-04-29,20.2,26.9,0.0,0.0,30.0,8.1,23.23
2019-04-30,20.5,27.1,0.0,0.0,11.0,11.7,26.0
2019-05-01,18.5,23.8,0.0,0.0,67.0,16.1,22.72
2019-05-02,15.6,17.7,7.6,0.0,68.0,11.7,18.52
2019-05-03,15.4,21.5,0.0,0.0,7.0,7.4,24.43
2019-05-04,17.7,24.8,0.1,0.0,78.0,11.0,23.24
2019-05-05,19.7,25.3,6.1,0.0,79.0,9.9,19.85
2019-05-06,20.2,25.9,0.3,0.0,29.0,11.2,22.89
2019-05-07,15.6,19.5,7.7,0.0,54.0,15.8,19.95
2019-05-08,12.4,14.5,4.6,0.0,61.0,10.2,17.65
2019-05-09,13.9,18.1,0.0,0.0,47.0,9.4,24.05
2019-05-10,15.9,19.6,4.8,0.0,84.0,9.8,16.66
2019-05-11,16.6,19.6,5.5,0.0,52.0,9.7,19.49
2019-05-12,16.9,23.2,0.0,0.0,17.0,11.4,26.93
2019-05-13,19.3,25.5,0.0,0.0,32.0,10.8,27.25
2019-05-14,19.8,25.0,0.0,0.0,80.0,8.8,23.92
2019-05-15,21.4,25.9,0.0,0.0,77.0,10.7,23.39
2019-05-16,22.5,27.8,0.7,0.0,58.0,10.2,24.6
2019-05-17,18.7,22.0,1.3,0.0,79.0,8.7,16.41
2019-05-18,18.4,22.1,7.0,0.0,79.0,9.2,17.5
2019-05-19,21.3,27.7,0.0,0.0,39.0,9.4,27.07
2019-05-20,23.8,28.3,0.0,0.0,96.0,10.5,24.15
2019-05-21,23.6,29.3,0.7,0.0,67.0,11.5,24.85
2019-05-22,22.5,27.0,0.0,0.0,65.0,13.8,24.67
2019-05-23,21.0,25.2,1.3,0.0,67.0,6.5,19.02
2019-05-24,19.0,22.7,21.5,0.0,61.0,10.2,18.03
2019-05-25,19.3,23.0,4.3,0.0,40.0,9.5,20.97
2019-05-26,20.0,25.6,0.1,0.0,9.0,9.1,27.1
2019-05-27,22.2,28.0,0.0,0.0,62.0,8.7,28.09
2019-05-28,25.2,32.6,0.8,0.0,23.0,7.0,27.06
2019-05-29,25.9,30.2,0.0,0.0,2.0,9.0,28.96
2019-05-30,24.0,28.1,0.0,0.0,6.0,8.7,28.81
2019-05-31,24.0,28.0,0.0,0.0,3.0,9.0,28.46
2019-06-01,22.7,26.5,0.0,0.0,57.0,10.4,26.94
2019-06-02,22.1,25.0,3.0,0.0,70.0,6.6,20.17
2019-06-03,22.9,27.5,2.4,0.0,43.0,8.9,24.17
2019-06-04,22.1,26.1,0.0,0.0,28.0,13.0,23.15
2019-06-05,22.0,26.0,0.1,0.0,16.0,8.0,23.82
2019-06-06,22.8,26.9,1.1,0.0,17.0,9.2,26.6
2019-06-07,23.9,28.2,0.0,0.0,17.0,11.9,28.6
2019-06-08,24.2,29.0,0.0,0.0,0.0,13.7,29.23
2019-06-09,23.4,28.7,0.1,0.0,27.0,16.5,27.01
2019-06-10,23.1,27.2,0.1,0.0,61.0,14.4,18.08
2019-06-11,22.5,25.8,7.2,0.0,72.0,8.1,18.2
2019-06-12,22.6,25.1,3.5,0.0,51.0,10.1,21.29
2019-06-13,24.2,28.9,0.0,0.0,29.0,9.9,24.93
2019-06-14,24.3,27.6,2.1,0.0,24.0,14.6,23.03
2019-06-15,23.9,27.1,3.7,0.0,73.0,13.3,20.41
2019-06-16,23.9,27.0,3.8,0.0,77.0,10.7,19.63
2019-06-17,24.5,28.7,1.5,0.0,67.0,13.3,22.22
2019-06-18,24.0,27.6,3.2,0.0,71.0,14.6,21.37
2019-06-19,23.1,26.1,1.8,0.0,98.0,8.7,14.88
2019-06-20,23.6,26.8,6.3,0.0,72.0,9.4,20.0
2019-06-21,23.5,26.8,7.0,0.0,44.0,11.9,22.56
2019-06-22,25.7,30.3,0.6,0.0,36.0,10.1,27.17
2019-06-23,26.1,30.7,0.0,0.0,25.0,8.7,26.5
2019-06-24,26.4,32.4,0.0,0.0,1.0,13.8,29.37
2019-06-25,26.0,31.2,0.0,0.0,9.0,15.9,28.45
2019-06-26,26.1,31.1,0.0,0.0,19.0,17.4,26.75
2019-06-27,26.3,30.9,0.0,0.0,17.0,15.8,27.2
2019-06-28,25.1,30.3,0.3,0.0,7.0,14.5,29.24
2019-06-29,23.8,26.7,0.9,0.0,25.0,18.1,23.35
2019-06-30,21.2,25.9,0.0,0.0,21.0,16.6,23.74
2019-07-01,22.5,28.5,0.0,0.0,0.0,15.8,29.71
2019-07-02,24.4,30.4,0.0,0.0,0.0,13.8,29.46
2019-07-03,26.4,32.9,0.0,0.0,0.0,12.7,29.7
2019-07-04,27.1,31.7,0.0,0.0,3.0,14.5,28.81
2019-07-05,26.0,30.6,0.3,0.0,5.0,15.2,27.19
2019-07-06,25.1,29.2,0.0,0.0,8.0,13.7,27.21
2019-07-07,25.7,31.3,0.0,0.0,0.0,14.6,29.43
2019-07-08,26.2,32.9,0.0,0.0,7.0,9.1,28.71
2019-07-09,27.9,32.3,0.0,0.0,7.0,9.8,28.09
2019-07-10,25.7,29.7,0.9,0.0,42.0,15.8,24.34
2019-07-11,20.6,22.9,21.6,0.0,80.0,13.2,6.73
2019-07-12,21.4,25.1,0.0,0.0,26.0,11.4,25.08
2019-07-13,22.6,26.9,0.0,0.0,47.0,9.4,26.11
2019-07-14,19.9,22.7,2.7,0.0,92.0,6.1,13.83
2019-07-15,20.3,23.7,5.9,0.0,62.0,10.7,18.12
2019-07-16,22.5,27.7,0.0,0.0,19.0,14.7,27.91
2019-07-17,21.8,24.3,2.8,0.0,71.0,16.3,14.95
2019-07-18,23.2,26.5,0.0,0.0,32.0,12.1,22.53
2019-07-19,24.0,29.7,0.0,0.0,8.0,16.8,26.95
2019-07-20,24.8,30.1,0.0,0.0,27.0,13.9,23.96
2019-07-21,24.6,29.9,0.0,0.0,5.0,18.4,28.0
2019-07-22,24.7,30.4,0.0,0.0,1.0,18.8,28.32
2019-07-23,25.2,30.9,0.0,0.0,1.0,17.8,28.16
2019-07-24,23.7,26.5,1.5,0.0,27.0,12.6,20.93
2019-07-25,23.9,28.1,0.0,0.0,25.0,16.1,22.44
2019-07-26,24.7,31.0,0.0,0.0,0.0,15.4,28.18
2019-07-27,25.1,31.3,0.0,0.0,0.0,15.3,28.16
2019-07-28,25.3,30.2,0.0,0.0,8.0,12.5,26.89
2019-07-29,26.9,33.1,0.0,0.0,13.0,11.3,26.61
2019-07-30,26.4,30.6,0.0,0.0,15.0,10.9,23.76
2019-07-31,27.3,31.8,0.0,0.0,8.0,13.8,25.51
2019-08-01,27.4,33.3,0.0,0.0,3.0,17.6,26.45
2019-08-02,26.9,30.8,0.3,0.0,7.0,13.8,23.9
2019-08-03,28.1,33.9,0.0,0.0,0.0,8.3,26.83
2019-08-04,25.4,27.8,1.6,0.0,25.0,16.3,20.56
2019-08-05,23.5,28.2,0.0,0.0,16.0,17.4,23.23
2019-08-06,23.6,29.8,0.0,0.0,0.0,19.0,27.37
2019-08-07,24.1,31.8,0.0,0.0,0.0,15.5,27.44
2019-08-08,25.1,32.3,0.0,0.0,0.0,13.0,27.18
2019-08-09,25.7,32.3,0.0,0.0,0.0,15.2,27.11
2019-08-10,26.0,33.0,0.0,0.0,0.0,19.4,26.32
2019-08-11,26.6,33.1,0.0,0.0,2.0,19.7,26.28
2019-08-12,26.9,34.1,0.0,0.0,7.0,20.0,26.01
2019-08-13,26.9,34.2,0.0,0.0,1.0,15.5,25.83
2019-08-14,26.1,31.2,0.0,0.0,21.0,10.9,23.19
2019-08-15,26.2,28.9,0.0,0.0,79.0,14.2,14.89
2019-08-16,25.1,27.6,0.6,0.0,39.0,15.5,17.44
2019-08-17,22.1,26.6,13.6,0.0,64.0,12.4,16.48
2019-08-18,21.3,25.0,2.6,0.0,41.0,14.4,18.76
2019-08-19,22.1,27.0,0.0,0.0,30.0,16.1,17.8
2019-08-20,23.0,28.0,0.0,0.0,12.0,17.1,21.27
2019-08-21,22.9,24.7,1.2,0.0,72.0,9.0,8.85
2019-08-22,25.7,30.1,0.0,0.0,38.0,14.1,20.15
2019-08-23,25.8,29.8,0.0,0.0,36.0,15.8,19.74
2019-08-24,26.8,32.8,0.0,0.0,13.0,16.9,23.81
2019-08-25,26.7,32.7,0.0,0.0,5.0,17.1,23.25
2019-08-26,27.4,33.4,0.0,0.0,12.0,19.7,22.97
2019-08-27,26.6,32.6,0.0,0.0,16.0,20.2,22.87
2019-08-28,25.5,31.4,0.0,0.0,7.0,19.0,23.3
2019-08-29,24.6,30.5,0.0,0.0,19.0,16.7,20.07
2019-08-30,23.7,29.3,0.0,0.0,20.0,18.4,21.67
2019-08-31,23.5,29.1,0.0,0.0,12.0,17.2,22.18
2019-09-01,23.5,30.2,0.0,0.0,17.0,15.3,20.51
2019-09-02,25.2,31.3,0.0,0.0,15.0,16.2,20.97
2019-09-03,24.9,31.0,0.0,0.0,14.0,17.5,20.7
2019-09-04,24.3,30.9,0.0,0.0,11.0,21.1,20.95
2019-09-05,24.0,30.8,0.0,0.0,3.0,20.0,22.54
2019-09-06,23.4,28.2,0.0,0.0,34.0,19.2,18.91
2019-09-07,22.2,29.0,0.0,0.0,3.0,16.9,21.95
2019-09-08,22.8,29.8,0.0,0.0,3.0,18.5,21.83
2019-09-09,22.5,29.0,0.0,0.0,6.0,15.2,21.7
2019-09-10,23.0,29.9,0.0,0.0,25.0,17.5,20.89
2019-09-11,24.2,30.6,0.0,0.0,34.0,17.0,18.72
2019-09-12,23.2,28.7,0.0,0.0,30.0,16.1,19.47
2019-09-13,22.6,27.5,0.0,0.0,54.0,22.6,18.19
2019-09-14,22.6,27.6,0.0,0.0,20.0,21.6,18.02
2019-09-15,21.9,26.4,0.0,0.0,24.0,21.4,13.63
2019-09-16,21.3,26.3,0.0,0.0,44.0,12.3,14.18
2019-09-17,22.1,28.7,0.0,0.0,28.0,9.3,20.73
2019-09-18,23.9,32.6,0.0,0.0,0.0,12.1,20.8
2019-09-19,23.7,29.5,0.0,0.0,1.0,15.4,19.98
2019-09-20,18.5,20.8,4.8,0.0,73.0,17.1,9.28
2019-09-21,17.4,21.1,0.0,0.0,44.0,19.6,14.69
2019-09-22,16.4,23.8,0.0,0.0,0.0,12.6,19.98
2019-09-23,17.8,24.6,0.0,0.0,22.0,8.4,19.0
2019-09-24,21.2,28.7,0.3,0.0,64.0,10.2,17.81
2019-09-25,21.0,24.8,0.1,0.0,43.0,10.8,14.59
2019-09-26,21.6,27.2,0.0,0.0,7.0,10.0,17.47
2019-09-27,21.0,24.4,0.3,0.0,37.0,9.5,10.4
2019-09-28,20.7,26.4,0.0,0.0,5.0,12.5,18.07
2019-09-29,20.7,27.2,0.0,0.0,2.0,9.1,18.15
2019-09-30,20.9,28.6,0.0,0.0,2.0,8.3,17.98
2019-10-01,21.9,29.3,0.0,0.0,0.0,13.0,17.49
2019-10-02,22.4,30.5,0.0,0.0,7.0,9.5,17.09
2019-10-03,23.7,32.2,0.0,0.0,9.0,13.0,16.22
2019-10-04,25.8,34.0,0.0,0.0,35.0,15.5,16.07
2019-10-05,19.9,24.6,4.9,0.0,71.0,14.3,8.79
2019-10-06,16.8,19.2,23.7,0.0,54.0,14.5,7.92
2019-10-07,16.0,22.6,3.1,0.0,52.0,13.3,15.12
2019-10-08,16.1,16.9,10.8,0.0,95.0,10.9,2.93
2019-10-09,17.0,22.6,0.0,0.0,10.0,8.5,15.83
2019-10-10,18.7,24.5,0.0,0.0,25.0,9.8,15.75
2019-10-11,19.3,23.8,0.0,0.0,35.0,11.4,12.24
2019-10-12,19.9,25.1,0.0,0.0,30.0,12.0,14.06
2019-10-13,19.0,25.5,0.0,0.0,7.0,9.2,15.31
2019-10-14,19.1,25.2,0.0,0.0,6.0,6.8,15.08
2019-10-15,19.4,24.8,0.0,0.0,36.0,6.6,14.18
2019-10-16,19.3,22.3,0.1,0.0,62.0,6.2,10.02
2019-10-17,19.5,23.1,0.0,0.0,48.0,10.0,11.39
2019-10-18,19.8,23.8,0.0,0.0,40.0,8.0,10.05
2019-10-19,19.4,24.4,0.0,0.0,36.0,7.4,13.6
2019-10-20,18.4,23.6,0.0,0.0,13.0,7.3,13.98
2019-10-21,18.4,23.6,0.0,0.0,19.0,13.0,12.35
2019-10-22,18.1,22.1,0.0,0.0,55.0,13.5,8.77
2019-10-23,18.1,23.2,0.0,0.0,34.0,14.7,11.98
2019-10-24,16.9,23.3,0.0,0.0,13.0,10.0,12.86
2019-10-25,16.4,22.7,0.0,0.0,16.0,9.8,12.46
2019-10-26,17.0,21.5,0.0,0.0,48.0,13.8,9.45
2019-10-27,16.9,20.9,0.0,0.0,50.0,12.1,8.69
2019-10-28,15.7,20.8,0.0,0.0,35.0,8.0,11.93
2019-10-29,16.2,20.8,0.0,0.0,56.0,6.5,8.82
2019-10-30,15.7,21.2,0.0,0.0,32.0,8.5,10.52
2019-10-31,14.8,17.6,6.3,0.0,79.0,5.4,5.68
2019-11-01,14.5,15.5,4.6,0.0,83.0,12.7,2.73
2019-11-02,12.4,17.9,0.0,0.0,11.0,9.9,12.51
2019-11-03,13.7,21.8,0.0,0.0,25.0,8.2,12.34
2019-11-04,18.5,24.7,0.0,0.0,75.0,10.7,9.87
2019-11-05,20.7,25.2,0.0,0.0,34.0,15.1,9.58
2019-11-06,19.3,26.9,0.0,0.0,6.0,11.5,11.52
2019-11-07,18.9,26.8,0.0,0.0,49.0,9.3,11.65
2019-11-08,18.2,26.1,0.0,0.0,11.0,8.1,11.58
2019-11-09,17.7,25.5,0.0,0.0,6.0,7.8,10.67
2019-11-10,17.4,25.7,0.0,0.0,17.0,8.8,11.13
2019-11-11,17.1,21.5,0.7,0.0,70.0,8.4,3.87
2019-11-12,16.6,24.4,0.0,0.0,14.0,7.8,10.85
2019-11-13,18.2,25.0,0.0,0.0,73.0,10.7,9.14
2019-11-14,16.5,20.7,1.3,0.0,94.0,6.5,4.18
2019-11-15,15.7,21.1,0.0,0.0,31.0,6.8,10.08
2019-11-16,15.2,21.5,0.0,0.0,7.0,8.6,10.04
2019-11-17,14.7,21.3,0.0,0.0,2.0,8.7,10.22
2019-11-18,14.9,21.5,0.0,0.0,47.0,7.7,8.91
2019-11-19,14.7,21.6,0.0,0.0,25.0,7.7,9.84
2019-11-20,13.1,20.8,0.0,0.0,21.0,8.9,10.27
2019-11-21,14.2,21.1,0.0,0.0,36.0,8.4,9.73
2019-11-22,14.0,18.7,0.2,0.0,98.0,5.9,8.8
2019-11-23,14.2,18.1,0.1,0.0,78.0,5.6,8.19
2019-11-24,13.4,17.3,0.0,0.0,38.0,6.8,7.66
2019-11-25,13.5,18.1,3.1,0.0,94.0,8.3,5.25
2019-11-26,14.7,17.1,5.7,0.0,91.0,9.4,5.67
2019-11-27,13.0,13.9,4.9,0.0,88.0,6.2,3.07
2019-11-28,13.8,18.8,0.0,0.0,56.0,11.5,8.1
2019-11-29,16.1,18.5,11.2,0.0,67.0,15.9,5.12
2019-11-30,14.3,20.1,3.4,0.0,56.0,10.5,7.98
2019-12-01,10.5,14.1,19.4,0.0,94.0,11.5,1.71
2019-12-02,8.5,12.8,0.0,0.0,41.0,7.8,8.79
2019-12-03,9.1,13.5,0.0,0.0,53.0,6.0,8.46
2019-12-04,7.8,9.2,17.3,0.0,95.0,13.2,0.97
2019-12-05,7.2,10.2,0.0,0.0,59.0,12.5,4.71
2019-12-06,5.7,11.4,0.0,0.0,1.0,8.4,9.09
2019-12-07,6.2,11.0,0.3,0.0,28.0,8.2,8.6
2019-12-08,9.2,10.8,1.9,0.0,86.0,7.1,3.29
2019-12-09,8.2,12.0,0.0,0.0,33.0,6.4,7.33
2019-12-10,8.4,13.8,0.0,0.0,3.0,7.8,8.66
2019-12-11,7.7,12.4,1.6,0.0,77.0,11.0,5.83
2019-12-12,10.2,13.2,1.4,0.0,98.0,7.3,4.9
2019-12-13,11.3,15.2,2.7,0.0,68.0,6.8,7.02
2019-12-14,13.0,19.2,0.4,0.0,48.0,11.4,8.07
2019-12-15,11.5,15.1,0.0,0.0,66.0,8.2,4.82
2019-12-16,9.2,16.1,0.0,0.0,33.0,8.5,8.23
2019-12-17,9.0,16.7,0.0,0.0,4.0,8.1,8.56
2019-12-18,9.6,17.2,0.0,0.0,0.0,7.8,8.65
2019-12-19,9.7,16.5,0.0,0.0,24.0,6.8,8.56
2019-12-20,9.2,16.2,0.0,0.0,91.0,7.3,7.26
2019-12-21,12.0,17.9,0.0,0.0,36.0,13.7,7.11
2019-12-22,16.5,20.7,0.0,0.0,69.0,16.5,7.94
2019-12-23,14.4,16.3,0.1,0.0,89.0,12.6,5.34
2019-12-24,10.4,11.3,12.4,0.0,100.0,9.5,1.54
2019-12-25,9.4,10.8,7.4,0.0,97.0,6.2,4.42
2019-12-26,8.5,9.4,10.6,0.0,97.0,12.1,2.0
2019-12-27,7.1,8.2,3.4,0.0,75.0,6.1,5.86
2019-12-28,5.9,7.1,2.1,0.0,94.0,6.9,5.51
2019-12-29,5.5,5.9,3.5,0.21,95.0,11.1,4.19
2019-12-30,7.0,8.2,12.7,0.0,100.0,17.3,1.62
2019-12-31,7.7,8.1,10.4,0.0,100.0,13.0,1.5
2020-01-01,6.1,6.7,5.9,0.14,84.0,9.1,1.8
2020-01-02,5.3,8.0,0.8,0.14,49.0,14.4,5.99
2020-01-03,4.6,7.9,0.0,0.0,58.0,10.7,5.22
2020-01-04,5.4,9.3,0.0,0.0,43.0,8.6,7.68
2020-01-05,4.1,7.7,0.0,0.0,86.0,8.8,4.3
2020-01-06,5.7,6.2,18.0,1.33,100.0,17.1,1.26
2020-01-07,5.9,6.6,27.2,2.38,100.0,15.3,1.05
2020-01-08,5.3,6.0,9.9,0.98,88.0,14.7,2.01
2020-01-09,4.7,7.4,1.4,0.56,75.0,9.6,4.94
2020-01-10,4.8,9.8,0.0,0.0,9.0,6.0,8.51
2020-01-11,5.8,12.2,0.0,0.0,14.0,6.8,9.22
2020-01-12,6.9,9.3,0.6,0.0,88.0,7.4,3.87
2020-01-13,7.2,11.2,0.0,0.0,44.0,6.9,7.75
2020-01-14,5.1,9.4,0.0,0.0,58.0,5.7,7.66
2020-01-15,6.2,11.8,0.0,0.0,30.0,8.7,8.79
2020-01-16,6.7,10.9,0.0,0.0,46.0,12.3,8.24
2020-01-17,7.5,8.9,0.1,0.0,84.0,13.8,4.08
2020-01-18,7.3,9.4,0.4,0.0,74.0,12.3,5.81
2020-01-19,5.7,7.9,0.1,0.0,53.0,10.4,7.25
2020-01-20,5.2,6.6,7.1,0.63,85.0,12.2,4.32
2020-01-21,3.9,4.8,1.6,1.05,86.0,9.4,4.58
2020-01-22,4.4,9.4,0.0,0.0,52.0,7.1,9.65
2020-01-23,4.2,6.9,1.7,0.0,38.0,14.4,6.69
2020-01-24,4.8,8.8,0.1,0.0,26.0,6.9,9.18
2020-01-25,5.5,12.4,0.0,0.0,4.0,8.7,11.12
2020-01-26,7.8,14.2,0.0,0.0,51.0,8.4,9.69
2020-01-27,10.4,16.5,0.0,0.0,79.0,8.1,7.92
2020-01-28,9.9,11.4,15.8,0.0,80.0,7.7,2.4
2020-01-29,10.5,15.8,1.2,0.0,65.0,16.8,9.55
2020-01-30,8.1,10.5,10.4,0.0,90.0,9.9,2.8
2020-01-31,5.8,10.4,0.8,0.07,47.0,11.8,11.12
2020-02-01,10.3,14.8,0.6,0.0,61.0,9.8,5.75
2020-02-02,10.7,18.8,0.0,0.0,1.0,10.6,11.73
2020-02-03,12.3,17.3,0.3,0.0,57.0,19.1,8.79
2020-02-04,14.3,17.9,0.1,0.0,82.0,11.7,7.57
2020-02-05,14.8,19.7,14.6,0.0,66.0,14.2,8.5
2020-02-06,6.2,10.7,16.1,2.38,100.0,11.6,2.95
2020-02-07,3.9,5.9,3.5,2.17,86.0,13.4,7.51
2020-02-08,0.4,3.4,10.1,7.0,72.0,15.1,8.32
2020-02-09,0.4,2.7,0.7,0.84,43.0,6.5,9.1
2020-02-10,0.9,8.9,0.0,0.0,33.0,8.1,13.43
2020-02-11,8.6,14.9,0.0,0.0,51.0,15.8,10.86
2020-02-12,8.7,10.1,15.2,0.0,90.0,9.2,3.69
2020-02-13,7.8,12.2,0.2,0.0,22.0,7.4,13.82
2020-02-14,7.7,14.7,0.1,0.0,80.0,10.5,11.04
2020-02-15,9.6,10.5,8.3,0.0,100.0,10.3,3.78
2020-02-16,8.6,10.2,0.9,0.0,85.0,13.8,6.24
2020-02-17,8.2,13.3,0.0,0.0,26.0,8.6,13.33
2020-02-18,7.3,14.2,0.0,0.0,4.0,7.4,14.37
2020-02-19,8.3,14.8,0.0,0.0,47.0,7.0,13.89
2020-02-20,8.5,10.6,11.7,0.0,96.0,5.9,5.1
2020-02-21,7.6,8.8,11.0,0.0,99.0,12.6,3.65
2020-02-22,6.8,8.7,1.6,0.0,79.0,17.7,10.26
2020-02-23,6.7,10.4,0.0,0.0,47.0,9.4,11.25
2020-02-24,8.9,15.9,0.4,0.0,51.0,13.2,13.33
2020-02-25,9.5,15.9,0.2,0.0,19.0,8.6,16.08
2020-02-26,14.1,23.2,0.0,0.0,46.0,14.9,16.1
2020-02-27,15.8,21.4,8.6,0.0,73.0,21.6,12.48
2020-02-28,10.4,14.9,2.4,0.0,67.0,14.2,12.66
2020-02-29,8.3,10.2,13.3,0.0,96.0,12.6,2.96
2020-03-01,8.5,13.5,0.0,0.0,55.0,5.0,12.11
2020-03-02,11.2,20.0,0.0,0.0,20.0,14.5,16.87
2020-03-03,15.8,24.8,0.0,0.0,10.0,11.8,17.06
2020-03-04,15.5,21.5,0.0,0.0,80.0,6.6,12.75
2020-03-05,13.9,16.6,12.0,0.0,99.0,6.8,6.65
2020-03-06,12.8,16.2,14.1,0.0,84.0,9.3,8.35
2020-03-07,14.4,22.2,0.0,0.0,29.0,9.5,17.5
2020-03-08,17.3,23.7,0.0,0.0,84.0,9.1,13.38
2020-03-09,15.8,22.5,0.0,0.0,60.0,8.3,17.58
2020-03-10,12.1,13.3,12.1,0.0,96.0,8.4,3.68
2020-03-11,12.2,16.6,0.2,0.0,52.0,8.1,13.58
2020-03-12,12.6,18.7,0.0,0.0,0.0,13.2,18.77
2020-03-13,12.7,18.1,0.0,0.0,1.0,9.4,19.06
2020-03-14,12.1,17.9,0.0,0.0,32.0,9.1,18.77
2020-03-15,9.3,10.9,4.1,0.0,100.0,13.7,6.39
2020-03-16,6.2,7.2,3.3,0.14,83.0,21.4,7.65
2020-03-17,5.5,9.7,0.0,0.0,25.0,13.7,18.13
2020-03-18,4.6,9.6,1.0,0.14,27.0,19.3,16.78
2020-03-19,6.1,8.4,3.9,0.84,82.0,17.7,11.0
2020-03-20,7.4,10.8,0.0,0.0,56.0,11.2,12.3
2020-03-21,8.8,15.8,0.0,0.0,15.0,5.2,20.42
2020-03-22,11.8,18.9,0.0,0.0,61.0,9.5,19.55
2020-03-23,10.7,12.8,1.9,0.0,100.0,10.1,8.66
2020-03-24,10.0,11.9,1.7,0.0,99.0,13.0,8.46
2020-03-25,9.0,10.6,0.0,0.0,96.0,15.5,9.37
2020-03-26,11.0,15.8,0.0,0.0,98.0,14.9,19.12
2020-03-27,10.4,12.7,0.6,0.0,100.0,8.7,10.2
2020-03-28,9.1,9.8,12.3,0.0,100.0,6.9,3.9
2020-03-29,9.2,10.3,20.6,0.0,100.0,14.8,3.55
2020-03-30,12.0,16.8,0.2,0.0,51.0,8.1,19.52
2020-03-31,11.0,15.4,0.7,0.0,67.0,15.4,17.83
2020-04-01,9.2,10.9,0.0,0.0,92.0,11.5,7.57
2020-04-02,9.7,13.9,19.1,0.0,75.0,12.4,12.1
2020-04-03,8.2,11.1,4.8,0.0,94.0,9.2,8.89
2020-04-04,10.8,14.6,1.7,0.0,100.0,11.5,6.51
2020-04-05,13.8,17.0,14.8,0.0,91.0,13.4,11.88
2020-04-06,10.5,11.9,3.3,0.0,97.0,14.1,6.46
2020-04-07,10.6,13.7,0.0,0.0,69.0,22.2,19.73
2020-04-08,9.5,14.2,0.0,0.0,70.0,18.0,19.32
2020-04-09,9.7,13.9,0.0,0.0,52.0,14.4,15.11
2020-04-10,11.4,17.6,0.0,0.0,6.0,9.4,24.51
2020-04-11,13.2,20.6,0.0,0.0,6.0,10.4,24.21
2020-04-12,12.6,17.4,0.0,0.0,4.0,12.5,24.69
2020-04-13,11.9,18.3,0.0,0.0,5.0,6.1,24.85
2020-04-14,16.3,24.3,0.0,0.0,84.0,15.8,23.4
2020-04-15,13.0,15.7,5.8,0.0,98.0,14.4,12.32
2020-04-16,11.0,14.9,1.1,0.0,38.0,14.1,23.18
2020-04-17,12.6,19.9,0.0,0.0,34.0,6.8,25.39
2020-04-18,15.6,23.3,0.0,0.0,10.0,7.9,25.16
2020-04-19,17.0,25.1,0.0,0.0,40.0,7.6,23.58
2020-04-20,15.5,20.7,0.0,0.0,73.0,11.9,22.44
2020-04-21,12.1,13.1,3.7,0.0,99.0,13.4,5.71
2020-04-22,10.6,12.3,0.1,0.0,93.0,18.1,9.0
2020-04-23,10.7,16.4,0.0,0.0,53.0,18.7,21.61
2020-04-24,12.0,17.7,0.0,0.0,41.0,15.9,25.83
2020-04-25,12.0,17.2,0.0,0.0,24.0,6.9,25.88
2020-04-26,15.0,23.1,0.0,0.0,24.0,10.1,25.39
2020-04-27,16.2,21.0,0.2,0.0,31.0,9.5,23.61
2020-04-28,16.3,22.3,0.0,0.0,4.0,9.4,25.29
2020-04-29,17.1,23.8,0.1,0.0,65.0,8.0,22.15
2020-04-30,17.5,21.6,3.8,0.0,53.0,9.8,20.77
2020-05-01,18.1,23.1,0.5,0.0,44.0,10.3,23.14
2020-05-02,18.7,23.6,0.3,0.0,52.0,8.6,22.99
2020-05-03,16.3,18.1,14.3,0.0,99.0,6.0,11.4
2020-05-04,14.0,14.9,15.3,0.0,99.0,13.2,7.12
2020-05-05,14.6,17.6,4.1,0.0,83.0,6.6,11.35
2020-05-06,16.8,23.3,0.1,0.0,23.0,12.5,24.28
2020-05-07,12.6,15.6,4.4,0.0,72.0,9.5,13.45
2020-05-08,13.7,19.1,0.0,0.0,8.0,12.6,24.88
2020-05-09,15.4,21.0,0.0,0.0,8.0,8.4,27.6
2020-05-10,17.0,25.1,0.0,0.0,17.0,6.1,27.67
2020-05-11,21.4,29.5,0.0,0.0,30.0,9.9,26.9
2020-05-12,23.8,32.4,0.0,0.0,8.0,16.4,27.76
2020-05-13,21.1,25.0,0.0,0.0,1.0,9.6,27.12
2020-05-14,20.9,27.8,0.0,0.0,60.0,6.4,25.56
2020-05-15,25.9,34.1,0.0,0.0,40.0,9.3,26.96
2020-05-16,25.1,30.9,0.0,0.0,43.0,8.8,27.17
2020-05-17,25.0,33.3,0.0,0.0,73.0,7.9,26.62
2020-05-18,24.4,29.5,0.0,0.0,91.0,11.5,25.52
2020-05-19,24.1,31.2,0.0,0.0,36.0,8.9,27.51
2020-05-20,25.1,31.9,0.0,0.0,77.0,7.9,23.75
2020-05-21,22.1,25.3,0.1,0.0,55.0,12.1,23.34
2020-05-22,14.2,17.2,10.8,0.0,73.0,15.5,9.19
2020-05-23,12.5,15.8,1.5,0.0,38.0,13.8,19.47
2020-05-24,14.9,20.0,0.0,0.0,1.0,7.9,29.08
2020-05-25,15.6,18.4,3.3,0.0,44.0,9.7,16.78
2020-05-26,15.9,19.1,0.5,0.0,66.0,12.4,18.13
2020-05-27,14.1,15.2,13.9,0.0,88.0,13.6,10.26
2020-05-28,14.8,18.2,2.0,0.0,65.0,7.6,17.49
2020-05-29,15.9,19.4,4.1,0.0,57.0,10.3,22.5
2020-05-30,17.7,23.1,1.2,0.0,38.0,9.5,25.41
2020-05-31,19.0,24.4,0.0,0.0,40.0,9.8,24.66
2020-06-01,17.5,19.9,3.6,0.0,69.0,7.7,18.84
2020-06-02,16.9,19.9,4.1,0.0,75.0,7.4,20.07
2020-06-03,16.4,19.5,9.6,0.0,49.0,7.4,18.28
2020-06-04,19.7,25.8,1.3,0.0,18.0,10.7,25.84
2020-06-05,22.7,29.4,0.0,0.0,26.0,9.9,29.41
2020-06-06,23.6,30.5,0.0,0.0,56.0,9.0,26.93
2020-06-07,23.5,27.9,0.0,0.0,5.0,10.8,27.87
2020-06-08,22.4,26.5,0.0,0.0,23.0,9.3,27.62
2020-06-09,23.9,29.7,0.0,0.0,29.0,8.0,28.36
2020-06-10,24.0,28.8,1.2,0.0,36.0,8.1,25.72
2020-06-11,22.6,26.5,2.1,0.0,31.0,8.9,24.07
2020-06-12,21.0,25.2,1.4,0.0,50.0,11.3,22.8
2020-06-13,20.3,24.0,1.3,0.0,73.0,10.5,22.82
2020-06-14,21.6,26.6,1.8,0.0,83.0,9.8,17.87
2020-06-15,24.2,28.4,3.5,0.0,51.0,13.5,24.52
2020-06-16,25.1,29.8,0.6,0.0,22.0,9.0,24.87
2020-06-17,24.6,28.9,2.1,0.0,35.0,7.6,23.27
2020-06-18,21.6,24.6,4.5,0.0,72.0,8.5,21.32
2020-06-19,21.4,25.5,4.9,0.0,58.0,8.8,19.6
2020-06-20,24.0,28.1,2.6,0.0,32.0,11.2,25.9
2020-06-21,23.0,28.6,0.1,0.0,22.0,9.7,25.39
2020-06-22,22.9,26.7,0.8,0.0,34.0,6.7,23.62
2020-06-23,21.2,23.7,14.5,0.0,74.0,6.5,17.53
2020-06-24,22.5,26.3,0.1,0.0,23.0,10.4,22.14
2020-06-25,23.4,27.0,0.0,0.0,24.0,12.9,21.17
2020-06-26,23.7,27.8,0.1,0.0,38.0,17.3,19.66
2020-06-27,23.6,29.1,0.0,0.0,14.0,16.3,28.13
2020-06-28,23.7,29.8,0.0,0.0,7.0,15.3,29.22
2020-06-29,24.1,29.0,0.0,0.0,0.0,13.0,29.82
2020-06-30,24.8,29.8,0.0,0.0,1.0,9.0,29.76
2020-07-01,26.5,31.8,0.0,0.0,0.0,13.7,29.21
2020-07-02,26.7,32.3,0.0,0.0,0.0,14.3,29.22
2020-07-03,26.2,31.5,0.0,0.0,2.0,10.4,28.6
2020-07-04,26.4,31.4,0.0,0.0,24.0,13.0,26.78
2020-07-05,26.6,31.6,0.0,0.0,17.0,17.0,26.79
2020-07-06,27.2,33.2,0.0,0.0,28.0,16.5,26.83
2020-07-07,27.0,31.4,0.0,0.0,46.0,10.9,25.98
2020-07-08,23.7,25.3,7.3,0.0,79.0,17.1,9.5
2020-07-09,23.6,27.9,0.0,0.0,36.0,19.5,25.31
2020-07-10,23.0,28.6,0.0,0.0,1.0,18.4,29.2
2020-07-11,24.3,30.3,0.0,0.0,6.0,14.8,28.39
2020-07-12,24.6,29.3,0.0,0.0,32.0,17.7,25.03
2020-07-13,22.7,25.9,0.9,0.0,46.0,17.6,22.3
2020-07-14,22.4,25.6,0.3,0.0,68.0,18.8,19.26
2020-07-15,21.5,24.5,0.0,0.0,77.0,13.4,16.93
2020-07-16,22.3,26.1,0.0,0.0,32.0,15.5,22.94
2020-07-17,22.5,26.9,0.0,0.0,36.0,14.7,21.05
2020-07-18,24.3,30.0,0.0,0.0,19.0,15.0,26.62
2020-07-19,25.1,29.2,0.0,0.0,29.0,11.7,22.74
2020-07-20,24.8,28.6,0.0,0.0,27.0,12.1,23.08
2020-07-21,25.1,29.2,0.0,0.0,21.0,17.3,25.11
2020-07-22,24.5,30.3,0.0,0.0,8.0,18.7,26.63
2020-07-23,25.8,31.7,0.0,0.0,2.0,20.1,28.07
2020-07-24,25.9,31.9,0.0,0.0,8.0,19.5,27.18
2020-07-25,24.6,30.8,0.0,0.0,4.0,14.2,27.53
2020-07-26,25.3,30.0,0.0,0.0,22.0,13.0,26.11
2020-07-27,25.8,30.4,0.0,0.0,6.0,15.6,26.83
2020-07-28,26.5,31.3,0.0,0.0,3.0,17.5,27.05
2020-07-29,27.1,33.7,0.0,0.0,0.0,18.0,27.74
2020-07-30,26.9,32.9,0.0,0.0,0.0,17.3,27.63
2020-07-31,26.3,31.8,0.0,0.0,1.0,15.3,27.4
2020-08-01,27.3,33.1,0.0,0.0,4.0,17.1,26.8
2020-08-02,26.7,31.9,0.0,0.0,9.0,21.1,25.83
2020-08-03,24.9,31.1,0.0,0.0,0.0,17.4,27.36
2020-08-04,25.2,30.5,0.0,0.0,3.0,13.8,26.32
2020-08-05,25.7,31.3,0.0,0.0,9.0,14.6,25.45
2020-08-06,26.4,31.9,0.0,0.0,12.0,11.6,25.51
2020-08-07,27.3,32.7,0.0,0.0,9.0,9.9,24.45
2020-08-08,26.5,30.8,0.0,0.0,58.0,12.3,19.52
2020-08-09,26.8,31.0,0.5,0.0,62.0,19.3,18.88
2020-08-10,26.2,30.6,0.0,0.0,19.0,18.2,21.49
2020-08-11,26.0,31.1,0.0,0.0,20.0,18.2,22.89
2020-08-12,26.0,32.2,0.0,0.0,0.0,18.0,26.24
2020-08-13,26.3,32.0,0.0,0.0,2.0,19.6,25.09
2020-08-14,25.2,30.3,0.0,0.0,1.0,17.7,26.18
2020-08-15,24.0,31.4,0.0,0.0,0.0,17.4,26.11
2020-08-16,23.7,30.0,0.0,0.0,2.0,19.5,25.19
2020-08-17,23.4,29.4,0.0,0.0,3.0,17.7,25.18
2020-08-18,23.9,29.7,0.0,0.0,3.0,14.1,25.11
2020-08-19,24.8,29.9,0.0,0.0,7.0,11.9,24.11
2020-08-20,23.5,26.8,0.2,0.0,20.0,11.4,19.77
2020-08-21,24.1,27.7,0.5,0.0,30.0,14.7,17.14
2020-08-22,26.0,31.6,0.0,0.0,3.0,15.7,23.46
2020-08-23,25.8,31.0,0.0,0.0,4.0,17.7,24.31
2020-08-24,25.4,31.3,0.0,0.0,4.0,15.8,23.47
2020-08-25,25.7,30.4,0.0,0.0,9.0,12.2,23.22
2020-08-26,25.1,29.5,0.0,0.0,21.0,15.9,22.77
2020-08-27,25.0,30.2,0.0,0.0,4.0,13.7,23.82
2020-08-28,26.0,33.4,0.0,0.0,0.0,18.0,24.23
2020-08-29,27.2,36.1,0.0,0.0,0.0,11.6,23.72
2020-08-30,27.3,34.0,0.0,0.0,6.0,10.1,23.04
2020-08-31,26.5,32.1,0.0,0.0,21.0,10.8,22.21
2020-09-01,26.6,33.1,0.0,0.0,9.0,9.1,22.53
2020-09-02,26.8,33.5,0.0,0.0,2.0,9.8,22.69
2020-09-03,27.2,33.8,0.0,0.0,5.0,11.1,22.11
2020-09-04,24.0,27.6,1.8,0.0,51.0,18.6,16.22
2020-09-05,21.9,24.6,2.6,0.0,55.0,13.4,11.75
2020-09-06,22.7,28.0,0.0,0.0,19.0,15.1,17.44
2020-09-07,24.2,30.8,0.0,0.0,1.0,14.4,21.8
2020-09-08,24.5,30.4,0.0,0.0,7.0,17.5,20.3
2020-09-09,25.3,30.9,0.0,0.0,18.0,20.1,17.4
2020-09-10,24.7,30.9,0.0,0.0,10.0,18.0,21.12
2020-09-11,24.6,31.6,0.0,0.0,15.0,18.2,19.98
2020-09-12,24.9,30.9,0.0,0.0,36.0,17.4,19.12
2020-09-13,24.2,28.4,8.5,0.0,55.0,13.8,12.94
2020-09-14,25.0,29.4,0.0,0.0,38.0,16.9,12.74
2020-09-15,25.2,31.0,0.0,0.0,15.0,17.3,19.31
2020-09-16,24.6,31.0,0.0,0.0,17.0,15.3,19.62
2020-09-17,23.6,29.0,0.0,0.0,24.0,9.4,18.54
2020-09-18,24.4,29.4,0.3,0.0,24.0,14.2,16.86
2020-09-19,22.9,26.8,0.0,0.0,35.0,18.8,16.95
2020-09-20,20.4,22.6,2.4,0.0,71.0,14.1,9.64
2020-09-21,21.8,24.9,0.0,0.0,60.0,14.0,10.88
2020-09-22,22.0,27.8,0.0,0.0,24.0,13.4,15.85
2020-09-23,22.1,25.9,0.0,0.0,30.0,8.3,14.46
2020-09-24,23.3,29.8,0.0,0.0,38.0,10.1,17.84
2020-09-25,23.5,27.9,0.0,0.0,48.0,7.5,14.82
2020-09-26,26.3,33.9,0.0,0.0,14.0,13.0,16.6
2020-09-27,25.6,29.6,0.4,0.0,22.0,14.3,15.38
2020-09-28,24.2,32.2,0.0,0.0,17.0,8.9,17.82
2020-09-29,24.0,30.1,5.6,0.0,27.0,11.1,13.27
2020-09-30,19.0,21.6,1.3,0.0,40.0,8.7,11.25
2020-10-01,18.7,23.6,0.0,0.0,33.0,10.2,14.41
2020-10-02,19.9,26.1,0.0,0.0,6.0,7.4,17.51
2020-10-03,20.8,28.0,0.0,0.0,24.0,7.1,17.43
2020-10-04,22.3,31.1,0.0,0.0,1.0,6.6,17.11
2020-10-05,24.9,35.2,0.0,0.0,27.0,7.9,16.03
2020-10-06,26.4,34.0,0.0,0.0,22.0,6.5,16.39
2020-10-07,26.2,32.1,0.2,0.0,67.0,6.9,14.75
2020-10-08,22.8,26.9,6.9,0.0,97.0,9.3,5.11
2020-10-09,18.4,21.4,18.1,0.0,75.0,7.4,10.65
2020-10-10,17.8,21.1,3.7,0.0,45.0,8.9,10.83
2020-10-11,18.5,24.7,0.0,0.0,2.0,7.7,15.82
2020-10-12,20.1,26.3,0.0,0.0,51.0,6.8,14.52
2020-10-13,21.8,31.0,0.6,0.0,30.0,13.4,14.43
2020-10-14,21.3,25.6,0.3,0.0,30.0,12.7,11.96
2020-10-15,19.6,26.0,0.0,0.0,5.0,8.4,14.18
2020-10-16,20.5,28.4,0.0,0.0,23.0,7.6,15.06
2020-10-17,21.6,28.2,0.0,0.0,64.0,12.0,10.25
2020-10-18,19.1,21.9,12.1,0.0,94.0,6.5,6.64
2020-10-19,16.7,17.8,7.8,0.0,94.0,11.6,3.57
2020-10-20,16.5,18.0,0.5,0.0,84.0,11.3,3.33
2020-10-21,18.3,22.8,0.0,0.0,61.0,15.6,9.17
2020-10-22,18.1,24.0,0.0,0.0,6.0,8.0,13.03
2020-10-23,18.9,23.8,0.0,0.0,5.0,6.2,13.19
2020-10-24,18.9,24.8,0.0,0.0,9.0,4.8,13.09
2020-10-25,19.8,26.4,0.0,0.0,54.0,6.6,11.41
2020-10-26,18.6,22.6,0.0,0.0,14.0,8.4,12.18
2020-10-27,18.0,23.6,0.0,0.0,26.0,9.4,12.06
2020-10-28,18.6,22.8,0.9,0.0,75.0,7.4,8.24
2020-10-29,17.9,19.6,11.7,0.0,52.0,9.0,9.38
2020-10-30,15.9,18.9,23.5,0.0,55.0,12.2,8.51
2020-10-31,13.1,15.8,4.4,0.0,53.0,9.1,5.68
2020-11-01,11.8,14.6,2.3,0.0,47.0,9.6,9.29
2020-11-02,10.9,17.4,0.0,0.0,2.0,5.6,12.41
2020-11-03,12.2,16.3,1.6,0.0,66.0,5.1,10.38
2020-11-04,14.1,15.8,7.1,0.0,79.0,10.0,5.9
2020-11-05,14.8,16.5,1.7,0.0,73.0,9.7,5.87
2020-11-06,15.5,16.3,0.8,0.0,87.0,14.8,4.65
2020-11-07,13.9,16.0,0.3,0.0,62.0,14.4,7.82
2020-11-08,12.9,18.9,0.0,0.0,1.0,12.8,11.62
2020-11-09,13.0,19.4,0.0,0.0,1.0,8.1,11.38
2020-11-10,14.1,17.7,0.0,0.0,62.0,15.0,6.4
2020-11-11,14.8,18.0,0.0,0.0,75.0,12.6,7.24
2020-11-12,13.7,18.4,0.0,0.0,45.0,9.5,10.07
2020-11-13,12.4,16.8,0.4,0.0,20.0,6.4,9.73
2020-11-14,12.5,13.0,8.6,0.0,80.0,7.9,2.58
2020-11-15,12.6,14.9,0.0,0.0,54.0,8.8,6.22
2020-11-16,11.2,15.6,0.0,0.0,42.0,6.2,9.08
2020-11-17,11.3,16.5,0.0,0.0,11.0,7.0,9.54
2020-11-18,10.7,14.5,0.2,0.0,76.0,9.5,5.59
2020-11-19,12.3,13.6,0.3,0.0,95.0,18.6,5.59
2020-11-20,10.2,13.2,0.0,0.0,31.0,15.5,8.73
2020-11-21,10.0,13.8,0.0,0.0,51.0,13.3,6.96
2020-11-22,9.7,13.2,0.0,0.0,64.0,14.0,5.31
2020-11-23,8.8,15.1,0.0,0.0,12.0,7.3,9.82
2020-11-24,9.0,13.1,0.0,0.0,47.0,12.7,8.38
2020-11-25,10.6,13.7,0.1,0.0,61.0,16.8,5.4
2020-11-26,8.5,14.4,0.0,0.0,9.0,11.5,9.06
2020-11-27,8.6,16.6,0.0,0.0,0.0,10.2,9.66
2020-11-28,8.6,17.4,0.0,0.0,0.0,8.4,9.66
2020-11-29,8.7,16.7,0.0,0.0,83.0,9.0,7.24
2020-11-30,10.2,16.5,0.1,0.0,87.0,8.9,8.52
2020-12-01,9.2,10.5,4.1,0.0,100.0,8.4,1.49
2020-12-02,8.6,9.6,0.0,0.0,92.0,7.7,2.47
2020-12-03,9.3,13.6,0.0,0.0,34.0,6.2,8.19
2020-12-04,11.0,18.0,0.0,0.0,18.0,8.0,8.57
2020-12-05,10.9,17.5,0.0,0.0,8.0,5.5,8.4
2020-12-06,10.4,16.5,0.0,0.0,2.0,6.9,8.33
2020-12-07,10.2,16.1,1.2,0.0,46.0,8.1,7.32
2020-12-08,12.3,16.4,1.4,0.0,35.0,10.5,6.97
2020-12-09,11.3,17.6,0.0,0.0,50.0,8.9,7.57
2020-12-10,14.2,18.9,0.0,0.0,79.0,11.5,6.24
2020-12-11,13.6,16.9,4.0,0.0,75.0,12.8,7.21
2020-12-12,12.6,15.7,2.5,0.0,93.0,10.0,3.16
2020-12-13,14.4,17.0,3.1,0.0,99.0,9.6,2.97
2020-12-14,14.0,15.1,5.0,0.0,100.0,8.9,2.65
2020-12-15,11.7,13.5,9.2,0.0,100.0,10.6,0.84
2020-12-16,10.4,11.1,0.0,0.0,93.0,6.9,2.65
2020-12-17,10.2,12.7,0.0,0.0,50.0,5.4,6.65
2020-12-18,10.0,10.5,0.3,0.0,92.0,6.0,2.94
2020-12-19,9.2,11.6,0.0,0.0,70.0,7.2,3.94
2020-12-20,7.2,11.7,0.0,0.0,61.0,6.6,6.9
2020-12-21,8.4,10.2,0.0,0.0,98.0,7.6,2.59
2020-12-22,8.2,9.2,0.0,0.0,63.0,9.3,5.32
2020-12-23,7.0,8.9,0.0,0.0,64.0,4.8,4.45
2020-12-24,9.9,14.9,0.0,0.0,49.0,7.4,7.63
2020-12-25,11.6,18.3,0.0,0.0,35.0,11.9,7.73
2020-12-26,15.1,19.7,0.0,0.0,95.0,11.6,7.01
2020-12-27,13.6,19.0,0.0,0.0,68.0,8.2,6.66
2020-12-28,13.0,14.9,0.7,0.0,62.0,9.7,5.08
2020-12-29,13.0,18.6,0.0,0.0,18.0,10.5,8.28
2020-12-30,12.5,19.3,0.0,0.0,13.0,10.5,8.53
2020-12-31,12.2,18.7,0.0,0.0,35.0,8.8,7.46
2021-01-01,11.6,14.8,2.5,0.0,41.0,8.3,4.34
2021-01-02,10.2,16.5,0.0,0.0,16.0,8.4,8.49
2021-01-03,10.1,15.9,0.0,0.0,73.0,8.8,5.55
2021-01-04,11.4,17.4,0.0,0.0,71.0,10.9,7.05
2021-01-05,13.7,16.9,2.1,0.0,40.0,13.4,8.07
2021-01-06,9.4,15.1,0.0,0.0,51.0,7.6,7.08
2021-01-07,10.7,16.7,0.0,0.0,86.0,13.6,7.95
2021-01-08,14.4,20.6,0.9,0.0,75.0,13.4,8.4
2021-01-09,14.3,16.3,6.3,0.0,87.0,11.4,3.72
2021-01-10,13.6,14.3,13.8,0.0,96.0,7.1,1.71
2021-01-11,17.0,22.6,0.0,0.0,99.0,12.1,7.73
2021-01-12,17.1,22.0,10.0,0.0,89.0,8.6,6.22
2021-01-13,8.0,14.2,29.8,0.0,97.0,12.8,1.62
2021-01-14,5.0,6.9,6.7,0.35,84.0,8.8,3.14
2021-01-15,2.6,3.8,8.0,4.97,80.0,10.2,5.72
2021-01-16,-0.2,2.6,8.3,5.18,96.0,10.5,3.57
2021-01-17,1.0,2.0,16.4,11.27,98.0,11.1,4.03
2021-01-18,-1.5,0.9,2.2,1.75,52.0,6.9,9.08
2021-01-19,-3.7,1.4,0.0,0.0,42.0,9.4,10.02
2021-01-20,-1.4,4.2,0.0,0.0,32.0,9.0,10.8
2021-01-21,2.7,8.6,0.0,0.0,43.0,11.4,10.03
2021-01-22,8.5,14.3,0.0,0.0,65.0,11.2,9.94
2021-01-23,11.0,15.7,0.0,0.0,57.0,10.4,9.86
2021-01-24,12.2,15.1,2.4,0.0,62.0,16.5,6.85
2021-01-25,12.6,15.1,3.3,0.0,88.0,15.1,5.66
2021-01-26,13.8,16.4,0.7,0.0,93.0,13.9,6.76
2021-01-27,7.0,13.4,23.6,8.89,100.0,16.5,1.62
2021-01-28,2.2,3.6,7.9,5.46,78.0,9.4,8.9
2021-01-29,2.3,8.1,0.0,0.0,51.0,12.6,11.57
2021-01-30,8.1,11.6,11.4,0.0,100.0,13.4,4.82
2021-01-31,9.6,16.1,0.3,0.0,74.0,10.6,11.12
2021-02-01,15.5,20.8,0.0,0.0,96.0,14.4,10.18
2021-02-02,13.1,16.1,4.5,0.0,90.0,9.2,7.08
2021-02-03,12.7,17.6,1.4,0.0,67.0,7.3,9.4
2021-02-04,11.9,19.0,0.0,0.0,6.0,11.7,12.05
2021-02-05,11.6,17.8,0.0,0.0,4.0,7.9,11.69
2021-02-06,12.2,19.3,0.0,0.0,14.0,8.7,12.25
2021-02-07,13.1,20.3,0.0,0.0,68.0,9.2,12.19
2021-02-08,17.7,23.9,0.0,0.0,80.0,15.3,10.08
2021-02-09,17.1,20.0,2.1,0.0,41.0,18.2,10.18
2021-02-10,14.9,18.8,1.8,0.0,55.0,17.1,10.35
2021-02-11,14.8,21.2,0.0,0.0,42.0,11.8,12.39
2021-02-12,6.7,13.4,10.4,2.17,83.0,15.6,4.76
2021-02-13,2.6,5.0,0.5,0.35,79.0,10.6,9.4
2021-02-14,1.0,1.7,19.7,13.51,99.0,13.2,3.87
2021-02-15,1.9,2.7,14.4,9.45,94.0,15.5,7.29
2021-02-16,0.9,2.0,6.6,4.69,72.0,20.3,10.56
2021-02-17,1.5,3.6,1.6,1.4,68.0,11.8,12.06
2021-02-18,1.0,3.8,4.6,2.31,94.0,10.0,6.43
2021-02-19,4.2,5.3,0.6,0.0,74.0,6.5,7.4
2021-02-20,3.0,6.9,0.0,0.0,89.0,7.5,11.65
2021-02-21,4.9,11.2,0.0,0.0,32.0,9.9,15.96
2021-02-22,6.6,12.7,0.0,0.0,37.0,5.0,15.46
2021-02-23,8.0,15.6,0.0,0.0,2.0,5.2,15.21
2021-02-24,7.5,11.2,0.0,0.0,44.0,10.2,13.26
2021-02-25,8.3,11.6,0.0,0.0,62.0,12.5,9.3
2021-02-26,8.6,15.2,0.0,0.0,5.0,8.1,16.01
2021-02-27,8.8,16.3,0.0,0.0,2.0,5.2,16.22
2021-02-28,7.7,9.5,0.7,0.0,45.0,14.0,8.41
2021-03-01,6.4,11.3,0.4,0.0,23.0,10.8,16.68
2021-03-02,6.5,7.9,5.5,0.0,89.0,11.9,10.96
2021-03-03,7.3,10.8,0.0,0.0,55.0,12.1,14.07
2021-03-04,7.5,13.3,0.0,0.0,34.0,5.5,16.52
2021-03-05,10.2,20.1,0.0,0.0,4.0,10.7,18.21
2021-03-06,10.2,14.0,8.7,0.0,98.0,11.6,6.61
2021-03-07,6.5,8.2,3.0,0.0,95.0,12.5,8.08
2021-03-08,6.2,11.1,0.0,0.0,45.0,7.2,15.81
2021-03-09,8.5,15.7,0.0,0.0,33.0,10.6,18.1
2021-03-10,9.3,14.9,0.0,0.0,69.0,9.2,15.57
2021-03-11,6.9,9.6,21.4,0.35,93.0,16.2,2.7
2021-03-12,6.3,10.2,0.1,0.07,63.0,8.5,17.47
2021-03-13,8.7,15.9,0.0,0.0,52.0,7.0,17.97
2021-03-14,10.4,16.9,0.0,0.0,70.0,8.4,17.82
2021-03-15,12.4,19.1,1.3,0.0,39.0,14.0,14.96
2021-03-16,10.1,11.8,8.5,0.0,69.0,18.1,15.76
2021-03-17,7.9,9.4,7.8,0.0,64.0,14.7,10.95
2021-03-18,7.1,9.6,4.2,0.0,70.0,11.3,14.15
2021-03-19,7.0,9.2,12.0,0.0,77.0,9.0,8.76
2021-03-20,9.3,12.2,8.1,0.0,98.0,7.9,7.84
2021-03-21,9.2,10.7,12.8,0.0,99.0,8.4,5.0
2021-03-22,12.5,18.5,10.6,0.0,68.0,13.7,13.68
2021-03-23,6.6,10.6,23.8,1.47,100.0,14.5,2.68
2021-03-24,4.0,5.2,9.8,4.55,92.0,10.9,12.77
2021-03-25,3.1,4.9,5.8,2.94,89.0,9.3,10.84
2021-03-26,4.7,7.8,1.7,0.35,93.0,12.3,14.56
2021-03-27,7.9,13.1,0.0,0.0,40.0,7.0,16.99
2021-03-28,9.6,16.6,0.0,0.0,2.0,8.2,22.07
2021-03-29,9.0,13.4,0.4,0.0,36.0,10.7,15.77
2021-03-30,6.6,9.4,5.3,0.07,59.0,11.9,13.59
2021-03-31,8.1,10.1,0.4,0.07,94.0,19.4,8.92
2021-04-01,7.4,9.0,4.6,0.56,93.0,12.9,6.97
2021-04-02,10.1,15.7,0.0,0.0,50.0,9.8,20.28
2021-04-03,14.5,21.4,0.8,0.0,53.0,13.0,18.32
2021-04-04,15.0,18.7,0.5,0.0,70.0,14.3,14.18
2021-04-05,10.3,14.2,30.2,0.0,100.0,8.3,2.42
2021-04-06,16.1,22.9,2.3,0.0,57.0,9.0,19.42
2021-04-07,17.9,23.0,0.0,0.0,19.0,21.7,20.29
2021-04-08,8.0,13.0,7.9,0.14,88.0,10.5,4.42
2021-04-09,6.0,8.7,8.0,0.7,63.0,15.5,17.11
2021-04-10,7.0,10.7,0.9,0.0,20.0,16.8,20.86
2021-04-11,7.7,11.0,0.4,0.0,37.0,13.8,16.14
2021-04-12,10.2,14.2,0.0,0.0,46.0,8.5,18.26
2021-04-13,12.4,19.3,0.2,0.0,42.0,7.2,24.25
2021-04-14,16.5,21.8,1.6,0.0,55.0,19.2,21.66
2021-04-15,15.0,20.5,0.2,0.0,34.0,11.3,20.21
2021-04-16,13.0,15.2,2.8,0.0,97.0,7.3,7.82
2021-04-17,15.3,20.5,3.3,0.0,95.0,9.7,17.55
2021-04-18,16.2,19.3,2.8,0.0,99.0,6.3,16.0
2021-04-19,15.9,17.6,8.8,0.0,90.0,10.0,8.23
2021-04-20,13.5,16.8,4.2,0.0,33.0,16.2,20.2
2021-04-21,13.1,18.3,0.4,0.0,25.0,8.5,21.84
2021-04-22,13.8,19.9,0.0,0.0,7.0,8.7,24.87
2021-04-23,16.6,22.9,0.2,0.0,86.0,12.9,21.91
2021-04-24,15.4,17.1,1.3,0.0,100.0,10.1,10.1
2021-04-25,12.4,13.8,6.5,0.0,99.0,13.1,10.21
2021-04-26,11.9,15.7,0.0,0.0,71.0,9.4,10.79
2021-04-27,14.2,22.2,0.0,0.0,51.0,8.3,24.54
2021-04-28,18.5,24.8,0.0,0.0,88.0,5.6,21.06
2021-04-29,20.3,25.0,0.0,0.0,40.0,6.8,25.56
2021-04-30,21.4,27.8,0.0,0.0,29.0,9.9,25.41
2021-05-01,23.0,30.8,0.0,0.0,55.0,6.9,25.25
2021-05-02,25.5,32.3,0.2,0.0,71.0,12.0,20.28
2021-05-03,23.4,28.5,0.0,0.0,57.0,12.0,25.55
2021-05-04,20.1,24.1,1.2,0.0,76.0,14.0,22.47
2021-05-05,18.8,23.9,0.0,0.0,43.0,9.3,23.42
2021-05-06,18.8,23.5,3.4,0.0,46.0,7.7,17.77
2021-05-07,20.8,27.7,0.0,0.0,34.0,8.1,24.97
2021-05-08,19.5,23.2,0.5,0.0,79.0,13.7,18.57
2021-05-09,15.8,19.7,0.0,0.0,30.0,18.7,25.19
2021-05-10,14.2,20.7,0.0,0.0,0.0,15.9,28.17
2021-05-11,14.5,21.7,0.0,0.0,1.0,14.2,28.05
2021-05-12,16.1,23.0,0.0,0.0,13.0,8.0,28.06
2021-05-13,19.5,26.4,0.0,0.0,10.0,9.3,27.52
2021-05-14,21.1,27.2,0.0,0.0,4.0,14.1,25.75
2021-05-15,20.0,25.9,0.1,0.0,54.0,11.0,24.34
2021-05-16,18.5,21.7,6.9,0.0,62.0,9.7,21.35
2021-05-17,19.4,25.1,0.0,0.0,27.0,12.3,22.47
2021-05-18,20.3,26.0,2.9,0.0,50.0,13.8,22.15
2021-05-19,20.5,28.2,0.0,0.0,13.0,6.9,28.18
2021-05-20,22.0,28.9,0.0,0.0,19.0,18.6,27.98
2021-05-21,16.4,20.2,26.3,0.0,55.0,9.7,15.12
2021-05-22,16.1,19.7,6.7,0.0,55.0,12.3,20.19
2021-05-23,18.6,25.0,0.0,0.0,19.0,7.3,28.44
2021-05-24,21.0,27.4,0.0,0.0,14.0,9.7,28.22
2021-05-25,21.8,27.1,0.0,0.0,5.0,12.1,28.47
2021-05-26,21.4,28.0,0.0,0.0,25.0,11.9,27.89
2021-05-27,19.8,24.3,0.2,0.0,47.0,9.2,24.71
2021-05-28,18.9,21.8,0.3,0.0,86.0,13.6,18.55
2021-05-29,18.5,21.5,3.8,0.0,58.0,11.8,18.78
2021-05-30,19.8,25.5,0.0,0.0,34.0,13.0,26.23
2021-05-31,18.6,21.4,13.2,0.0,90.0,8.0,11.16
2021-06-01,16.6,18.6,20.2,0.0,78.0,15.0,17.05
2021-06-02,14.9,17.0,11.0,0.0,64.0,12.6,17.2
2021-06-03,16.3,20.3,1.4,0.0,37.0,10.7,20.92
2021-06-04,18.2,21.2,0.1,0.0,47.0,9.7,22.39
2021-06-05,18.6,21.9,0.0,0.0,20.0,9.8,23.57
2021-06-06,19.9,25.3,0.0,0.0,2.0,6.5,29.35
2021-06-07,21.4,26.6,0.3,0.0,27.0,8.3,26.99
2021-06-08,21.2,23.8,3.3,0.0,62.0,8.3,20.42
2021-06-09,21.5,25.8,0.0,0.0,13.0,14.7,28.59
2021-06-10,21.4,25.8,0.0,0.0,5.0,13.1,28.57
2021-06-11,21.5,26.2,0.3,0.0,6.0,12.6,27.94
2021-06-12,21.6,26.3,0.8,0.0,20.0,9.7,26.93
2021-06-13,21.5,25.8,0.6,0.0,22.0,8.4,25.92
2021-06-14,17.1,19.5,21.6,0.0,92.0,8.3,8.04
2021-06-15,17.0,20.3,3.7,0.0,46.0,11.0,22.35
2021-06-16,16.5,19.7,9.8,0.0,66.0,11.2,10.93
2021-06-17,20.5,24.6,1.1,0.0,42.0,10.0,22.91
2021-06-18,21.5,26.2,6.1,0.0,31.0,11.7,24.98
2021-06-19,21.5,25.2,8.7,0.0,69.0,7.1,14.8
2021-06-20,22.3,26.1,0.3,0.0,62.0,9.3,23.28
2021-06-21,22.3,25.0,1.7,0.0,71.0,9.4,19.23
2021-06-22,23.3,27.5,0.0,0.0,54.0,8.4,25.89
2021-06-23,23.5,28.9,0.8,0.0,34.0,9.0,26.3
2021-06-24,24.8,29.1,0.0,0.0,27.0,8.3,27.6
2021-06-25,26.3,30.9,0.0,0.0,16.0,8.2,28.34
2021-06-26,26.5,29.2,0.0,0.0,16.0,8.5,28.67
2021-06-27,26.1,30.7,0.0,0.0,5.0,11.2,28.65
2021-06-28,26.2,30.5,0.0,0.0,5.0,12.8,28.75
2021-06-29,25.5,30.9,0.0,0.0,2.0,13.0,29.33
2021-06-30,26.0,31.7,0.0,0.0,0.0,9.7,29.67
2021-07-01,27.3,34.5,0.0,0.0,5.0,7.6,29.28
2021-07-02,27.1,30.9,0.1,0.0,18.0,13.8,25.87
2021-07-03,23.1,25.3,7.2,0.0,58.0,13.2,18.44
2021-07-04,22.5,26.3,3.2,0.0,47.0,12.2,22.85
2021-07-05,23.8,28.5,0.0,0.0,32.0,8.2,25.17
2021-07-06,21.4,23.3,12.5,0.0,75.0,13.4,11.53
2021-07-07,24.2,27.7,3.2,0.0,60.0,9.0,18.54
2021-07-08,24.1,27.0,2.0,0.0,59.0,12.7,19.84
2021-07-09,24.9,28.5,0.0,0.0,29.0,18.8,22.13
2021-07-10,24.6,29.4,0.0,0.0,9.0,17.4,26.57
2021-07-11,24.9,29.6,0.0,0.0,7.0,13.6,25.45
2021-07-12,25.5,30.0,0.0,0.0,2.0,15.0,28.55
2021-07-13,26.0,30.8,0.0,0.0,0.0,16.4,28.75
2021-07-14,25.5,30.2,0.0,0.0,7.0,15.6,26.97
2021-07-15,26.2,32.4,0.0,0.0,3.0,15.8,28.31
2021-07-16,26.6,33.3,0.0,0.0,0.0,14.2,29.27
2021-07-17,27.3,32.6,0.0,0.0,4.0,9.1,27.77
2021-07-18,28.8,34.3,0.0,0.0,38.0,9.9,24.79
2021-07-19,28.4,31.8,0.0,0.0,10.0,10.7,25.86
2021-07-20,27.6,31.0,0.1,0.0,17.0,9.4,23.65
2021-07-21,26.6,29.1,1.4,0.0,24.0,10.9,21.0
2021-07-22,24.2,26.4,0.9,0.0,22.0,16.6,22.3
2021-07-23,23.3,26.5,0.7,0.0,32.0,15.5,20.36
2021-07-24,23.6,28.2,0.0,0.0,17.0,20.7,23.79
2021-07-25,24.4,29.2,0.0,0.0,51.0,17.2,23.03
2021-07-26,25.1,30.5,0.0,0.0,23.0,17.1,24.59
2021-07-27,26.3,31.6,0.0,0.0,3.0,17.1,27.48
2021-07-28,27.3,33.8,0.0,0.0,0.0,17.9,27.81
2021-07-29,27.6,34.2,0.0,0.0,0.0,15.8,27.78
2021-07-30,28.8,35.5,0.0,0.0,0.0,12.8,27.72
2021-07-31,29.9,36.5,0.0,0.0,1.0,11.5,27.35
2021-08-01,30.1,35.0,0.0,0.0,0.0,12.8,26.94
2021-08-02,29.4,36.3,0.0,0.0,0.0,8.6,27.5
2021-08-03,29.6,36.2,0.0,0.0,1.0,13.1,27.09
2021-08-04,29.7,36.2,0.0,0.0,10.0,12.5,26.09
2021-08-05,30.2,36.4,0.0,0.0,0.0,12.6,27.06
2021-08-06,29.1,36.2,0.1,0.0,49.0,11.2,20.35
2021-08-07,25.2,27.6,12.0,0.0,55.0,14.1,17.64
2021-08-08,24.6,28.1,0.8,0.0,29.0,13.1,18.51
2021-08-09,24.5,29.4,0.0,0.0,1.0,11.7,26.87
2021-08-10,25.8,31.4,0.0,0.0,8.0,9.9,26.08
2021-08-11,27.0,31.6,0.4,0.0,21.0,10.9,23.34
2021-08-12,25.7,29.6,0.0,0.0,20.0,17.4,21.35
2021-08-13,25.0,29.3,0.0,0.0,10.0,17.4,22.94
2021-08-14,24.2,29.4,0.0,0.0,13.0,19.0,24.29
2021-08-15,23.6,29.6,0.0,0.0,0.0,16.5,26.24
2021-08-16,24.0,31.4,0.0,0.0,0.0,14.1,26.4
2021-08-17,25.5,32.7,0.0,0.0,0.0,11.5,25.72
2021-08-18,26.3,31.8,0.0,0.0,7.0,14.6,24.54
2021-08-19,24.6,29.0,0.0,0.0,20.0,15.0,19.53
2021-08-20,24.3,28.7,0.0,0.0,19.0,17.3,22.85
2021-08-21,23.3,29.7,0.0,0.0,14.0,17.7,24.14
2021-08-22,23.5,28.9,0.0,0.0,38.0,19.7,15.99
2021-08-23,25.1,31.1,0.0,0.0,11.0,17.4,23.63
2021-08-24,25.4,32.2,0.0,0.0,14.0,15.1,23.74
2021-08-25,25.5,31.6,0.0,0.0,16.0,10.2,22.19
2021-08-26,26.6,32.9,0.0,0.0,18.0,9.0,22.3
2021-08-27,28.9,35.0,0.6,0.0,4.0,12.2,22.53
2021-08-28,28.8,35.6,0.0,0.0,14.0,11.4,21.61
2021-08-29,27.0,30.9,0.0,0.0,24.0,8.4,20.02
2021-08-30,26.2,31.2,0.4,0.0,28.0,11.4,18.36
2021-08-31,25.9,30.2,0.3,0.0,23.0,14.9,18.5
2021-09-01,24.9,30.8,0.0,0.0,7.0,16.1,22.53
2021-09-02,22.3,25.5,0.0,0.0,25.0,14.1,17.05
2021-09-03,20.3,24.6,0.0,0.0,38.0,16.1,14.11
2021-09-04,20.4,26.8,0.0,0.0,31.0,15.5,20.26
2021-09-05,21.4,26.7,0.0,0.0,50.0,17.1,16.85
2021-09-06,22.2,26.2,3.2,0.0,54.0,18.9,14.84
2021-09-07,21.3,26.3,0.0,0.0,31.0,20.0,20.12
2021-09-08,21.1,27.3,0.0,0.0,17.0,19.3,20.75
2021-09-09,21.1,27.3,0.5,0.0,52.0,14.4,18.93
2021-09-10,20.3,22.8,2.4,0.0,44.0,11.0,16.14
2021-09-11,19.5,23.6,0.0,0.0,32.0,9.4,15.86
2021-09-12,20.8,26.9,0.0,0.0,31.0,14.1,20.46
2021-09-13,20.8,27.2,0.0,0.0,24.0,16.1,18.94
2021-09-14,21.4,26.2,0.0,0.0,62.0,14.2,16.02
2021-09-15,21.3,24.5,1.5,0.0,99.0,12.0,10.46
2021-09-16,21.8,25.6,1.1,0.0,63.0,10.8,16.24
2021-09-17,22.2,28.5,0.0,0.0,17.0,7.4,20.22
2021-09-18,25.0,32.6,0.6,0.0,28.0,14.4,18.1
2021-09-19,24.6,29.9,6.3,0.0,16.0,11.5,18.07
2021-09-20,26.0,33.0,0.0,0.0,15.0,14.2,17.74
2021-09-21,21.1,22.6,1.2,0.0,61.0,11.9,7.1
2021-09-22,18.7,21.7,0.0,0.0,56.0,11.2,16.01
2021-09-23,14.5,16.6,14.4,0.0,75.0,12.3,11.52
2021-09-24,15.4,20.5,0.0,0.0,44.0,7.9,15.13
2021-09-25,18.5,24.5,0.0,0.0,35.0,8.4,18.26
2021-09-26,19.9,26.5,0.0,0.0,1.0,11.4,18.58
2021-09-27,19.4,25.8,0.0,0.0,1.0,15.0,18.41
2021-09-28,18.2,23.3,0.0,0.0,45.0,15.0,13.45
2021-09-29,18.0,21.7,0.0,0.0,57.0,15.1,11.33
2021-09-30,17.4,21.7,0.0,0.0,33.0,18.0,13.42
2021-10-01,16.6,21.4,0.0,0.0,46.0,18.0,13.1
2021-10-02,16.3,21.2,0.0,0.0,73.0,16.2,15.0
2021-10-03,16.9,20.4,0.0,0.0,72.0,13.4,11.01
2021-10-04,16.3,20.7,0.0,0.0,51.0,15.0,10.77
2021-10-05,15.8,20.1,0.3,0.0,42.0,16.0,11.46
2021-10-06,15.5,20.4,0.0,0.0,45.0,12.1,13.69
2021-10-07,15.9,23.1,0.0,0.0,29.0,14.8,15.98
2021-10-08,16.9,24.7,0.0,0.0,55.0,12.6,15.57
2021-10-09,17.8,21.8,0.1,0.0,67.0,8.8,10.36
2021-10-10,18.1,21.9,0.0,0.0,71.0,11.6,9.38
2021-10-11,19.6,25.7,5.2,0.0,42.0,6.1,13.84
2021-10-12,18.5,24.6,12.8,0.0,71.0,8.3,10.56
2021-10-13,14.9,16.5,5.1,0.0,72.0,11.0,3.43
2021-10-14,16.6,22.5,0.0,0.0,33.0,8.0,13.53
2021-10-15,18.0,22.9,0.2,0.0,85.0,9.4,9.07
2021-10-16,19.1,23.1,2.9,0.0,60.0,10.2,12.05
2021-10-17,15.5,16.4,12.2,0.0,89.0,7.2,4.75
2021-10-18,15.4,17.5,1.7,0.0,68.0,9.8,8.45
2021-10-19,15.0,17.9,0.0,0.0,54.0,10.8,8.68
2021-10-20,13.5,18.6,0.0,0.0,28.0,12.6,14.14
2021-10-21,14.2,21.1,0.0,0.0,4.0,5.9,14.34
2021-10-22,16.2,22.4,0.0,0.0,0.0,7.1,14.28
2021-10-23,15.7,22.1,0.0,0.0,16.0,9.3,13.91
2021-10-24,13.5,15.3,2.3,0.0,63.0,11.9,4.35
2021-10-25,12.6,15.9,0.0,0.0,44.0,17.7,11.29
2021-10-26,11.5,17.9,0.0,0.0,0.0,12.7,13.91
2021-10-27,11.7,17.9,0.0,0.0,4.0,12.9,13.65
2021-10-28,12.8,16.6,0.0,0.0,65.0,12.9,7.93
2021-10-29,13.0,17.7,0.0,0.0,55.0,13.3,10.58
2021-10-30,14.1,20.0,0.0,0.0,9.0,13.3,12.74
2021-10-31,13.7,18.1,3.6,0.0,53.0,7.7,10.98
2021-11-01,14.8,16.4,10.6,0.0,81.0,6.4,5.01
2021-11-02,16.2,20.9,6.2,0.0,74.0,6.6,10.89
2021-11-03,18.2,23.3,4.5,0.0,53.0,7.2,8.63
2021-11-04,17.9,25.8,0.0,0.0,2.0,9.1,11.77
2021-11-05,17.3,24.6,0.0,0.0,7.0,7.3,11.71
2021-11-06,16.7,22.7,0.0,0.0,41.0,7.2,11.27
2021-11-07,17.6,21.7,0.0,0.0,81.0,8.0,10.01
2021-11-08,17.2,23.6,0.0,0.0,27.0,8.1,11.18
2021-11-09,15.4,19.6,1.8,0.0,55.0,15.6,10.04
2021-11-10,11.3,13.6,6.2,0.0,68.0,16.9,6.81
2021-11-11,9.7,15.2,0.0,0.0,11.0,13.8,11.42
2021-11-12,10.5,16.9,0.0,0.0,0.0,9.4,11.58
2021-11-13,9.9,17.2,0.0,0.0,44.0,5.8,10.0
2021-11-14,11.2,17.9,0.0,0.0,90.0,5.6,9.62
2021-11-15,12.1,16.9,0.0,0.0,25.0,10.6,10.13
2021-11-16,11.7,16.1,0.0,0.0,52.0,13.4,8.87
2021-11-17,11.0,14.1,0.0,0.0,73.0,8.0,6.75
2021-11-18,11.0,13.0,1.0,0.0,83.0,7.3,5.32
2021-11-19,10.5,11.7,0.5,0.0,98.0,7.6,2.44
2021-11-20,9.8,12.9,0.0,0.0,59.0,9.0,6.58
2021-11-21,10.1,17.3,0.0,0.0,1.0,7.3,9.93
2021-11-22,11.6,19.3,0.0,0.0,17.0,8.6,9.95
2021-11-23,12.4,16.4,20.1,0.0,84.0,8.5,3.54
2021-11-24,11.4,13.2,8.7,0.0,100.0,13.2,1.67
2021-11-25,10.7,13.3,0.0,0.0,79.0,11.1,4.06
2021-11-26,12.5,18.0,1.0,0.0,56.0,13.8,7.84
2021-11-27,17.4,20.8,0.2,0.0,86.0,13.6,7.26
2021-11-28,17.2,21.3,1.9,0.0,61.0,16.3,7.44
2021-11-29,19.0,24.5,9.5,0.0,74.0,19.9,4.53
2021-11-30,12.1,15.5,13.3,0.0,67.0,24.5,5.55
2021-12-01,8.2,11.4,1.5,0.0,49.0,16.5,8.48
2021-12-02,9.5,16.0,0.0,0.0,7.0,9.4,9.18
2021-12-03,14.4,19.0,2.2,0.0,51.0,11.7,7.1
2021-12-04,14.3,17.1,7.2,0.0,95.0,10.8,4.09
2021-12-05,12.8,15.6,1.0,0.0,72.0,4.5,5.71
2021-12-06,15.1,20.7,0.0,0.0,50.0,9.8,6.72
2021-12-07,14.4,18.2,3.9,0.0,70.0,11.5,6.98
2021-12-08,10.6,12.2,2.7,0.0,83.0,8.5,4.95
2021-12-09,12.1,16.9,0.0,0.0,30.0,9.7,8.19
2021-12-10,14.4,20.1,5.6,0.0,34.0,12.8,8.34
2021-12-11,14.0,18.6,2.7,0.0,79.0,10.6,6.91
2021-12-12,15.0,18.2,6.1,0.0,67.0,11.8,5.44
2021-12-13,12.2,14.0,23.1,0.0,76.0,7.4,4.24
2021-12-14,11.1,12.6,4.1,0.0,65.0,12.8,4.81
2021-12-15,7.6,10.2,23.6,0.07,100.0,13.7,1.56
2021-12-16,5.5,5.9,10.3,1.4,100.0,7.3,2.28
2021-12-17,5.7,6.1,9.6,0.56,99.0,12.4,3.03
2021-12-18,5.4,5.8,10.4,0.84,99.0,10.5,2.1
2021-12-19,6.0,7.2,3.3,0.0,86.0,17.3,4.85
2021-12-20,5.2,7.0,2.0,0.07,70.0,11.0,5.15
2021-12-21,4.5,6.1,7.3,2.1,61.0,12.4,6.08
2021-12-22,2.2,5.7,0.7,0.42,38.0,6.0,7.32
2021-12-23,2.0,4.6,0.2,0.07,42.0,4.8,6.26
2021-12-24,2.0,7.7,0.0,0.0,44.0,10.3,8.29
2021-12-25,6.7,12.7,0.0,0.0,30.0,11.9,8.25
2021-12-26,11.4,16.3,0.0,0.0,83.0,13.8,6.49
2021-12-27,13.0,17.9,0.0,0.0,85.0,11.1,7.33
2021-12-28,12.9,17.6,0.0,0.0,60.0,10.3,7.75
2021-12-29,11.9,16.1,1.9,0.0,96.0,10.5,4.68
2021-12-30,12.7,15.7,0.5,0.0,86.0,10.5,6.37
2021-12-31,10.0,12.3,0.0,0.0,75.0,10.5,5.45
2022-01-01,9.3,10.9,1.5,0.0,93.0,6.4,4.39
2022-01-02,10.5,12.8,0.9,0.0,60.0,6.7,5.7
2022-01-03,8.8,14.6,0.0,0.0,49.0,9.5,8.4
2022-01-04,10.5,16.7,0.0,0.0,60.0,9.1,7.29
2022-01-05,11.6,19.1,0.0,0.0,10.0,10.9,8.6
2022-01-06,14.2,20.5,0.0,0.0,29.0,12.6,8.37
2022-01-07,11.4,14.9,1.7,0.0,79.0,7.7,5.76
2022-01-08,10.5,13.5,2.1,0.0,91.0,7.4,5.28
2022-01-09,10.9,14.9,1.1,0.0,65.0,7.9,7.01
2022-01-10,11.3,13.3,2.4,0.0,95.0,8.4,5.8
2022-01-11,10.4,12.9,4.8,0.0,99.0,14.5,4.47
2022-01-12,4.9,9.3,18.4,3.64,98.0,18.2,2.21
2022-01-13,2.0,2.9,2.9,2.03,86.0,18.6,3.83
2022-01-14,2.2,5.4,0.0,0.0,31.0,10.7,9.56
2022-01-15,3.7,7.8,0.5,0.07,31.0,13.3,7.36
2022-01-16,3.6,6.3,1.3,0.35,48.0,8.9,7.43
2022-01-17,3.3,9.1,0.2,0.0,19.0,10.3,9.94
2022-01-18,4.2,5.3,9.2,1.47,71.0,15.2,6.97
2022-01-19,0.9,2.6,4.7,3.15,65.0,12.9,6.99
2022-01-20,0.6,7.4,0.0,0.0,15.0,11.3,10.11
2022-01-21,6.2,10.8,11.6,1.47,62.0,11.6,6.0
2022-01-22,0.7,2.7,13.2,9.1,95.0,9.0,3.37
2022-01-23,-1.2,0.5,12.2,8.54,75.0,16.8,7.5
2022-01-24,-1.0,1.7,3.1,2.03,61.0,11.6,9.15
2022-01-25,-1.3,0.8,2.0,1.33,59.0,13.7,8.16
2022-01-26,0.8,2.2,2.5,1.61,69.0,9.1,7.92
2022-01-27,2.0,4.2,2.7,1.75,54.0,6.9,9.02
2022-01-28,1.1,6.7,0.0,0.0,52.0,9.6,11.37
2022-01-29,3.3,6.9,0.0,0.0,75.0,8.1,8.4
2022-01-30,3.6,7.6,0.1,0.0,43.0,8.4,10.31
2022-01-31,5.5,9.4,0.0,0.0,30.0,9.1,9.91
2022-02-01,6.2,10.9,0.1,0.0,80.0,13.6,8.49
2022-02-02,10.1,12.7,3.6,0.0,99.0,10.8,4.76
2022-02-03,5.8,7.9,13.4,4.27,100.0,9.7,1.71
2022-02-04,4.5,6.6,2.0,0.42,52.0,11.4,9.69
2022-02-05,3.2,9.9,0.0,0.0,21.0,8.3,12.46
2022-02-06,5.0,11.6,0.0,0.0,19.0,5.8,12.19
2022-02-07,8.1,14.8,0.5,0.0,32.0,16.0,12.39
2022-02-08,7.2,10.7,34.2,8.47,100.0,11.7,1.47
2022-02-09,4.3,5.5,14.9,8.05,88.0,14.1,7.19
2022-02-10,5.7,9.2,0.0,0.0,39.0,10.2,10.26
2022-02-11,6.0,14.6,0.0,0.0,2.0,8.3,13.62
2022-02-12,7.5,14.2,0.0,0.0,52.0,6.9,13.33
2022-02-13,7.3,9.0,0.0,0.0,98.0,14.5,5.36
2022-02-14,6.7,6.9,0.1,0.0,99.0,5.8,3.82
2022-02-15,7.0,11.1,0.1,0.0,61.0,6.4,10.79
2022-02-16,7.2,15.5,0.0,0.0,31.0,8.1,13.69
2022-02-17,9.8,17.4,0.0,0.0,35.0,8.7,13.5
2022-02-18,7.8,9.9,12.1,0.0,55.0,16.9,3.92
2022-02-19,6.9,13.2,0.0,0.0,5.0,7.7,14.48
2022-02-20,10.1,17.0,0.0,0.0,90.0,9.8,11.51
2022-02-21,12.5,18.7,0.0,0.0,26.0,8.9,13.41
2022-02-22,12.7,18.0,9.4,0.0,45.0,10.0,12.64
2022-02-23,11.2,13.2,5.2,0.0,89.0,8.5,8.63
2022-02-24,6.5,9.8,18.2,2.66,100.0,11.4,1.68
2022-02-25,6.6,7.0,12.6,0.0,98.0,11.9,3.02
2022-02-26,7.8,11.8,0.0,0.0,84.0,9.3,10.4
2022-02-27,9.4,13.6,0.6,0.0,75.0,8.4,12.0
2022-02-28,7.2,9.3,9.4,0.14,86.0,10.5,7.47
2022-03-01,4.8,6.5,1.4,0.0,92.0,10.4,9.12
2022-03-02,4.5,5.3,0.3,0.14,92.0,13.5,6.44
2022-03-03,3.7,5.0,4.4,1.89,77.0,11.9,9.17
2022-03-04,4.9,9.1,0.0,0.0,72.0,7.8,11.67
2022-03-05,7.0,10.0,0.5,0.0,89.0,8.2,7.39
2022-03-06,9.2,13.8,4.5,0.0,85.0,8.8,10.35
2022-03-07,7.2,8.7,12.6,0.0,93.0,8.4,2.27
2022-03-08,5.3,7.8,7.8,0.91,90.0,10.6,5.03
2022-03-09,4.5,6.1,1.1,0.28,72.0,16.6,12.32
2022-03-10,2.0,3.7,6.0,3.78,87.0,15.9,13.76
2022-03-11,-0.5,0.7,8.3,5.81,69.0,17.0,13.09
2022-03-12,-2.2,-0.5,5.3,3.64,78.0,10.7,15.46
2022-03-13,-0.1,3.6,4.5,3.08,54.0,11.4,17.56
2022-03-14,0.2,4.9,0.1,0.0,58.0,11.7,17.74
2022-03-15,3.4,6.7,0.0,0.0,54.0,9.9,13.6
2022-03-16,2.8,8.2,0.0,0.0,64.0,6.2,19.86
2022-03-17,5.3,7.1,3.7,0.28,90.0,11.2,6.92
2022-03-18,1.6,3.4,3.8,2.38,53.0,14.8,16.28
2022-03-19,0.8,2.9,3.7,2.45,53.0,13.2,16.35
2022-03-20,2.6,5.3,3.0,1.47,71.0,17.3,14.42
2022-03-21,3.7,6.6,0.3,0.0,52.0,18.4,15.34
2022-03-22,4.2,7.3,0.2,0.0,49.0,13.6,15.25
2022-03-23,5.3,8.5,3.5,0.0,43.0,16.9,14.87
2022-03-24,6.1,9.4,0.6,0.0,52.0,11.5,13.38
2022-03-25,7.7,14.4,0.0,0.0,9.0,13.3,21.33
2022-03-26,7.5,10.6,0.6,0.0,40.0,8.5,15.39
2022-03-27,9.1,19.3,0.0,0.0,0.0,10.6,21.87
2022-03-28,11.8,19.3,0.0,0.0,41.0,6.6,21.68
2022-03-29,13.9,20.4,0.1,0.0,95.0,12.9,14.41
2022-03-30,14.3,21.6,0.0,0.0,27.0,11.7,21.65
2022-03-31,16.3,23.2,0.0,0.0,95.0,11.0,19.7
2022-04-01,22.8,29.0,0.3,0.0,55.0,13.4,17.91
2022-04-02,20.1,24.2,0.0,0.0,21.0,20.5,21.85
2022-04-03,15.6,18.2,3.5,0.0,23.0,22.0,17.71
2022-04-04,11.8,16.4,0.8,0.0,82.0,8.2,17.41
2022-04-05,12.8,17.2,0.5,0.0,72.0,8.2,13.23
2022-04-06,12.4,18.1,0.0,0.0,39.0,9.8,22.02
2022-04-07,14.4,24.6,13.7,0.0,36.0,11.4,17.0
2022-04-08,15.7,20.8,10.0,0.0,34.0,15.5,18.87
2022-04-09,18.0,26.5,0.0,0.0,4.0,9.7,23.54
2022-04-10,19.2,26.1,0.0,0.0,18.0,11.4,23.49
2022-04-11,9.9,16.9,17.7,0.0,97.0,14.9,3.71
2022-04-12,9.4,12.1,2.6,0.0,55.0,11.2,21.43
2022-04-13,9.3,13.5,0.1,0.0,12.0,10.3,23.48
2022-04-14,10.5,17.1,0.0,0.0,0.0,11.1,24.87
2022-04-15,14.1,21.4,0.0,0.0,0.0,10.0,24.47
2022-04-16,15.2,21.9,0.0,0.0,72.0,6.8,21.82
2022-04-17,13.3,15.2,9.9,0.0,91.0,9.7,8.25
2022-04-18,9.6,11.8,2.9,0.0,98.0,9.5,4.45
2022-04-19,8.0,8.4,4.0,0.0,97.0,7.6,3.87
2022-04-20,10.9,17.5,0.0,0.0,28.0,10.0,24.6
2022-04-21,12.8,17.3,0.2,0.0,50.0,10.1,16.16
2022-04-22,16.5,24.0,0.0,0.0,37.0,8.5,24.17
2022-04-23,19.8,26.5,0.0,0.0,47.0,7.4,21.54
2022-04-24,18.8,25.3,0.0,0.0,9.0,9.4,25.65
2022-04-25,18.4,24.1,0.0,0.0,52.0,9.5,24.37
2022-04-26,18.8,25.0,0.0,0.0,60.0,9.7,22.41
2022-04-27,18.4,24.0,0.0,0.0,15.0,11.0,26.16
2022-04-28,17.0,22.4,0.0,0.0,2.0,10.7,26.22
2022-04-29,15.7,21.0,0.0,0.0,37.0,17.4,22.58
2022-04-30,13.7,14.9,0.3,0.0,97.0,12.8,9.4
2022-05-01,14.8,18.2,0.1,0.0,86.0,15.9,13.37
2022-05-02,15.2,20.6,2.9,0.0,85.0,14.9,20.65
2022-05-03,13.8,15.6,5.4,0.0,96.0,8.1,12.62
2022-05-04,12.1,14.0,5.0,0.0,81.0,10.6,14.56
2022-05-05,13.5,17.9,0.0,0.0,33.0,9.4,23.92
2022-05-06,14.2,17.9,0.0,0.0,37.0,15.9,21.63
2022-05-07,14.1,19.4,0.0,0.0,28.0,14.3,24.9
2022-05-08,14.8,21.9,0.0,0.0,64.0,14.3,27.3
2022-05-09,14.5,20.3,0.0,0.0,66.0,15.4,26.76
2022-05-10,14.5,21.7,0.0,0.0,2.0,13.2,27.86
2022-05-11,16.1,21.4,0.0,0.0,13.0,13.0,27.47
2022-05-12,17.2,23.9,0.0,0.0,0.0,10.5,27.99
2022-05-13,18.5,26.2,0.0,0.0,32.0,8.6,26.07
2022-05-14,20.3,25.2,0.4,0.0,52.0,8.7,25.17
2022-05-15,20.2,24.5,0.0,0.0,26.0,10.7,27.22
2022-05-16,20.0,25.3,0.4,0.0,29.0,9.7,26.05
2022-05-17,20.9,26.3,0.0,0.0,7.0,9.8,27.51
2022-05-18,18.3,26.4,2.5,0.0,36.0,17.6,24.2
2022-05-19,13.5,16.9,1.3,0.0,82.0,16.2,15.6
2022-05-20,15.4,22.3,0.0,0.0,0.0,15.0,28.84
2022-05-21,18.5,25.8,0.0,0.0,0.0,8.2,28.72
2022-05-22,20.1,26.5,0.1,0.0,14.0,12.2,28.44
2022-05-23,20.8,24.3,0.9,0.0,16.0,16.3,25.05
2022-05-24,21.1,26.7,0.1,0.0,25.0,7.9,28.17
2022-05-25,22.6,28.0,0.2,0.0,11.0,8.2,27.18
2022-05-26,24.5,30.4,0.3,0.0,18.0,12.6,26.93
2022-05-27,24.9,29.5,0.0,0.0,10.0,12.3,27.27
2022-05-28,24.8,31.2,0.0,0.0,46.0,7.3,23.57
2022-05-29,26.5,33.9,1.6,0.0,37.0,11.7,25.56
2022-05-30,26.0,30.3,0.0,0.0,17.0,11.5,25.89
2022-05-31,23.9,29.0,0.1,0.0,16.0,13.0,24.84
2022-06-01,23.4,27.8,0.0,0.0,45.0,16.2,28.13
2022-06-02,23.4,28.3,0.0,0.0,79.0,17.2,27.7
2022-06-03,22.9,27.6,0.0,0.0,21.0,16.5,22.75
2022-06-04,23.4,28.1,0.0,0.0,9.0,18.2,25.77
2022-06-05,23.9,29.2,0.0,0.0,13.0,13.5,27.97
2022-06-06,23.1,27.2,0.0,0.0,39.0,15.2,26.73
2022-06-07,20.4,23.1,1.2,0.0,55.0,12.8,21.08
2022-06-08,20.9,24.4,0.5,0.0,48.0,11.2,19.67
2022-06-09,23.1,29.1,0.9,0.0,31.0,9.4,25.79
2022-06-10,24.8,29.4,0.6,0.0,68.0,8.3,21.36
2022-06-11,22.4,25.6,16.5,0.0,88.0,10.9,17.11
2022-06-12,20.3,21.3,25.4,0.0,92.0,12.8,6.28
2022-06-13,22.4,26.0,1.3,0.0,57.0,8.8,22.37
2022-06-14,23.2,27.5,0.9,0.0,32.0,12.4,24.96
2022-06-15,23.0,27.6,1.3,0.0,28.0,14.4,25.8
2022-06-16,22.2,26.7,0.2,0.0,38.0,17.4,26.81
2022-06-17,22.2,27.0,0.0,0.0,35.0,14.9,25.78
2022-06-18,22.2,27.6,0.0,0.0,27.0,20.0,26.09
2022-06-19,22.1,26.0,0.3,0.0,36.0,16.3,15.3
2022-06-20,21.7,25.5,0.3,0.0,38.0,11.1,19.12
2022-06-21,22.5,27.1,1.9,0.0,45.0,9.7,22.58
2022-06-22,25.7,30.0,0.0,0.0,27.0,12.0,28.38
2022-06-23,25.1,30.1,0.0,0.0,47.0,12.4,25.39
2022-06-24,23.0,26.0,1.3,0.0,31.0,14.2,23.39
2022-06-25,23.3,27.4,0.9,0.0,29.0,14.0,24.21
2022-06-26,23.0,26.3,0.0,0.0,55.0,13.5,24.39
2022-06-27,22.9,26.3,0.1,0.0,32.0,11.9,22.8
2022-06-28,23.1,25.9,6.3,0.0,60.0,16.6,23.01
2022-06-29,23.2,26.3,1.1,0.0,53.0,12.6,21.33
2022-06-30,23.8,28.4,0.1,0.0,8.0,15.2,26.65
2022-07-01,25.2,30.2,0.0,0.0,13.0,15.1,26.94
2022-07-02,25.1,30.4,0.0,0.0,0.0,18.8,29.13
2022-07-03,24.0,29.8,0.0,0.0,2.0,18.8,29.79
2022-07-04,22.9,29.9,0.0,0.0,0.0,18.0,30.03
2022-07-05,23.0,30.0,0.0,0.0,2.0,16.7,29.34
2022-07-06,23.7,29.3,0.0,0.0,13.0,14.9,27.61
2022-07-07,24.5,28.5,0.2,0.0,11.0,15.5,24.37
2022-07-08,24.5,27.4,0.9,0.0,31.0,15.0,22.17
2022-07-09,23.9,28.9,8.9,0.0,50.0,19.7,20.02
2022-07-10,21.2,23.3,14.4,0.0,75.0,9.4,11.11
2022-07-11,22.4,26.2,1.0,0.0,37.0,11.4,23.14
2022-07-12,23.0,27.9,0.0,0.0,19.0,15.8,25.71
2022-07-13,22.6,26.3,0.0,0.0,20.0,15.2,22.84
2022-07-14,23.2,28.9,0.0,0.0,1.0,18.1,29.01
2022-07-15,23.5,29.0,0.0,0.0,1.0,15.9,28.67
2022-07-16,24.1,29.9,0.0,0.0,1.0,15.2,28.53
2022-07-17,24.8,30.5,0.0,0.0,2.0,16.2,28.11
2022-07-18,24.1,29.1,0.0,0.0,8.0,24.0,26.6
2022-07-19,22.2,27.5,0.0,0.0,45.0,18.0,22.07
2022-07-20,23.3,28.0,0.0,0.0,10.0,19.4,26.63
2022-07-21,24.0,30.6,0.0,0.0,0.0,12.8,28.26
2022-07-22,25.0,30.3,0.0,0.0,7.0,14.3,28.4
2022-07-23,25.7,31.6,0.0,0.0,0.0,14.8,28.54
2022-07-24,26.1,32.2,0.0,0.0,0.0,11.7,28.67
2022-07-25,26.0,31.6,0.0,0.0,13.0,14.4,27.56
2022-07-26,25.6,31.3,0.0,0.0,0.0,14.0,28.22
2022-07-27,25.6,33.3,0.0,0.0,0.0,14.5,28.58
2022-07-28,26.2,33.8,0.0,0.0,0.0,16.4,28.19
2022-07-29,25.9,32.3,0.0,0.0,9.0,15.4,26.76
2022-07-30,25.9,32.4,0.0,0.0,6.0,14.5,25.98
2022-07-31,26.0,31.5,0.0,0.0,25.0,13.8,21.8
2022-08-01,26.2,29.4,0.5,0.0,20.0,13.8,23.07
2022-08-02,25.3,29.8,0.0,0.0,11.0,18.8,25.63
2022-08-03,25.3,31.4,0.0,0.0,5.0,19.3,25.65
2022-08-04,25.7,30.6,0.5,0.0,30.0,18.3,20.48
2022-08-05,26.0,31.6,0.0,0.0,24.0,17.0,22.2
2022-08-06,25.9,31.6,0.0,0.0,10.0,19.8,21.4
2022-08-07,26.2,32.1,0.0,0.0,22.0,19.9,22.15
2022-08-08,27.0,33.0,0.0,0.0,17.0,17.9,25.11
2022-08-09,26.6,31.0,2.1,0.0,38.0,16.0,16.22
2022-08-10,25.4,28.6,3.3,0.0,55.0,16.4,20.14
2022-08-11,24.3,26.8,1.7,0.0,64.0,12.4,13.2
2022-08-12,24.8,30.0,0.4,0.0,17.0,15.5,22.08
2022-08-13,25.4,29.6,0.7,0.0,31.0,12.7,18.62
2022-08-14,25.9,31.1,2.5,0.0,28.0,10.6,21.09
2022-08-15,23.6,26.8,8.3,0.0,53.0,10.0,15.94
2022-08-16,25.8,31.9,0.0,0.0,7.0,6.6,24.72
2022-08-17,27.5,32.1,0.0,0.0,3.0,8.3,24.43
2022-08-18,27.7,33.0,0.0,0.0,6.0,13.9,24.19
2022-08-19,26.9,31.0,0.0,0.0,15.0,12.5,22.06
2022-08-20,26.7,31.9,0.0,0.0,15.0,13.8,23.86
2022-08-21,26.4,32.7,0.0,0.0,17.0,14.7,23.77
2022-08-22,27.2,32.0,0.7,0.0,29.0,9.2,19.33
2022-08-23,27.0,31.1,0.9,0.0,39.0,8.6,16.3
2022-08-24,26.5,31.5,15.4,0.0,83.0,14.9,16.6
2022-08-25,22.9,25.5,18.5,0.0,81.0,6.7,11.51
2022-08-26,23.5,27.1,8.8,0.0,63.0,5.1,15.92
2022-08-27,24.6,28.0,4.6,0.0,37.0,8.3,16.06
2022-08-28,26.5,31.3,0.1,0.0,25.0,10.7,19.04
2022-08-29,26.8,32.4,0.0,0.0,12.0,12.6,21.98
2022-08-30,26.9,31.5,0.2,0.0,39.0,13.0,19.83
2022-08-31,24.8,28.2,17.9,0.0,57.0,9.1,12.59
2022-09-01,24.9,28.7,7.0,0.0,43.0,7.8,16.3
2022-09-02,26.1,30.7,0.0,0.0,43.0,6.1,18.13
2022-09-03,25.1,27.6,5.5,0.0,57.0,8.9,14.2
2022-09-04,23.9,26.7,0.9,0.0,47.0,13.0,16.34
2022-09-05,21.7,23.9,1.8,0.0,53.0,18.8,13.83
2022-09-06,19.6,23.2,0.1,0.0,48.0,13.6,14.43
2022-09-07,21.2,25.4,0.0,0.0,33.0,16.5,17.82
2022-09-08,20.8,27.1,0.0,0.0,0.0,12.4,22.05
2022-09-09,22.0,28.3,0.0,0.0,10.0,8.0,21.63
2022-09-10,24.2,30.2,0.0,0.0,6.0,7.3,20.92
2022-09-11,24.6,29.6,0.1,0.0,8.0,7.6,19.74
2022-09-12,21.5,23.8,2.6,0.0,45.0,10.3,12.13
2022-09-13,20.1,23.5,1.1,0.0,28.0,11.2,16.96
2022-09-14,19.8,25.5,0.0,0.0,4.0,7.9,21.12
2022-09-15,22.4,31.1,0.0,0.0,40.0,7.2,20.44
2022-09-16,25.3,34.1,0.0,0.0,5.0,9.2,20.29
2022-09-17,26.2,35.2,0.0,0.0,13.0,8.7,20.09
2022-09-18,23.8,31.6,2.9,0.0,19.0,14.6,16.91
2022-09-19,20.9,24.8,0.0,0.0,33.0,10.9,17.91
2022-09-20,18.3,23.1,0.0,0.0,23.0,14.2,17.46
2022-09-21,18.0,23.2,0.0,0.0,33.0,16.6,18.43
2022-09-22,14.9,16.5,19.6,0.0,58.0,12.3,9.78
2022-09-23,14.5,19.4,1.2,0.0,28.0,13.6,15.45
2022-09-24,15.6,20.2,0.0,0.0,28.0,9.0,16.08
2022-09-25,16.5,24.2,0.0,0.0,1.0,8.2,19.37
2022-09-26,18.3,26.9,0.0,0.0,41.0,8.3,18.96
2022-09-27,21.8,28.8,0.0,0.0,78.0,15.4,15.89
2022-09-28,23.6,27.7,1.6,0.0,41.0,17.6,14.86
2022-09-29,23.3,30.6,0.2,0.0,18.0,12.3,15.19
2022-09-30,23.5,31.3,0.0,0.0,11.0,10.0,16.69
2022-10-01,23.2,31.3,0.0,0.0,15.0,9.0,17.07
2022-10-02,22.0,25.6,6.6,0.0,62.0,15.1,7.55
2022-10-03,19.1,23.0,0.0,0.0,12.0,10.4,16.42
2022-10-04,16.7,18.7,5.1,0.0,58.0,10.5,9.66
2022-10-05,16.0,19.9,0.3,0.0,29.0,16.8,12.33
2022-10-06,16.6,20.7,0.2,0.0,54.0,17.3,8.17
2022-10-07,17.1,19.3,2.5,0.0,67.0,16.8,9.57
2022-10-08,16.9,19.0,2.6,0.0,76.0,11.7,8.54
2022-10-09,16.8,19.9,1.1,0.0,81.0,9.4,7.72
2022-10-10,16.4,22.9,0.0,0.0,25.0,12.4,14.23
2022-10-11,17.7,23.9,0.0,0.0,67.0,10.1,13.35
2022-10-12,16.6,21.2,0.0,0.0,69.0,11.6,9.64
2022-10-13,17.1,21.2,0.1,0.0,75.0,12.2,8.36
2022-10-14,16.7,20.3,1.0,0.0,98.0,11.7,5.39
2022-10-15,16.6,17.9,3.1,0.0,98.0,11.8,3.79
2022-10-16,16.3,17.0,3.6,0.0,90.0,14.7,4.67
2022-10-17,16.9,18.8,3.1,0.0,90.0,15.8,6.15
2022-10-18,17.3,19.4,0.1,0.0,86.0,15.0,7.94
2022-10-19,16.3,18.6,0.0,0.0,83.0,9.6,8.37
2022-10-20,16.1,20.0,0.0,0.0,71.0,14.7,10.18
2022-10-21,13.2,17.4,0.0,0.0,17.0,15.2,13.91
2022-10-22,12.6,20.7,0.0,0.0,1.0,8.1,14.8
2022-10-23,15.2,22.8,0.0,0.0,14.0,9.2,13.65
2022-10-24,16.2,23.3,0.0,0.0,2.0,9.0,13.65
2022-10-25,16.0,23.5,0.0,0.0,16.0,8.1,13.63
2022-10-26,16.7,23.6,0.0,0.0,5.0,9.0,12.92
2022-10-27,16.1,21.8,0.0,0.0,27.0,14.0,11.76
2022-10-28,14.5,20.2,0.0,0.0,5.0,16.7,13.05
2022-10-29,13.0,19.8,0.0,0.0,10.0,12.9,12.6
2022-10-30,12.9,19.8,0.0,0.0,5.0,9.3,13.05
2022-10-31,13.7,19.7,0.3,0.0,9.0,9.3,11.38
2022-11-01,14.8,20.3,0.0,0.0,6.0,10.3,12.5
2022-11-02,14.1,21.0,0.0,0.0,3.0,5.6,12.29
2022-11-03,15.7,21.9,0.0,0.0,7.0,7.0,11.73
2022-11-04,15.6,22.9,0.0,0.0,10.0,6.9,11.64
2022-11-05,17.4,26.8,0.0,0.0,19.0,9.7,12.21
2022-11-06,16.5,23.5,0.0,0.0,68.0,8.6,9.17
2022-11-07,14.9,18.2,0.0,0.0,75.0,15.5,8.55
2022-11-08,13.7,16.6,0.0,0.0,83.0,10.3,9.3
2022-11-09,11.6,17.0,0.0,0.0,13.0,9.6,10.83
2022-11-10,11.1,17.9,0.0,0.0,5.0,7.7,11.67
2022-11-11,11.9,17.7,0.0,0.0,24.0,9.8,11.01
2022-11-12,13.3,20.0,0.0,0.0,39.0,12.8,10.53
2022-11-13,12.6,19.5,0.0,0.0,4.0,9.4,11.08
2022-11-14,12.1,16.9,0.0,0.0,39.0,11.1,9.0
2022-11-15,11.3,16.9,0.0,0.0,25.0,8.2,10.72
2022-11-16,11.7,17.3,0.0,0.0,35.0,12.0,10.35
2022-11-17,15.7,21.4,2.4,0.0,83.0,16.1,8.16
2022-11-18,17.6,20.5,3.5,0.0,60.0,13.3,5.53
2022-11-19,20.1,24.4,0.0,0.0,12.0,14.7,8.84
2022-11-20,19.7,24.3,0.0,0.0,76.0,11.8,7.57
2022-11-21,20.4,24.5,0.0,0.0,74.0,13.5,7.35
2022-11-22,14.6,18.2,2.4,0.0,41.0,17.6,8.51
2022-11-23,15.1,20.2,6.4,0.0,95.0,13.3,6.43
2022-11-24,13.7,16.0,5.8,0.0,74.0,8.7,5.25
2022-11-25,11.1,12.9,8.1,0.0,75.0,9.8,3.7
2022-11-26,9.5,11.1,3.2,0.0,54.0,9.5,5.98
2022-11-27,9.5,11.3,0.0,0.0,74.0,13.4,6.74
2022-11-28,9.7,12.6,0.3,0.0,82.0,8.5,5.39
2022-11-29,11.1,13.5,0.2,0.0,54.0,6.8,8.27
2022-11-30,11.7,14.6,2.3,0.0,92.0,9.3,3.92
2022-12-01,13.7,17.7,8.1,0.0,68.0,8.9,7.05
2022-12-02,12.3,14.0,5.7,0.0,63.0,8.6,4.07
2022-12-03,12.2,13.5,0.6,0.0,89.0,10.0,3.6
2022-12-04,11.5,12.8,0.0,0.0,81.0,10.1,5.61
2022-12-05,11.3,13.1,0.0,0.0,59.0,6.8,6.86
2022-12-06,10.8,13.6,0.0,0.0,32.0,8.0,7.42
2022-12-07,10.1,13.7,0.0,0.0,32.0,5.9,8.1
2022-12-08,10.9,17.2,0.0,0.0,25.0,9.4,8.02
2022-12-09,14.5,19.5,0.0,0.0,69.0,9.4,7.09
2022-12-10,15.1,18.5,0.1,0.0,94.0,11.4,2.94
2022-12-11,18.1,20.7,0.8,0.0,98.0,16.1,4.52
2022-12-12,15.3,17.9,0.9,0.0,77.0,10.5,6.09
2022-12-13,10.5,14.0,13.1,0.0,88.0,11.3,0.94
2022-12-14,9.7,12.4,0.0,0.0,77.0,9.8,4.48
2022-12-15,13.9,18.9,0.0,0.0,44.0,12.2,6.34
2022-12-16,16.1,21.9,0.0,0.0,87.0,8.5,7.74
2022-12-17,15.7,22.8,0.0,0.0,53.0,10.7,8.23
2022-12-18,13.3,17.6,0.0,0.0,50.0,7.7,7.8
2022-12-19,8.7,12.2,3.5,0.0,99.0,16.2,1.53
2022-12-20,5.8,8.4,0.2,0.0,43.0,14.7,5.85
2022-12-21,5.1,11.3,0.0,0.0,0.0,8.6,8.61
2022-12-22,6.2,12.8,0.0,0.0,0.0,8.7,8.54
2022-12-23,7.9,12.4,0.0,0.0,13.0,9.7,8.11
2022-12-24,9.3,13.8,0.0,0.0,30.0,5.7,7.84
2022-12-25,9.3,11.7,1.9,0.0,66.0,6.6,3.0
2022-12-26,8.5,12.5,0.4,0.0,18.0,5.6,7.7
2022-12-27,7.9,15.2,0.0,0.0,14.0,9.6,8.58
2022-12-28,9.7,13.7,0.0,0.0,22.0,8.4,6.22
2022-12-29,8.5,13.6,0.0,0.0,11.0,8.0,7.91
2022-12-30,8.8,14.6,0.0,0.0,7.0,6.8,8.52
2022-12-31,8.6,14.0,0.0,0.0,25.0,7.1,8.26
2023-01-01,7.8,13.6,0.0,0.0,6.0,7.2,8.78
2023-01-02,7.3,14.2,0.0,0.0,3.0,9.7,9.04
2023-01-03,7.1,14.4,0.0,0.0,4.0,8.2,9.22
2023-01-04,8.0,11.4,0.0,0.0,24.0,5.5,7.95
2023-01-05,9.4,13.2,0.0,0.0,36.0,6.2,7.51
2023-01-06,8.2,12.9,0.7,0.0,41.0,8.8,6.23
2023-01-07,6.7,12.1,0.0,0.0,7.0,8.2,8.7
2023-01-08,6.1,10.8,0.0,0.0,0.0,8.8,9.2
2023-01-09,5.6,12.7,0.0,0.0,6.0,10.3,9.35
2023-01-10,9.0,15.0,1.1,0.0,69.0,13.5,5.4
2023-01-11,11.6,12.9,12.9,0.0,100.0,12.0,2.8
2023-01-12,10.9,13.4,3.3,0.0,97.0,7.0,6.94
2023-01-13,10.5,11.4,3.5,0.0,92.0,7.3,4.25
2023-01-14,9.7,12.5,0.0,0.0,42.0,7.2,8.06
2023-01-15,9.3,12.8,1.0,0.0,45.0,10.0,8.53
2023-01-16,8.3,13.1,0.0,0.0,15.0,5.9,9.51
2023-01-17,12.2,17.5,0.0,0.0,42.0,15.8,8.45
2023-01-18,15.7,20.5,0.0,0.0,50.0,16.3,9.69
2023-01-19,15.1,21.7,0.0,0.0,40.0,12.6,9.9
2023-01-20,13.1,19.6,1.7,0.0,17.0,9.6,10.22
2023-01-21,12.2,18.2,0.0,0.0,33.0,8.7,7.98
2023-01-22,11.3,17.3,0.0,0.0,57.0,7.5,9.18
2023-01-23,9.3,14.3,0.0,0.0,16.0,8.3,10.24
2023-01-24,8.4,9.8,0.0,0.0,72.0,10.1,5.25
2023-01-25,6.7,7.9,0.0,0.0,67.0,10.3,4.35
2023-01-26,8.2,13.4,0.1,0.0,80.0,12.1,6.63
2023-01-27,11.1,12.6,7.1,0.0,96.0,12.6,3.59
2023-01-28,7.6,9.6,8.9,0.0,90.0,6.6,2.76
2023-01-29,5.0,6.7,2.3,0.07,90.0,10.9,3.47
2023-01-30,4.0,5.2,1.8,0.49,66.0,9.4,7.59
2023-01-31,2.9,4.6,3.1,1.19,74.0,10.3,7.7
2023-02-01,3.6,5.5,6.2,2.73,71.0,8.2,8.56
2023-02-02,4.4,10.5,1.4,0.0,45.0,13.4,10.72
2023-02-03,4.2,6.2,6.2,0.84,71.0,9.7,7.35
2023-02-04,2.1,4.6,5.9,2.59,78.0,9.0,3.9
2023-02-05,3.4,4.9,11.9,5.95,85.0,20.4,5.97
2023-02-06,2.7,3.5,26.4,17.01,99.0,19.7,4.54
2023-02-07,1.4,2.5,13.9,9.1,89.0,16.3,8.55
2023-02-08,1.0,2.0,8.5,5.32,75.0,11.9,8.14
2023-02-09,2.0,3.4,3.7,2.03,59.0,13.9,9.78
2023-02-10,2.9,4.7,0.7,0.0,72.0,12.4,9.54
2023-02-11,2.8,5.2,0.1,0.0,55.0,12.0,8.28
2023-02-12,1.9,5.9,0.0,0.0,30.0,8.8,12.2
2023-02-13,4.7,8.7,0.1,0.0,47.0,11.3,10.62
2023-02-14,3.7,8.3,0.0,0.0,31.0,7.0,13.05
2023-02-15,4.5,6.6,4.4,0.35,73.0,11.5,8.1
2023-02-16,4.3,8.8,0.0,0.0,27.0,6.4,13.06
2023-02-17,5.2,14.0,0.0,0.0,21.0,9.3,14.48
2023-02-18,8.6,16.5,0.0,0.0,53.0,14.5,11.85
2023-02-19,12.5,19.7,0.0,0.0,34.0,13.1,14.5
2023-02-20,9.2,13.4,5.1,0.0,59.0,12.1,6.46
2023-02-21,9.1,18.1,0.0,0.0,57.0,14.0,14.67
2023-02-22,10.8,18.5,0.0,0.0,28.0,8.8,15.18
2023-02-23,10.2,17.3,0.0,0.0,10.0,8.7,14.71
2023-02-24,9.7,15.0,0.0,0.0,59.0,7.4,13.05
2023-02-25,12.7,20.1,0.0,0.0,17.0,17.7,15.04
2023-02-26,15.3,21.5,0.0,0.0,72.0,11.3,14.46
2023-02-27,17.5,23.9,0.2,0.0,95.0,11.0,14.05
2023-02-28,14.9,17.3,0.6,0.0,100.0,7.2,6.79
2023-03-01,13.2,15.8,0.5,0.0,76.0,8.7,13.58
2023-03-02,9.8,11.4,0.0,0.0,100.0,8.0,5.83
2023-03-03,9.8,12.4,0.3,0.0,90.0,7.9,9.89
2023-03-04,10.7,13.9,0.0,0.0,90.0,12.9,10.92
2023-03-05,10.1,12.7,15.7,0.0,94.0,7.7,6.03
2023-03-06,10.6,13.9,11.4,0.0,68.0,10.5,12.11
2023-03-07,11.2,16.3,0.5,0.0,62.0,10.1,13.18
2023-03-08,13.7,17.4,0.1,0.0,50.0,14.0,13.53
2023-03-09,13.6,18.4,0.4,0.0,60.0,16.6,12.15
2023-03-10,14.9,19.0,0.0,0.0,79.0,12.8,10.03
2023-03-11,14.9,17.7,7.8,0.0,79.0,16.3,10.5
2023-03-12,9.6,12.8,13.5,0.0,99.0,10.8,3.41
2023-03-13,7.8,8.8,0.4,0.0,86.0,17.5,8.23
2023-03-14,8.1,11.2,0.0,0.0,67.0,10.4,11.61
2023-03-15,10.8,18.3,0.0,0.0,30.0,9.8,18.06
2023-03-16,11.9,14.3,9.4,0.0,93.0,7.4,11.24
2023-03-17,9.0,10.7,12.5,0.0,100.0,15.3,3.77
2023-03-18,8.0,9.0,6.1,0.0,99.0,12.7,5.64
2023-03-19,9.2,9.9,2.1,0.0,100.0,9.9,2.47
2023-03-20,11.6,16.0,0.0,0.0,67.0,8.3,14.78
2023-03-21,12.3,19.5,0.0,0.0,48.0,8.0,19.57
2023-03-22,11.4,14.0,10.1,0.0,98.0,7.6,6.68
2023-03-23,10.7,12.3,1.0,0.0,83.0,9.0,7.57
2023-03-24,11.7,15.9,0.0,0.0,67.0,10.1,16.41
2023-03-25,11.9,18.9,0.0,0.0,13.0,8.2,19.92
2023-03-26,12.1,17.9,0.9,0.0,60.0,10.2,16.13
2023-03-27,15.9,24.2,0.0,0.0,19.0,14.1,20.88
2023-03-28,10.6,15.0,21.1,0.0,88.0,15.5,7.22
2023-03-29,4.5,6.4,17.2,5.6,79.0,13.0,12.64
2023-03-30,4.2,9.5,0.8,0.0,22.0,18.3,20.43
2023-03-31,8.6,16.3,0.4,0.0,45.0,11.2,14.65
2023-04-01,15.4,23.1,0.0,0.0,37.0,15.1,18.17
2023-04-02,16.1,19.7,10.2,0.0,87.0,15.7,13.76
2023-04-03,17.0,22.2,3.0,0.0,70.0,8.9,20.6
2023-04-04,15.0,17.5,14.8,0.0,87.0,9.7,13.44
2023-04-05,10.5,12.0,7.9,0.0,91.0,8.2,5.72
2023-04-06,10.7,14.1,12.6,0.0,80.0,6.2,15.51
2023-04-07,10.4,12.9,9.9,0.0,73.0,7.7,13.95
2023-04-08,11.5,16.6,0.2,0.0,42.0,10.2,21.48
2023-04-09,12.0,15.8,0.9,0.0,77.0,10.8,13.81
2023-04-10,10.4,11.0,3.5,0.0,98.0,7.0,5.45
2023-04-11,10.1,12.3,12.5,0.0,95.0,12.3,12.46
2023-04-12,10.2,12.0,15.3,0.0,93.0,12.9,9.3
2023-04-13,13.3,18.7,1.0,0.0,39.0,11.9,20.46
2023-04-14,16.8,25.0,0.0,0.0,36.0,12.7,23.87
2023-04-15,18.0,22.2,0.7,0.0,95.0,9.5,12.4
2023-04-16,17.2,22.4,10.9,0.0,90.0,9.5,16.4
2023-04-17,16.4,19.7,10.0,0.0,71.0,7.7,17.85
2023-04-18,14.8,19.0,11.2,0.0,67.0,7.9,17.34
2023-04-19,14.0,17.0,4.6,0.0,45.0,10.6,17.99
2023-04-20,14.1,17.3,1.2,0.0,46.0,10.2,20.23
2023-04-21,14.6,18.9,0.6,0.0,27.0,11.3,22.13
2023-04-22,15.0,20.4,0.7,0.0,39.0,12.1,22.84
2023-04-23,13.7,17.4,0.0,0.0,73.0,14.1,19.41
2023-04-24,14.1,19.4,0.0,0.0,26.0,6.4,24.97
2023-04-25,15.2,23.3,2.5,0.0,58.0,10.1,18.2
2023-04-26,15.4,20.4,20.6,0.0,77.0,8.1,16.9
2023-04-27,11.1,13.2,32.2,0.0,97.0,14.7,3.16
2023-04-28,10.4,13.0,1.4,0.0,45.0,15.4,19.8
2023-04-29,10.8,13.2,0.7,0.0,66.0,12.8,19.4
2023-04-30,12.8,18.5,0.0,0.0,9.0,10.7,25.54
2023-05-01,14.5,20.9,0.0,0.0,6.0,13.8,25.81
2023-05-02,16.1,23.6,0.0,0.0,34.0,13.5,27.22
2023-05-03,18.1,25.3,0.5,0.0,75.0,9.3,22.12
2023-05-04,17.6,20.8,15.1,0.0,84.0,7.9,18.85
2023-05-05,14.7,16.3,4.6,0.0,100.0,13.6,9.89
2023-05-06,14.1,17.0,9.2,0.0,89.0,14.6,13.17
2023-05-07,14.8,18.3,0.9,0.0,43.0,13.4,15.09
2023-05-08,15.9,20.6,0.0,0.0,60.0,11.5,23.3
2023-05-09,14.4,16.6,1.2,0.0,93.0,13.0,10.2
2023-05-10,13.4,14.9,0.3,0.0,96.0,12.8,9.09
2023-05-11,13.9,16.8,0.0,0.0,91.0,13.7,14.44
2023-05-12,13.0,14.0,4.0,0.0,100.0,11.2,6.8
2023-05-13,14.4,17.8,0.0,0.0,85.0,8.1,17.75
2023-05-14,15.9,21.7,0.6,0.0,72.0,7.8,24.26
2023-05-15,20.6,26.8,0.1,0.0,77.0,7.2,26.07
2023-05-16,23.3,31.3,6.5,0.0,87.0,8.4,21.33
2023-05-17,19.1,20.6,23.5,0.0,90.0,9.7,9.28
2023-05-18,15.4,16.5,13.1,0.0,99.0,10.7,5.13
2023-05-19,15.3,16.8,7.2,0.0,86.0,9.9,12.17
2023-05-20,16.4,19.6,3.8,0.0,62.0,10.1,19.56
2023-05-21,17.8,22.3,0.3,0.0,71.0,9.7,21.1
2023-05-22,17.6,20.2,0.4,0.0,96.0,15.7,13.94
2023-05-23,16.4,18.2,5.8,0.0,98.0,7.6,8.41
2023-05-24,16.8,18.7,1.6,0.0,84.0,7.2,10.77
2023-05-25,18.9,22.1,1.7,0.0,78.0,9.0,16.91
2023-05-26,19.8,23.9,0.0,0.0,38.0,11.8,24.02
2023-05-27,19.4,23.2,0.9,0.0,72.0,11.2,20.06
2023-05-28,18.9,21.3,3.0,0.0,96.0,11.6,11.36
2023-05-29,18.9,21.5,1.7,0.0,93.0,10.8,14.01
2023-05-30,19.7,22.4,2.4,0.0,93.0,9.2,18.06
2023-05-31,20.5,23.9,1.4,0.0,91.0,10.5,18.52
2023-06-01,20.3,25.1,0.0,0.0,45.0,11.3,23.14
2023-06-02,20.9,27.4,3.1,0.0,82.0,10.9,21.82
2023-06-03,19.7,21.8,8.0,0.0,94.0,10.7,12.39
2023-06-04,18.6,20.2,6.0,0.0,96.0,10.5,9.62
2023-06-05,19.7,23.0,1.0,0.0,65.0,14.3,18.7
2023-06-06,20.7,26.7,0.0,0.0,21.0,13.1,26.02
2023-06-07,21.6,26.4,0.0,0.0,18.0,11.2,24.67
2023-06-08,21.2,24.5,0.3,0.0,95.0,9.3,12.27
2023-06-09,20.6,23.8,0.4,0.0,78.0,9.4,18.59
2023-06-10,21.1,25.3,0.0,0.0,75.0,9.6,25.08
2023-06-11,21.2,26.2,0.0,0.0,78.0,11.4,20.94
2023-06-12,20.6,23.6,2.3,0.0,47.0,12.4,21.64
2023-06-13,19.9,22.5,1.0,0.0,93.0,13.1,13.83
2023-06-14,20.2,23.7,0.3,0.0,78.0,10.1,18.49
2023-06-15,22.6,27.9,0.0,0.0,43.0,10.5,23.58
2023-06-16,23.9,28.9,5.7,0.0,61.0,6.9,21.52
2023-06-17,22.0,24.5,15.2,0.0,89.0,8.2,15.72
2023-06-18,21.3,23.8,11.8,0.0,86.0,8.7,17.52
2023-06-19,21.6,24.5,10.9,0.0,78.0,10.2,15.02
2023-06-20,22.0,25.7,1.0,0.0,39.0,10.8,23.7
2023-06-21,22.8,26.9,0.5,0.0,31.0,10.7,23.88
2023-06-22,23.5,28.2,0.0,0.0,32.0,13.1,29.19
2023-06-23,23.7,29.6,0.0,0.0,11.0,12.5,29.52
2023-06-24,25.0,31.4,0.0,0.0,4.0,10.9,29.55
2023-06-25,24.2,28.3,0.0,0.0,20.0,9.4,27.03
2023-06-26,23.4,26.8,0.0,0.0,33.0,12.3,26.32
2023-06-27,24.0,27.7,0.4,0.0,29.0,14.0,23.16
2023-06-28,24.1,28.9,0.0,0.0,4.0,11.6,28.72
2023-06-29,21.2,23.7,0.7,0.0,29.0,11.2,22.5
2023-06-30,22.1,26.7,0.0,0.0,22.0,10.4,28.97
2023-07-01,23.1,28.6,0.0,0.0,2.0,9.6,29.73
2023-07-02,25.1,31.4,0.0,0.0,6.0,7.2,29.05
2023-07-03,25.8,30.8,0.5,0.0,18.0,9.3,23.84
2023-07-04,26.3,31.8,0.0,0.0,10.0,12.5,27.94
2023-07-05,26.0,30.8,0.9,0.0,41.0,12.1,22.26
2023-07-06,25.9,30.0,2.1,0.0,70.0,11.2,18.14
2023-07-07,26.3,30.8,0.6,0.0,21.0,11.9,26.45
2023-07-08,23.0,25.0,22.8,0.0,71.0,10.6,15.22
2023-07-09,21.0,23.2,7.4,0.0,71.0,13.5,11.69
2023-07-10,22.9,27.3,0.0,0.0,6.0,8.4,27.18
2023-07-11,24.4,29.5,0.0,0.0,7.0,6.5,27.95
2023-07-12,26.0,31.0,0.0,0.0,6.0,9.0,28.31
2023-07-13,27.5,33.4,0.0,0.0,2.0,7.6,28.21
2023-07-14,28.5,34.5,0.0,0.0,0.0,9.0,28.07
2023-07-15,28.0,32.7,0.0,0.0,0.0,13.6,27.98
2023-07-16,24.7,30.2,0.0,0.0,0.0,16.3,29.08
2023-07-17,24.3,30.0,0.0,0.0,2.0,16.4,28.57
2023-07-18,24.1,29.8,0.0,0.0,4.0,14.0,28.25
2023-07-19,25.3,31.5,0.0,0.0,0.0,13.3,28.51
2023-07-20,27.1,33.6,0.0,0.0,1.0,10.0,28.14
2023-07-21,27.7,32.1,0.0,0.0,9.0,12.6,27.45
2023-07-22,28.4,33.0,0.0,0.0,7.0,8.4,27.8
2023-07-23,28.5,34.2,0.0,0.0,4.0,16.4,27.41
2023-07-24,26.1,29.6,0.8,0.0,21.0,14.0,24.47
2023-07-25,26.2,33.0,0.0,0.0,0.0,9.1,28.31
2023-07-26,30.5,39.9,0.0,0.0,1.0,9.9,27.83
2023-07-27,25.6,29.5,3.1,0.0,52.0,17.9,17.31
2023-07-28,23.0,28.0,0.0,0.0,7.0,13.0,26.81
2023-07-29,23.1,29.2,0.0,0.0,0.0,15.5,27.78
2023-07-30,23.5,29.5,0.0,0.0,0.0,14.7,27.63
2023-07-31,23.4,28.5,0.0,0.0,1.0,16.0,27.35
2023-08-01,24.7,29.9,0.0,0.0,31.0,16.6,23.43
2023-08-02,25.9,31.1,0.0,0.0,1.0,9.4,27.02
2023-08-03,28.1,35.0,0.0,0.0,1.0,10.4,26.83
2023-08-04,29.5,37.5,0.0,0.0,1.0,15.7,26.74
2023-08-05,28.7,34.7,0.0,0.0,5.0,9.8,26.45
2023-08-06,29.7,36.4,0.0,0.0,2.0,18.8,25.18
2023-08-07,27.2,31.7,0.0,0.0,2.0,13.3,26.26
2023-08-08,25.3,29.3,0.0,0.0,28.0,22.7,22.54
2023-08-09,23.3,24.9,0.5,0.0,74.0,18.2,10.88
2023-08-10,23.3,25.1,1.1,0.0,90.0,10.9,10.83
2023-08-11,22.9,25.2,6.0,0.0,68.0,16.3,8.67
2023-08-12,23.8,28.1,0.0,0.0,36.0,20.0,15.08
2023-08-13,25.6,30.9,0.0,0.0,49.0,18.7,21.04
2023-08-14,27.0,31.4,0.0,0.0,53.0,11.0,21.12
2023-08-15,26.4,30.3,0.1,0.0,71.0,9.6,19.78
2023-08-16,26.9,30.4,0.5,0.0,69.0,11.1,17.95
2023-08-17,28.3,33.7,0.2,0.0,49.0,13.0,22.08
2023-08-18,28.5,36.0,0.0,0.0,38.0,13.5,22.66
2023-08-19,28.1,35.0,0.0,0.0,31.0,15.7,23.1
2023-08-20,27.2,32.3,0.2,0.0,26.0,17.4,20.36
2023-08-21,27.2,33.8,0.0,0.0,1.0,18.4,24.8
2023-08-22,28.0,36.2,0.0,0.0,1.0,18.7,24.65
2023-08-23,28.1,35.5,0.0,0.0,3.0,17.2,23.98
2023-08-24,27.0,33.6,0.0,0.0,4.0,18.0,23.87
2023-08-25,26.8,33.9,0.0,0.0,8.0,17.4,23.23
2023-08-26,27.4,35.0,0.0,0.0,17.0,19.0,22.84
2023-08-27,26.2,31.4,0.0,0.0,35.0,14.3,20.67
2023-08-28,25.0,30.2,0.2,0.0,55.0,14.6,18.12
2023-08-29,26.4,33.6,0.0,0.0,4.0,10.3,23.43
2023-08-30,27.9,34.2,0.3,0.0,6.0,12.2,21.78
2023-08-31,28.1,33.4,0.0,0.0,12.0,12.7,22.59
2023-09-01,25.6,29.6,2.1,0.0,56.0,10.1,16.28
2023-09-02,25.3,28.9,1.3,0.0,65.0,16.7,14.72
2023-09-03,24.2,27.3,1.2,0.0,42.0,16.3,16.8
2023-09-04,23.6,28.6,0.9,0.0,63.0,14.8,14.87
2023-09-05,25.0,30.5,2.1,0.0,91.0,14.1,15.29
2023-09-06,25.6,30.3,1.8,0.0,65.0,16.9,14.56
2023-09-07,25.0,29.7,3.6,0.0,54.0,18.5,14.04
2023-09-08,23.8,27.0,4.9,0.0,63.0,17.1,15.4
2023-09-09,22.9,27.8,0.0,0.0,34.0,18.7,18.28
2023-09-10,22.0,28.3,0.0,0.0,10.0,19.4,21.11
2023-09-11,21.6,27.0,0.0,0.0,24.0,17.4,20.27
2023-09-12,20.8,27.7,0.0,0.0,2.0,14.8,21.34
2023-09-13,21.3,28.6,0.0,0.0,0.0,12.3,21.37
2023-09-14,22.5,29.5,0.0,0.0,6.0,12.6,21.4
2023-09-15,22.9,29.6,0.0,0.0,8.0,13.2,20.7
2023-09-16,22.7,28.7,0.0,0.0,10.0,14.5,20.26
2023-09-17,22.8,29.2,0.0,0.0,28.0,17.7,18.99
2023-09-18,21.2,27.1,0.0,0.0,30.0,18.3,19.04
2023-09-19,21.1,27.6,0.0,0.0,18.0,15.2,19.74
2023-09-20,20.8,27.0,0.0,0.0,12.0,12.6,19.75
2023-09-21,21.4,27.5,0.0,0.0,22.0,11.2,18.93
2023-09-22,23.4,30.6,0.0,0.0,8.0,6.2,19.14
2023-09-23,25.6,32.9,0.0,0.0,1.0,9.9,18.85
2023-09-24,25.4,32.9,0.0,0.0,0.0,15.5,19.02
2023-09-25,23.3,30.6,0.0,0.0,53.0,13.9,16.3
2023-09-26,23.5,30.0,0.0,0.0,32.0,17.9,16.91
2023-09-27,22.6,28.1,0.0,0.0,69.0,10.0,14.19
2023-09-28,22.0,26.2,7.7,0.0,93.0,9.5,12.51
2023-09-29,20.6,23.7,7.1,0.0,66.0,8.9,10.2
2023-09-30,20.3,23.2,17.9,0.0,81.0,8.9,8.73
2023-10-01,19.3,20.7,33.0,0.0,97.0,12.8,5.3
2023-10-02,19.0,20.7,13.0,0.0,82.0,13.6,7.66
2023-10-03,18.5,22.5,0.0,0.0,30.0,13.0,13.2
2023-10-04,17.6,23.3,0.0,0.0,2.0,10.8,17.55
2023-10-05,18.2,24.4,0.0,0.0,30.0,11.0,16.98
2023-10-06,18.6,23.7,0.0,0.0,52.0,13.2,15.37
2023-10-07,19.5,25.1,0.0,0.0,44.0,11.3,15.12
2023-10-08,18.7,23.9,0.0,0.0,6.0,7.9,16.09
2023-10-09,16.7,18.9,0.8,0.0,49.0,11.8,7.13
2023-10-10,16.3,21.2,0.0,0.0,29.0,8.9,14.4
2023-10-11,16.2,19.8,0.1,0.0,36.0,17.1,9.75
2023-10-12,17.1,23.4,0.0,0.0,2.0,11.0,16.07
2023-10-13,17.0,22.8,0.0,0.0,8.0,6.9,14.84
2023-10-14,18.0,23.4,0.0,0.0,73.0,8.4,13.31
2023-10-15,17.6,24.2,0.0,0.0,26.0,8.0,14.64
2023-10-16,15.1,20.2,1.6,0.0,56.0,14.4,7.83
2023-10-17,15.8,19.8,0.0,0.0,89.0,11.1,7.35
2023-10-18,14.9,15.8,5.0,0.0,83.0,7.3,2.79
2023-10-19,15.5,20.2,0.0,0.0,63.0,7.9,10.21
2023-10-20,17.7,26.5,0.0,0.0,25.0,10.5,14.18
2023-10-21,20.5,29.2,0.0,0.0,1.0,9.2,14.18
2023-10-22,20.1,28.1,0.0,0.0,29.0,6.1,12.63
2023-10-23,20.1,27.9,0.0,0.0,44.0,6.6,12.39
2023-10-24,19.2,24.7,0.0,0.0,36.0,6.4,12.97
2023-10-25,19.0,26.6,0.0,0.0,92.0,12.0,10.79
2023-10-26,21.0,25.7,0.2,0.0,97.0,13.1,6.17
2023-10-27,21.4,28.0,0.0,0.0,61.0,14.5,11.89
2023-10-28,22.3,27.7,0.0,0.0,38.0,12.8,11.01
2023-10-29,20.2,24.9,0.1,0.0,74.0,5.9,8.5
2023-10-30,19.7,25.4,1.3,0.0,27.0,7.4,11.11
2023-10-31,19.3,24.2,0.0,0.0,26.0,6.8,11.78
2023-11-01,19.4,24.8,0.0,0.0,45.0,9.7,8.64
2023-11-02,16.9,21.6,18.3,0.0,91.0,9.2,7.26
2023-11-03,19.4,25.6,0.1,0.0,73.0,10.9,9.37
2023-11-04,24.1,30.0,0.0,0.0,86.0,15.5,11.01
2023-11-05,19.5,24.6,9.7,0.0,41.0,14.8,9.57
2023-11-06,20.3,25.2,0.0,0.0,27.0,14.1,10.26
2023-11-07,18.5,24.2,0.0,0.0,35.0,6.6,7.68
2023-11-08,17.9,25.0,0.0,0.0,52.0,9.2,10.2
2023-11-09,14.8,16.9,3.8,0.0,80.0,9.2,2.31
2023-11-10,14.0,19.1,0.0,0.0,66.0,7.2,9.42
2023-11-11,19.1,23.9,4.6,0.0,75.0,23.2,6.42
2023-11-12,16.8,19.3,22.7,0.0,72.0,11.5,7.79
2023-11-13,15.0,16.7,32.0,0.0,97.0,12.3,2.33
2023-11-14,13.8,18.6,0.6,0.0,44.0,6.3,9.57
2023-11-15,14.7,22.9,0.0,0.0,19.0,9.7,10.53
2023-11-16,13.3,14.9,14.9,0.0,58.0,11.5,4.89
2023-11-17,11.5,16.2,0.0,0.0,61.0,9.1,6.9
2023-11-18,11.5,15.7,38.3,0.91,95.0,19.2,1.58
2023-11-19,5.2,7.3,33.9,11.76,98.0,22.4,1.96
2023-11-20,6.6,10.2,0.5,0.0,35.0,8.8,6.59
2023-11-21,10.5,17.1,0.0,0.0,45.0,8.4,9.49
2023-11-22,16.1,21.4,1.0,0.0,83.0,10.8,8.47
2023-11-23,15.0,16.5,15.4,0.0,88.0,4.5,2.91
2023-11-24,15.3,18.5,0.6,0.0,67.0,10.9,7.05
2023-11-25,15.4,17.3,1.5,0.0,78.0,13.4,5.19
2023-11-26,9.2,15.2,16.5,0.35,88.0,21.3,4.42
2023-11-27,3.8,5.4,4.4,1.12,62.0,12.4,4.37
2023-11-28,7.4,12.7,2.6,0.0,54.0,18.4,7.17
2023-11-29,15.1,16.5,18.8,0.0,89.0,20.0,3.92
2023-11-30,13.5,15.1,31.6,0.0,86.0,5.8,3.54
2023-12-01,15.5,20.1,0.0,0.0,76.0,15.8,7.98
2023-12-02,17.3,23.0,0.0,0.0,60.0,15.4,8.64
2023-12-03,17.8,22.5,0.0,0.0,96.0,13.8,6.88
2023-12-04,12.1,13.4,3.4,0.0,87.0,8.7,2.44
2023-12-05,11.7,13.9,0.6,0.0,76.0,11.4,6.16
2023-12-06,12.2,13.8,3.4,0.0,97.0,5.8,3.67
2023-12-07,12.7,14.5,9.6,0.0,99.0,7.9,4.44
2023-12-08,10.3,11.7,14.9,0.0,100.0,11.7,1.43
2023-12-09,8.0,8.8,17.5,0.0,100.0,13.4,0.97
2023-12-10,8.7,12.2,0.0,0.0,49.0,5.8,7.54
2023-12-11,10.3,12.7,0.0,0.0,57.0,6.4,6.81
2023-12-12,9.8,12.2,0.2,0.0,66.0,6.5,4.66
2023-12-13,9.8,15.2,0.1,0.0,50.0,8.9,8.29
2023-12-14,14.3,20.2,0.0,0.0,67.0,13.2,7.16
2023-12-15,14.2,19.4,0.5,0.0,87.0,9.5,7.46
2023-12-16,11.1,12.6,14.0,0.0,90.0,15.4,2.42
2023-12-17,7.1,8.8,3.3,0.0,68.0,14.9,3.88
2023-12-18,5.9,11.1,0.0,0.0,0.0,6.9,8.31
2023-12-19,8.1,13.5,0.0,0.0,14.0,6.4,8.22
2023-12-20,8.7,17.2,0.0,0.0,7.0,8.5,8.43
2023-12-21,10.5,13.7,11.7,0.0,88.0,8.4,1.68
2023-12-22,11.2,13.7,8.9,0.0,95.0,11.8,4.6
2023-12-23,10.8,15.1,2.1,0.0,47.0,19.2,7.74
2023-12-24,13.2,16.0,0.6,0.0,51.0,16.6,7.59
2023-12-25,12.1,20.0,0.0,0.0,9.0,11.3,8.17
2023-12-26,12.0,19.5,0.0,0.0,1.0,8.6,8.28
2023-12-27,12.2,17.6,0.0,0.0,14.0,8.6,7.05
2023-12-28,10.8,16.5,0.0,0.0,1.0,5.8,7.78
2023-12-29,9.5,16.2,0.0,0.0,5.0,8.9,8.63
2023-12-30,10.2,16.5,0.0,0.0,70.0,7.9,7.73
2023-12-31,12.4,16.6,0.0,0.0,76.0,6.3,5.1
2024-01-01,11.8,16.4,0.0,0.0,69.0,8.8,6.25
2024-01-02,11.6,15.1,5.8,0.0,83.0,8.9,3.78
2024-01-03,12.5,17.0,0.3,0.0,85.0,11.7,6.32
2024-01-04,13.6,17.6,0.5,0.0,41.0,12.7,6.36
2024-01-05,12.7,17.4,5.4,0.0,21.0,12.6,8.83
2024-01-06,11.5,18.1,0.0,0.0,57.0,10.6,7.61
2024-01-07,13.2,14.3,4.2,0.0,60.0,12.3,4.73
2024-01-08,12.8,16.2,3.1,0.0,53.0,13.6,6.62
2024-01-09,7.1,10.3,14.3,0.0,94.0,13.3,1.55
2024-01-10,4.8,5.6,13.2,2.52,98.0,14.5,2.15
2024-01-11,4.7,5.8,0.1,0.0,83.0,10.0,3.77
2024-01-12,4.9,6.0,1.3,0.14,60.0,11.5,6.06
2024-01-13,2.8,4.6,0.2,0.14,34.0,11.3,9.06
2024-01-14,2.6,8.6,0.0,0.0,8.0,7.3,10.04
2024-01-15,7.4,13.1,0.0,0.0,51.0,11.5,8.41
2024-01-16,11.4,13.8,19.6,0.0,85.0,13.4,2.07
2024-01-17,9.9,14.2,0.0,0.0,45.0,7.1,7.97
2024-01-18,11.5,15.4,0.8,0.0,81.0,15.1,3.91
2024-01-19,15.2,19.1,0.4,0.0,29.0,15.1,7.81
2024-01-20,10.1,13.7,15.8,0.28,90.0,11.4,3.15
2024-01-21,4.8,5.9,13.4,5.04,94.0,15.5,3.79
2024-01-22,5.0,6.7,0.7,0.0,48.0,17.7,7.51
2024-01-23,4.2,9.5,0.0,0.0,3.0,9.4,10.92
2024-01-24,4.4,8.1,0.0,0.0,42.0,9.2,8.8
2024-01-25,5.7,9.7,1.4,0.0,72.0,10.6,6.89
2024-01-26,7.1,9.5,6.8,0.0,52.0,11.6,8.26
2024-01-27,6.3,8.7,5.2,0.28,79.0,12.6,6.88
2024-01-28,5.2,6.3,8.1,1.47,68.0,10.6,6.25
2024-01-29,3.6,5.6,3.0,0.7,73.0,10.2,8.68
2024-01-30,4.2,7.0,0.7,0.0,65.0,18.5,8.54
2024-01-31,5.2,8.3,0.0,0.0,66.0,16.7,6.23
2024-02-01,5.6,9.5,0.0,0.0,54.0,8.5,7.61
2024-02-02,5.2,9.1,0.0,0.0,55.0,6.9,10.09
2024-02-03,6.7,9.8,0.2,0.0,50.0,8.3,9.32
2024-02-04,6.4,11.5,1.0,0.0,71.0,10.3,8.82
2024-02-05,11.0,16.8,0.3,0.0,32.0,15.7,9.0
2024-02-06,12.6,20.4,0.0,0.0,2.0,12.4,12.39
2024-02-07,12.6,20.4,0.0,0.0,36.0,12.2,12.08
2024-02-08,14.4,19.8,0.0,0.0,93.0,14.0,9.88
2024-02-09,12.6,19.4,0.0,0.0,21.0,8.0,12.35
2024-02-10,13.2,20.0,0.0,0.0,72.0,13.7,12.41
2024-02-11,15.4,20.1,0.0,0.0,97.0,9.3,8.49
2024-02-12,15.5,19.5,1.6,0.0,91.0,10.4,8.83
2024-02-13,11.6,15.2,14.1,0.0,60.0,10.4,10.54
2024-02-14,9.2,10.9,6.4,0.0,93.0,13.1,4.38
2024-02-15,7.9,8.4,24.8,0.0,100.0,11.9,1.77
2024-02-16,8.0,8.7,1.9,0.0,100.0,7.6,3.6
2024-02-17,8.0,8.2,0.8,0.0,98.0,9.5,3.28
2024-02-18,8.4,10.9,0.0,0.0,73.0,9.7,9.11
2024-02-19,7.7,9.7,0.0,0.0,68.0,11.3,7.52
2024-02-20,7.1,11.7,0.0,0.0,26.0,11.2,12.73
2024-02-21,7.3,10.8,0.0,0.0,44.0,9.1,14.28
2024-02-22,7.5,14.0,0.0,0.0,3.0,6.0,15.19
2024-02-23,10.2,18.2,0.0,0.0,26.0,11.2,11.65
2024-02-24,13.5,20.1,0.0,0.0,17.0,9.7,13.88
2024-02-25,12.9,20.1,0.0,0.0,71.0,8.6,11.92
2024-02-26,12.8,18.5,0.0,0.0,96.0,7.6,11.02
2024-02-27,11.9,16.2,0.0,0.0,27.0,7.0,14.97
2024-02-28,11.3,18.0,0.0,0.0,68.0,5.1,13.67
2024-02-29,12.5,20.6,0.0,0.0,14.0,6.4,15.97
2024-03-01,12.1,16.1,0.0,0.0,99.0,6.6,12.76
2024-03-02,12.0,16.6,4.2,0.0,68.0,6.6,13.65
2024-03-03,11.2,14.6,1.8,0.0,42.0,8.5,11.39
2024-03-04,11.9,16.3,0.2,0.0,30.0,6.4,13.37
2024-03-05,10.5,15.2,9.9,0.0,78.0,9.7,6.84
2024-03-06,9.6,11.0,3.6,0.0,75.0,9.2,9.1
2024-03-07,9.3,14.1,0.0,0.0,44.0,7.1,16.45
2024-03-08,7.9,9.0,13.2,0.0,99.0,9.8,4.6
2024-03-09,8.2,9.5,2.8,0.0,57.0,7.9,12.54
2024-03-10,8.7,13.8,0.0,0.0,18.0,6.2,17.43
2024-03-11,12.7,21.5,0.0,0.0,43.0,9.5,16.99
2024-03-12,14.5,19.3,3.9,0.0,78.0,10.7,10.27
2024-03-13,11.9,14.5,5.1,0.0,55.0,13.0,14.18
2024-03-14,11.1,15.6,5.9,0.0,64.0,10.6,14.96
2024-03-15,9.7,11.4,8.3,0.0,82.0,9.2,7.69
2024-03-16,10.1,13.5,0.0,0.0,58.0,8.7,11.77
2024-03-17,9.9,15.4,0.0,0.0,64.0,13.4,17.83
2024-03-18,10.5,15.5,0.0,0.0,37.0,9.4,20.22
2024-03-19,10.9,17.3,0.0,0.0,48.0,9.7,19.45
2024-03-20,8.0,9.9,8.3,0.0,99.0,14.5,4.34
2024-03-21,7.7,12.1,1.7,0.0,32.0,8.8,20.06
2024-03-22,7.5,9.8,7.7,0.14,72.0,9.7,14.98
2024-03-23,8.5,13.8,0.0,0.0,21.0,6.5,17.78
2024-03-24,10.6,18.8,0.0,0.0,15.0,13.0,21.42
2024-03-25,10.9,17.0,15.7,0.0,50.0,21.5,12.98
2024-03-26,10.0,15.4,0.0,0.0,55.0,7.8,19.99
2024-03-27,16.4,23.6,0.9,0.0,58.0,9.4,19.02
2024-03-28,19.2,25.6,0.4,0.0,68.0,11.5,14.54
2024-03-29,17.5,23.7,0.0,0.0,4.0,10.3,21.71
2024-03-30,18.1,25.8,0.0,0.0,66.0,8.0,20.71
2024-03-31,20.1,27.9,0.0,0.0,46.0,10.8,21.66
2024-04-01,19.8,28.2,0.0,0.0,19.0,8.6,22.36
2024-04-02,21.9,30.7,0.0,0.0,74.0,10.8,22.23
2024-04-03,18.4,21.9,0.0,0.0,44.0,12.1,21.27
2024-04-04,15.1,21.3,0.0,0.0,67.0,11.5,21.57
2024-04-05,14.8,20.5,0.0,0.0,19.0,10.2,21.51
2024-04-06,15.4,20.5,0.1,0.0,28.0,9.8,23.15
2024-04-07,13.7,16.9,1.4,0.0,70.0,16.2,13.23
2024-04-08,13.8,18.3,0.0,0.0,24.0,20.3,19.67
2024-04-09,15.0,20.4,0.0,0.0,5.0,13.6,21.42
2024-04-10,15.0,20.1,0.0,0.0,3.0,10.1,22.78
2024-04-11,15.6,21.2,0.0,0.0,28.0,14.9,20.95
2024-04-12,16.4,21.6,0.0,0.0,13.0,13.4,19.62
2024-04-13,16.9,22.2,0.0,0.0,9.0,13.7,23.32
2024-04-14,16.7,22.1,0.0,0.0,4.0,13.0,23.97
2024-04-15,18.2,26.1,0.0,0.0,0.0,7.0,24.53
2024-04-16,21.6,29.5,0.0,0.0,45.0,11.5,24.13
2024-04-17,21.8,27.6,0.2,0.0,86.0,10.0,17.07
2024-04-18,18.8,22.5,2.3,0.0,57.0,17.0,18.18
2024-04-19,15.5,18.2,2.0,0.0,70.0,8.7,14.25
2024-04-20,13.4,16.7,23.5,0.0,90.0,24.1,8.19
2024-04-21,14.5,20.3,0.4,0.0,28.0,10.8,21.6
2024-04-22,16.7,20.7,0.4,0.0,68.0,12.9,16.53
2024-04-23,20.2,25.8,0.2,0.0,94.0,10.2,19.6
2024-04-24,23.3,25.7,0.0,0.0,75.0,11.8,23.56
2024-04-25,20.9,25.0,6.9,0.0,89.0,8.0,15.91
2024-04-26,17.8,20.7,0.1,0.0,21.0,9.9,19.82
2024-04-27,16.1,21.1,0.0,0.0,49.0,19.0,19.18
2024-04-28,15.1,17.6,2.3,0.0,88.0,12.6,11.23
2024-04-29,15.1,16.1,0.1,0.0,91.0,11.5,7.87
2024-04-30,16.3,19.4,0.0,0.0,96.0,13.4,12.02
2024-05-01,15.5,16.5,5.7,0.0,100.0,9.4,9.05
2024-05-02,15.1,17.0,1.0,0.0,84.0,8.7,8.87
2024-05-03,15.6,21.5,7.8,0.0,64.0,8.8,15.26
2024-05-04,13.8,16.3,8.9,0.0,84.0,6.9,13.48
2024-05-05,14.9,18.1,0.9,0.0,46.0,15.7,21.22
2024-05-06,14.2,19.7,0.0,0.0,5.0,8.4,27.84
2024-05-07,17.3,24.3,0.0,0.0,5.0,7.2,27.0
2024-05-08,19.5,25.8,0.0,0.0,30.0,9.4,25.31
2024-05-09,17.2,19.3,2.4,0.0,96.0,8.8,12.69
2024-05-10,17.0,19.9,3.5,0.0,96.0,15.1,14.07
2024-05-11,14.2,15.0,7.9,0.0,83.0,14.1,4.9
2024-05-12,15.2,19.8,0.3,0.0,42.0,11.6,20.38
2024-05-13,13.1,14.9,5.9,0.0,64.0,12.4,9.44
2024-05-14,12.6,18.0,0.0,0.0,35.0,11.9,27.29
2024-05-15,14.2,20.7,0.0,0.0,26.0,13.4,26.59
2024-05-16,15.8,20.1,0.3,0.0,62.0,10.3,26.01
2024-05-17,19.4,25.0,0.2,0.0,52.0,9.2,25.93
2024-05-18,19.7,24.6,0.0,0.0,51.0,9.5,24.77
2024-05-19,20.0,25.5,1.2,0.0,84.0,9.0,16.56
2024-05-20,19.9,24.3,0.0,0.0,46.0,10.5,25.66
2024-05-21,19.7,24.7,0.0,0.0,42.0,8.2,26.52
2024-05-22,21.9,27.8,2.1,0.0,19.0,6.9,27.04
2024-05-23,18.6,22.1,6.2,0.0,71.0,13.5,14.73
2024-05-24,17.7,21.2,7.2,0.0,81.0,11.0,13.41
2024-05-25,19.0,23.4,1.1,0.0,49.0,15.0,19.07
2024-05-26,19.0,23.3,0.3,0.0,49.0,19.9,19.13
2024-05-27,16.9,20.5,0.7,0.0,61.0,14.3,20.58
2024-05-28,17.4,21.0,0.5,0.0,43.0,9.5,21.5
2024-05-29,19.7,25.4,0.1,0.0,20.0,6.4,25.84
2024-05-30,21.3,26.4,3.5,0.0,28.0,9.3,24.41
2024-05-31,22.6,28.5,1.2,0.0,17.0,7.1,26.07
2024-06-01,24.4,30.6,0.0,0.0,2.0,8.7,28.24
2024-06-02,25.3,31.6,0.0,0.0,30.0,7.5,27.31
2024-06-03,26.9,33.7,0.0,0.0,20.0,8.8,28.11
2024-06-04,28.1,35.8,0.0,0.0,37.0,9.2,27.15
2024-06-05,27.7,32.8,0.0,0.0,5.0,7.9,28.41
2024-06-06,26.5,32.5,0.0,0.0,39.0,12.3,27.07
2024-06-07,25.2,29.7,0.6,0.0,78.0,11.7,20.6
2024-06-08,24.0,28.4,0.0,0.0,13.0,17.2,27.83
2024-06-09,24.6,30.6,0.0,0.0,2.0,12.0,29.25
2024-06-10,25.8,32.6,0.0,0.0,1.0,8.0,29.61
2024-06-11,28.9,36.5,0.0,0.0,11.0,7.9,28.88
2024-06-12,30.0,35.5,0.0,0.0,8.0,7.3,28.76
2024-06-13,30.3,36.2,0.0,0.0,41.0,12.0,27.81
2024-06-14,27.9,36.5,5.0,0.0,64.0,23.5,22.91
2024-06-15,22.4,26.3,0.5,0.0,38.0,13.5,23.01
2024-06-16,23.6,29.2,0.0,0.0,6.0,15.6,29.73
2024-06-17,24.9,31.0,0.0,0.0,0.0,14.6,29.88
2024-06-18,25.4,32.3,0.0,0.0,10.0,18.4,29.83
2024-06-19,25.4,32.0,0.0,0.0,30.0,17.9,29.15
2024-06-20,25.6,32.5,0.0,0.0,8.0,18.7,28.85
2024-06-21,26.3,32.3,0.0,0.0,4.0,22.0,29.57
2024-06-22,25.1,30.5,0.0,0.0,15.0,18.7,28.52
2024-06-23,25.5,32.9,0.0,0.0,2.0,14.1,29.4
2024-06-24,25.6,31.4,0.0,0.0,14.0,13.3,27.31
2024-06-25,26.1,31.7,0.0,0.0,17.0,21.5,28.17
2024-06-26,25.1,30.4,0.0,0.0,2.0,19.8,29.44
2024-06-27,25.1,31.3,0.0,0.0,1.0,15.9,29.34
2024-06-28,24.9,30.0,0.7,0.0,30.0,16.2,25.5
2024-06-29,24.9,29.6,0.6,0.0,26.0,24.5,25.94
2024-06-30,25.5,31.1,0.0,0.0,3.0,18.7,29.37
2024-07-01,25.4,31.5,0.0,0.0,1.0,15.6,29.59
2024-07-02,27.0,33.2,0.0,0.0,9.0,9.0,29.36
2024-07-03,28.2,35.0,1.0,0.0,36.0,13.1,23.59
2024-07-04,24.2,27.0,7.7,0.0,73.0,10.8,18.27
2024-07-05,23.3,26.8,3.5,0.0,62.0,14.3,19.75
2024-07-06,24.6,28.5,0.0,0.0,26.0,18.2,23.14
2024-07-07,26.5,31.6,0.0,0.0,12.0,17.5,27.69
2024-07-08,27.0,32.8,0.0,0.0,3.0,17.5,27.85
2024-07-09,28.6,34.1,0.1,0.0,5.0,16.9,27.48
2024-07-10,28.4,33.5,2.1,0.0,28.0,14.6,24.22
2024-07-11,26.1,28.4,11.9,0.0,62.0,10.4,18.51
2024-07-12,26.8,30.3,4.5,0.0,63.0,14.0,21.38
2024-07-13,27.2,31.7,0.7,0.0,21.0,14.2,24.32
2024-07-14,27.4,32.0,0.0,0.0,11.0,17.1,25.59
2024-07-15,26.8,32.3,0.0,0.0,0.0,19.1,28.3
2024-07-16,27.6,33.6,0.0,0.0,19.0,16.5,26.57
2024-07-17,28.9,34.2,0.4,0.0,14.0,17.0,26.05
2024-07-18,29.9,36.3,0.0,0.0,7.0,18.7,26.58
2024-07-19,29.3,34.7,0.2,0.0,15.0,18.0,24.35
2024-07-20,29.3,34.7,0.4,0.0,24.0,16.6,24.18
2024-07-21,29.9,36.7,0.0,0.0,10.0,14.7,24.96
2024-07-22,30.4,36.7,0.0,0.0,6.0,15.7,26.68
2024-07-23,29.0,34.0,1.0,0.0,24.0,13.0,21.91
2024-07-24,28.1,33.0,0.0,0.0,26.0,15.5,24.4
2024-07-25,26.8,31.6,0.6,0.0,29.0,15.4,22.4
2024-07-26,24.4,26.7,2.8,0.0,55.0,13.7,15.57
2024-07-27,24.4,28.5,1.2,0.0,36.0,14.4,22.13
2024-07-28,27.0,33.8,0.0,0.0,4.0,18.2,27.27
2024-07-29,27.9,34.4,0.0,0.0,6.0,20.1,27.17
2024-07-30,26.7,31.9,0.5,0.0,19.0,16.8,23.71
2024-07-31,25.3,31.0,0.0,0.0,18.0,19.6,24.74
2024-08-01,25.3,32.0,0.0,0.0,1.0,15.8,27.18
2024-08-02,26.1,33.3,0.0,0.0,3.0,15.7,27.31
2024-08-03,27.1,33.7,0.0,0.0,2.0,10.3,27.42
2024-08-04,28.1,33.9,0.2,0.0,16.0,11.9,24.65
2024-08-05,27.2,32.3,0.4,0.0,22.0,14.8,22.6
2024-08-06,26.6,32.4,0.0,0.0,16.0,13.4,24.98
2024-08-07,26.0,29.8,0.1,0.0,26.0,16.2,23.54
2024-08-08,25.2,31.8,0.0,0.0,15.0,15.8,25.99
2024-08-09,26.1,32.1,0.0,0.0,28.0,15.0,23.33
2024-08-10,26.4,30.7,1.5,0.0,41.0,14.5,17.42
2024-08-11,27.4,33.1,0.0,0.0,9.0,20.2,24.58
2024-08-12,27.4,34.3,0.0,0.0,1.0,19.0,26.04
2024-08-13,28.6,36.6,0.0,0.0,0.0,17.1,25.87
2024-08-14,29.7,38.0,0.0,0.0,9.0,20.0,25.08
2024-08-15,28.1,34.6,0.0,0.0,1.0,17.8,25.92
2024-08-16,25.8,32.7,0.0,0.0,1.0,18.1,25.88
2024-08-17,25.0,31.7,0.0,0.0,3.0,17.2,25.68
2024-08-18,25.4,31.9,0.0,0.0,13.0,15.8,24.41
2024-08-19,25.9,32.0,0.0,0.0,27.0,10.6,21.06
2024-08-20,27.7,34.1,0.0,0.0,12.0,11.4,24.21
2024-08-21,27.5,31.9,0.0,0.0,43.0,14.4,20.12
2024-08-22,27.0,32.4,0.5,0.0,36.0,14.8,21.05
2024-08-23,27.4,33.5,0.0,0.0,11.0,18.1,22.39
2024-08-24,26.8,32.4,0.0,0.0,10.0,18.8,23.37
2024-08-25,26.2,33.2,0.0,0.0,17.0,17.4,21.59
2024-08-26,26.8,33.5,0.2,0.0,40.0,16.8,21.65
2024-08-27,25.5,30.3,0.7,0.0,64.0,13.1,17.22
2024-08-28,25.3,31.1,0.1,0.0,14.0,12.6,21.38
2024-08-29,25.1,30.5,0.9,0.0,34.0,10.8,17.46
2024-08-30,24.4,27.9,3.1,0.0,57.0,13.1,13.17
2024-08-31,24.2,28.6,1.8,0.0,44.0,10.2,16.71
2024-09-01,24.3,27.8,12.3,0.0,86.0,9.3,9.7
2024-09-02,24.0,26.4,5.3,0.0,89.0,6.2,8.73
2024-09-03,25.0,29.4,1.3,0.0,72.0,8.8,15.48
2024-09-04,25.8,30.5,0.4,0.0,61.0,12.2,17.41
2024-09-05,25.4,31.2,0.0,0.0,4.0,14.6,22.02
2024-09-06,25.5,31.4,0.0,0.0,10.0,14.5,21.83
2024-09-07,24.3,28.1,0.9,0.0,50.0,11.9,16.65
2024-09-08,22.9,26.0,3.4,0.0,78.0,12.6,12.1
2024-09-09,23.8,29.1,0.0,0.0,40.0,10.5,16.2
2024-09-10,24.7,29.5,0.2,0.0,78.0,7.6,10.93
2024-09-11,25.1,30.2,2.7,0.0,59.0,13.4,12.89
2024-09-12,25.7,31.1,0.0,0.0,38.0,8.3,17.57
2024-09-13,25.9,32.2,0.0,0.0,17.0,10.8,18.4
2024-09-14,26.6,32.6,0.0,0.0,39.0,11.5,15.02
2024-09-15,23.3,26.0,14.0,0.0,55.0,15.3,11.92
2024-09-16,21.6,26.8,0.4,0.0,27.0,13.5,17.05
2024-09-17,21.8,26.9,0.6,0.0,41.0,10.7,15.54
2024-09-18,21.7,26.5,0.1,0.0,61.0,11.2,16.14
2024-09-19,21.6,25.4,0.6,0.0,46.0,15.2,15.27
2024-09-20,21.3,27.1,1.0,0.0,56.0,11.5,15.4
2024-09-21,20.0,22.6,6.7,0.0,92.0,10.5,8.45
2024-09-22,20.5,24.0,0.1,0.0,72.0,15.8,14.79
2024-09-23,19.6,23.5,0.6,0.0,78.0,7.6,13.47
2024-09-24,20.2,26.0,0.1,0.0,61.0,8.7,15.45
2024-09-25,21.6,27.2,0.0,0.0,13.0,9.6,16.34
2024-09-26,22.1,28.0,0.0,0.0,16.0,10.3,17.94
2024-09-27,22.8,29.7,0.0,0.0,5.0,9.5,17.87
2024-09-28,22.8,30.3,0.0,0.0,29.0,10.1,17.63
2024-09-29,22.8,29.2,0.1,0.0,46.0,9.3,16.12
2024-09-30,17.4,20.6,31.2,0.0,87.0,12.0,9.53
2024-10-01,16.1,18.4,1.8,0.0,84.0,17.9,12.48
2024-10-02,17.7,21.7,0.3,0.0,75.0,7.8,10.46
2024-10-03,19.3,26.0,0.0,0.0,4.0,8.4,16.58
2024-10-04,21.9,30.7,0.0,0.0,0.0,7.2,16.92
2024-10-05,24.2,32.2,0.0,0.0,12.0,7.6,16.05
2024-10-06,23.6,30.0,2.0,0.0,79.0,8.9,12.65
2024-10-07,21.2,25.1,3.4,0.0,56.0,7.5,11.88
2024-10-08,21.0,26.7,0.0,0.0,45.0,9.9,15.76
2024-10-09,21.0,27.7,0.0,0.0,21.0,12.8,15.46
2024-10-10,21.9,28.4,0.0,0.0,38.0,8.9,14.05
2024-10-11,22.8,29.9,0.0,0.0,47.0,8.6,15.01
2024-10-12,21.5,25.2,9.3,0.0,64.0,10.6,10.61
2024-10-13,18.7,20.1,1.4,0.0,94.0,9.6,4.42
2024-10-14,17.7,21.8,0.0,0.0,85.0,10.6,11.71
2024-10-15,17.4,23.8,0.0,0.0,21.0,11.4,15.19
2024-10-16,17.0,21.9,0.4,0.0,37.0,13.4,12.66
2024-10-17,14.4,16.5,2.2,0.0,57.0,15.2,9.2
2024-10-18,12.8,15.6,0.0,0.0,65.0,9.8,8.83
2024-10-19,12.2,16.8,0.0,0.0,48.0,12.8,11.15
2024-10-20,12.5,18.7,0.0,0.0,9.0,14.5,14.09
2024-10-21,13.1,17.7,0.0,0.0,44.0,12.6,8.88
2024-10-22,13.4,18.1,0.0,0.0,38.0,12.9,8.94
2024-10-23,14.3,21.1,0.0,0.0,13.0,11.5,13.8
2024-10-24,13.4,19.2,0.0,0.0,28.0,12.0,10.09
2024-10-25,13.7,20.2,0.0,0.0,23.0,13.4,12.47
2024-10-26,14.3,21.1,0.0,0.0,19.0,12.5,13.17
2024-10-27,14.6,22.7,0.0,0.0,2.0,8.8,13.55
2024-10-28,14.8,20.5,0.0,0.0,12.0,8.3,12.7
2024-10-29,15.6,21.3,0.0,0.0,11.0,11.0,12.3
2024-10-30,15.5,17.9,1.0,0.0,57.0,11.0,5.64
2024-10-31,15.1,18.6,0.3,0.0,76.0,11.9,6.34
2024-11-01,14.2,20.2,0.0,0.0,47.0,10.5,11.51
2024-11-02,13.9,20.6,0.0,0.0,25.0,8.0,11.92
2024-11-03,12.8,16.0,0.4,0.0,47.0,16.6,6.08
2024-11-04,10.3,14.9,0.0,0.0,37.0,9.5,11.99
2024-11-05,10.7,15.2,0.0,0.0,34.0,14.8,8.02
2024-11-06,9.9,15.6,0.0,0.0,21.0,13.1,11.04
2024-11-07,10.6,17.9,0.0,0.0,8.0,14.0,11.52
2024-11-08,11.6,19.0,0.0,0.0,14.0,13.8,11.35
2024-11-09,11.5,17.2,0.0,0.0,36.0,14.0,10.43
2024-11-10,11.7,15.0,0.0,0.0,82.0,11.7,7.92
2024-11-11,12.6,16.6,0.0,0.0,82.0,6.2,4.49
2024-11-12,12.5,18.7,0.0,0.0,66.0,8.0,9.6
2024-11-13,13.4,17.3,2.0,0.0,94.0,7.4,6.28
2024-11-14,14.7,16.9,1.9,0.0,95.0,7.7,4.57
2024-11-15,13.8,14.5,6.4,0.0,93.0,8.5,2.54
2024-11-16,11.7,13.3,6.6,0.0,96.0,14.8,2.07
2024-11-17,12.0,14.0,3.4,0.0,91.0,12.4,4.98
2024-11-18,12.1,13.3,0.6,0.0,85.0,7.8,2.87
2024-11-19,11.5,15.8,0.0,0.0,65.0,5.4,6.17
2024-11-20,12.8,18.7,0.0,0.0,25.0,12.8,9.13
2024-11-21,15.3,19.9,13.4,0.0,80.0,16.6,6.16
2024-11-22,14.4,20.7,0.0,0.0,33.0,14.9,8.73
2024-11-23,11.1,20.4,33.9,8.33,74.0,21.1,1.65
2024-11-24,5.0,7.7,5.3,0.98,71.0,14.4,5.99
2024-11-25,5.2,8.5,1.2,0.14,67.0,9.0,6.36
2024-11-26,7.5,10.5,0.8,0.0,69.0,6.9,5.27
2024-11-27,7.8,9.9,0.9,0.0,89.0,6.2,4.4
2024-11-28,9.0,12.4,0.0,0.0,69.0,7.7,4.35
2024-11-29,9.6,15.6,0.0,0.0,12.0,7.8,9.05
2024-11-30,11.0,16.5,0.0,0.0,59.0,10.9,7.71
2024-12-01,10.8,14.7,1.2,0.0,88.0,11.0,6.22
2024-12-02,10.1,11.8,1.7,0.0,70.0,8.9,7.42
2024-12-03,8.9,10.7,4.4,0.0,98.0,9.9,4.44
2024-12-04,9.9,10.6,4.5,0.0,97.0,5.0,2.44
2024-12-05,9.6,12.5,0.0,0.0,54.0,9.0,5.48
2024-12-06,9.2,14.9,0.0,0.0,78.0,10.4,7.8
2024-12-07,12.9,16.1,0.2,0.0,73.0,10.4,6.38
2024-12-08,13.5,16.3,4.6,0.0,80.0,10.6,5.31
2024-12-09,16.7,20.3,0.9,0.0,62.0,10.0,5.71
2024-12-10,16.0,20.2,6.8,0.0,37.0,10.3,6.61
2024-12-11,12.2,14.3,12.7,0.0,92.0,7.9,1.97
2024-12-12,9.4,11.2,4.7,0.0,67.0,9.3,4.45
2024-12-13,7.3,8.7,1.5,0.0,72.0,9.5,4.59
2024-12-14,7.2,10.6,0.0,0.0,40.0,8.7,7.65
2024-12-15,7.7,10.3,13.0,0.0,93.0,12.6,3.3
2024-12-16,7.9,9.6,7.0,0.0,71.0,10.1,4.41
2024-12-17,6.5,12.5,0.0,0.0,8.0,7.3,8.2
2024-12-18,8.1,15.1,0.0,0.0,3.0,6.9,8.22
2024-12-19,8.3,15.0,0.0,0.0,16.0,7.8,8.23
2024-12-20,10.1,16.2,0.0,0.0,45.0,9.8,8.14
2024-12-21,12.4,15.0,9.8,0.0,85.0,10.6,3.8
2024-12-22,8.0,10.1,11.4,0.0,84.0,8.6,1.6
2024-12-23,9.3,14.9,0.0,0.0,47.0,9.9,7.07
2024-12-24,11.9,14.1,14.8,0.0,97.0,11.2,3.09
2024-12-25,12.7,15.8,1.8,0.0,99.0,8.9,6.06
2024-12-26,11.5,13.9,1.3,0.0,88.0,12.0,6.17
2024-12-27,7.7,11.0,9.1,0.0,99.0,13.7,1.84
2024-12-28,6.6,7.9,9.2,0.91,99.0,14.9,2.26
2024-12-29,7.9,8.1,13.7,0.14,100.0,13.6,1.93
2024-12-30,7.8,8.0,2.1,0.0,94.0,9.6,2.34
2024-12-31,7.1,10.3,0.0,0.0,45.0,6.3,7.1
2025-01-01,6.1,13.3,0.0,0.0,7.0,7.8,8.42
2025-01-02,7.1,13.9,0.0,0.0,29.0,8.9,8.85
2025-01-03,10.3,15.9,0.0,0.0,42.0,14.1,6.75
2025-01-04,10.6,14.3,2.5,0.0,90.0,10.8,5.05
2025-01-05,8.5,10.5,0.0,0.0,87.0,8.5,4.11
2025-01-06,7.8,13.0,0.0,0.0,29.0,7.2,8.53
2025-01-07,10.1,16.9,0.0,0.0,43.0,9.9,8.59
2025-01-08,13.5,19.0,0.0,0.0,53.0,9.6,7.14
2025-01-09,12.4,17.8,0.0,0.0,59.0,6.9,6.77
2025-01-10,11.2,17.7,0.0,0.0,35.0,8.1,8.93
2025-01-11,10.9,13.4,3.9,0.0,72.0,7.7,4.46
2025-01-12,10.3,11.9,9.6,0.0,99.0,7.6,2.97
2025-01-13,7.3,8.9,8.5,0.0,100.0,11.9,1.28
2025-01-14,6.8,7.9,5.4,0.0,100.0,13.1,3.25
2025-01-15,7.9,9.4,6.9,0.0,96.0,11.8,3.42
2025-01-16,7.8,8.2,1.4,0.0,99.0,9.8,2.11
2025-01-17,6.9,10.3,0.0,0.0,47.0,8.3,7.7
2025-01-18,5.9,10.1,0.0,0.0,11.0,5.4,9.53
2025-01-19,7.6,12.7,0.0,0.0,11.0,5.6,9.72
2025-01-20,6.8,10.8,0.0,0.0,59.0,8.2,5.46
2025-01-21,8.2,14.6,0.8,0.0,78.0,8.4,8.19
2025-01-22,10.4,13.3,3.7,0.0,83.0,6.9,5.49
2025-01-23,9.9,13.8,2.5,0.0,46.0,7.7,8.53
2025-01-24,10.6,16.3,0.0,0.0,24.0,8.8,9.22
2025-01-25,9.1,10.3,18.8,0.0,78.0,8.4,3.05
2025-01-26,8.2,13.2,0.0,0.0,27.0,6.4,10.15
2025-01-27,8.2,13.4,0.0,0.0,49.0,6.9,10.7
2025-01-28,10.4,16.8,0.0,0.0,4.0,9.3,11.37
2025-01-29,11.2,18.9,0.0,0.0,7.0,10.0,11.46
2025-01-30,10.6,16.0,0.0,0.0,78.0,8.7,6.61
2025-01-31,11.1,16.3,0.2,0.0,51.0,6.9,9.33
2025-02-01,9.8,15.2,0.0,0.0,11.0,7.4,10.34
2025-02-02,10.6,14.5,0.0,0.0,84.0,7.2,7.23
2025-02-03,8.1,12.8,0.2,0.0,44.0,10.4,10.54
2025-02-04,7.1,9.3,1.5,0.0,92.0,16.7,4.36
2025-02-05,4.0,5.1,6.6,2.73,66.0,13.3,8.42
2025-02-06,2.7,3.9,6.8,3.57,70.0,11.8,7.1
2025-02-07,2.9,4.7,4.3,2.03,66.0,11.9,7.77
2025-02-08,3.9,5.7,2.3,0.14,81.0,11.5,6.61
2025-02-09,3.9,4.7,3.5,0.56,78.0,12.3,6.53
2025-02-10,3.7,5.3,2.4,0.56,51.0,12.1,9.67
2025-02-11,2.9,5.0,1.1,0.28,40.0,10.1,10.2
2025-02-12,3.2,5.5,3.3,1.05,78.0,7.5,8.83
2025-02-13,5.2,8.0,1.1,0.21,65.0,5.8,9.31
2025-02-14,6.1,12.7,0.0,0.0,43.0,8.3,12.89
2025-02-15,10.8,15.1,0.8,0.0,90.0,10.4,10.52
2025-02-16,9.6,13.9,1.0,0.0,48.0,6.3,10.59
2025-02-17,8.1,9.8,17.9,0.0,95.0,7.3,2.92
2025-02-18,6.6,7.0,5.4,0.0,96.0,8.0,2.72
2025-02-19,4.6,5.8,4.4,1.4,76.0,13.4,10.88
2025-02-20,2.1,3.7,2.5,1.47,47.0,13.3,12.36
2025-02-21,0.5,2.5,2.2,1.33,52.0,11.0,12.18
2025-02-22,0.3,2.4,2.2,1.47,51.0,11.9,13.29
2025-02-23,0.1,3.4,0.1,0.07,38.0,8.5,13.11
2025-02-24,1.0,6.3,0.0,0.0,9.0,6.0,16.01
2025-02-25,3.6,8.9,0.0,0.0,44.0,8.2,10.56
2025-02-26,7.0,12.9,0.0,0.0,32.0,6.7,15.53
2025-02-27,9.4,16.0,0.5,0.0,66.0,9.0,12.0
2025-02-28,11.3,14.5,1.6,0.0,75.0,7.8,7.6
2025-03-01,9.3,14.7,0.0,0.0,25.0,8.8,15.99
2025-03-02,8.9,15.1,0.6,0.0,82.0,6.8,14.36
2025-03-03,7.2,8.6,2.7,0.0,78.0,14.0,10.64
2025-03-04,6.4,10.6,0.0,0.0,40.0,16.9,12.36
2025-03-05,7.5,15.0,0.0,0.0,3.0,10.7,17.67
2025-03-06,9.9,17.5,0.0,0.0,22.0,7.5,17.14
2025-03-07,10.1,18.5,0.0,0.0,2.0,9.2,18.4
2025-03-08,9.9,16.6,0.0,0.0,16.0,9.2,17.75
2025-03-09,10.3,15.0,0.0,0.0,65.0,6.7,14.39
2025-03-10,11.8,20.6,0.0,0.0,5.0,9.5,18.17
2025-03-11,14.6,23.4,0.0,0.0,47.0,11.0,18.49
2025-03-12,17.7,26.1,0.0,0.0,70.0,10.5,16.65
2025-03-13,18.7,25.3,0.0,0.0,71.0,11.0,12.1
2025-03-14,19.5,27.4,0.0,0.0,22.0,9.5,19.03
2025-03-15,19.6,29.1,0.0,0.0,55.0,9.6,18.66
2025-03-16,21.4,29.5,0.0,0.0,81.0,13.7,17.77
2025-03-17,17.4,21.9,2.0,0.0,75.0,15.9,14.72
2025-03-18,7.9,11.9,14.6,0.77,96.0,15.5,4.11
2025-03-19,4.4,6.7,3.3,1.61,69.0,22.8,15.63
2025-03-20,5.5,8.1,4.9,0.84,76.0,10.9,14.38
2025-03-21,7.3,10.3,0.8,0.0,45.0,13.4,14.3
2025-03-22,7.8,14.5,0.0,0.0,7.0,5.4,21.26
2025-03-23,11.6,21.2,1.0,0.0,45.0,9.9,20.17
2025-03-24,16.1,19.9,1.2,0.0,97.0,14.6,11.86
2025-03-25,18.0,24.2,0.0,0.0,94.0,11.6,18.58
2025-03-26,17.1,22.3,0.0,0.0,94.0,7.5,11.06
2025-03-27,17.8,24.5,0.0,0.0,82.0,10.2,11.0
2025-03-28,17.8,22.9,8.6,0.0,91.0,12.9,13.94
2025-03-29,14.9,19.1,10.8,0.0,60.0,7.0,14.89
2025-03-30,13.5,17.4,5.1,0.0,89.0,7.4,16.06
2025-03-31,14.2,18.7,6.7,0.0,76.0,7.6,14.94
2025-04-01,13.9,15.6,17.3,0.0,97.0,13.5,7.3
2025-04-02,12.2,13.5,4.6,0.0,96.0,7.3,8.6
2025-04-03,12.0,14.0,3.4,0.0,87.0,7.2,9.93
2025-04-04,12.1,16.5,0.0,0.0,48.0,11.7,16.18
2025-04-05,11.8,15.8,0.1,0.0,58.0,7.6,12.03
2025-04-06,13.0,18.9,3.9,0.0,43.0,15.3,19.89
2025-04-07,9.1,13.3,12.0,0.0,88.0,15.4,10.36
2025-04-08,6.9,9.1,0.3,0.0,95.0,12.4,9.28
2025-04-09,6.3,7.8,4.3,0.14,75.0,11.8,11.42
2025-04-10,8.0,13.3,0.9,0.0,41.0,17.0,20.43
2025-04-11,5.7,9.0,7.3,1.33,62.0,15.9,21.7
2025-04-12,6.2,8.5,6.8,0.0,85.0,10.6,5.92
2025-04-13,7.9,12.7,0.0,0.0,28.0,10.9,19.98
2025-04-14,10.0,16.2,0.0,0.0,54.0,11.4,22.03
2025-04-15,12.8,20.4,0.0,0.0,15.0,9.8,25.04
2025-04-16,15.4,22.8,0.0,0.0,23.0,8.6,24.56
2025-04-17,17.0,24.6,0.0,0.0,34.0,8.5,24.56
2025-04-18,16.9,23.9,0.0,0.0,59.0,6.2,23.92
2025-04-19,15.7,20.2,0.0,0.0,33.0,9.5,21.34
2025-04-20,14.8,18.9,0.1,0.0,33.0,8.4,18.5
2025-04-21,16.3,22.9,0.0,0.0,25.0,10.0,25.28
2025-04-22,17.0,22.3,0.0,0.0,74.0,9.2,22.79
2025-04-23,15.1,20.0,0.0,0.0,71.0,11.2,20.75
2025-04-24,12.3,14.1,11.0,0.0,98.0,7.8,10.17
2025-04-25,13.9,18.5,0.2,0.0,97.0,9.1,15.09
2025-04-26,15.4,21.0,2.0,0.0,35.0,10.1,22.51
2025-04-27,14.4,18.5,0.8,0.0,48.0,19.0,18.9
2025-04-28,12.6,16.2,0.0,0.0,85.0,19.4,17.75
2025-04-29,11.5,15.7,0.0,0.0,96.0,18.6,18.3
2025-04-30,12.3,16.7,0.0,0.0,71.0,17.4,20.7
2025-05-01,11.4,13.5,8.5,0.0,94.0,11.8,8.39
2025-05-02,13.1,15.5,1.1,0.0,74.0,14.7,15.57
2025-05-03,14.9,20.0,0.0,0.0,15.0,9.9,26.05
2025-05-04,16.3,24.0,0.0,0.0,0.0,5.9,27.15
2025-05-05,19.8,27.7,0.0,0.0,39.0,10.9,25.72
2025-05-06,22.5,28.2,0.0,0.0,40.0,12.6,24.9
2025-05-07,22.7,28.9,2.2,0.0,30.0,11.7,25.24
2025-05-08,21.8,28.2,0.1,0.0,20.0,9.4,25.03
2025-05-09,21.2,26.0,0.0,0.0,37.0,9.8,24.05
2025-05-10,17.9,20.0,3.4,0.0,68.0,10.8,17.86
2025-05-11,14.7,18.0,1.2,0.0,92.0,8.8,13.15
2025-05-12,16.1,21.3,0.0,0.0,35.0,13.1,27.05
2025-05-13,15.1,19.3,0.0,0.0,33.0,16.7,24.16
2025-05-14,13.5,18.6,0.0,0.0,20.0,15.4,26.85
2025-05-15,15.3,22.2,0.0,0.0,18.0,7.7,28.58
2025-05-16,18.3,25.4,0.7,0.0,51.0,9.8,17.23
2025-05-17,18.9,21.2,25.0,0.0,68.0,14.1,13.3
2025-05-18,16.3,19.3,8.0,0.0,45.0,13.9,19.25
2025-05-19,17.1,23.0,0.0,0.0,7.0,11.3,27.08
2025-05-20,18.1,23.3,0.0,0.0,7.0,9.2,26.76
2025-05-21,19.8,26.5,0.0,0.0,7.0,8.7,28.3
2025-05-22,21.6,29.8,1.8,0.0,15.0,8.7,26.12
2025-05-23,23.4,29.4,0.0,0.0,20.0,9.4,27.72
2025-05-24,24.2,30.8,0.0,0.0,53.0,8.1,26.81
2025-05-25,23.3,32.3,1.5,0.0,69.0,12.8,22.35
2025-05-26,17.9,20.7,12.8,0.0,77.0,13.1,9.39
2025-05-27,17.6,22.4,0.0,0.0,30.0,12.6,21.9
2025-05-28,19.5,24.1,0.6,0.0,45.0,11.1,23.73
2025-05-29,19.6,23.5,2.1,0.0,50.0,12.3,23.64
2025-05-30,19.6,24.0,0.0,0.0,44.0,14.9,27.62
2025-05-31,18.7,22.0,1.5,0.0,72.0,17.2,20.35
2025-06-01,18.9,22.5,1.3,0.0,52.0,15.0,18.85
2025-06-02,20.0,24.5,0.0,0.0,11.0,11.5,26.9
2025-06-03,21.6,27.5,0.0,0.0,3.0,10.2,29.1
2025-06-04,23.4,30.0,0.0,0.0,0.0,8.9,29.06
2025-06-05,24.8,32.0,0.0,0.0,0.0,14.3,29.43
2025-06-06,24.2,30.5,0.0,0.0,4.0,12.2,27.84
2025-06-07,22.9,28.4,0.0,0.0,10.0,10.8,28.51
2025-06-08,22.3,27.6,0.0,0.0,30.0,10.0,27.91
2025-06-09,22.5,28.4,0.0,0.0,33.0,10.3,27.77
2025-06-10,23.5,29.5,0.0,0.0,5.0,19.1,27.32
2025-06-11,24.2,30.0,0.0,0.0,29.0,15.6,27.06
2025-06-12,24.5,30.1,0.0,0.0,4.0,16.9,28.19
2025-06-13,23.2,28.4,0.0,0.0,18.0,17.6,27.41
2025-06-14,21.6,26.9,0.0,0.0,3.0,18.0,29.61
2025-06-15,20.6,25.1,0.0,0.0,20.0,14.2,24.38
2025-06-16,21.5,26.8,0.0,0.0,2.0,15.4,27.08
2025-06-17,23.4,29.3,0.0,0.0,0.0,13.9,30.05
2025-06-18,24.9,31.0,0.0,0.0,0.0,18.0,29.85
2025-06-19,24.9,30.3,0.0,0.0,0.0,13.9,29.61
2025-06-20,24.7,30.7,0.0,0.0,20.0,13.3,28.71
2025-06-21,23.9,28.1,0.0,0.0,35.0,19.5,26.99
2025-06-22,21.3,26.4,0.0,0.0,3.0,18.3,29.6
2025-06-23,22.6,29.1,0.0,0.0,0.0,12.4,29.98
2025-06-24,25.3,32.6,0.0,0.0,0.0,16.2,30.46
2025-06-25,26.2,33.8,0.0,0.0,0.0,14.8,30.2
2025-06-26,28.0,34.8,0.0,0.0,0.0,14.9,29.74
2025-06-27,28.5,35.6,0.0,0.0,0.0,18.8,29.67
2025-06-28,26.1,30.8,0.0,0.0,1.0,20.7,29.41
2025-06-29,23.0,25.7,0.7,0.0,36.0,21.2,22.06
2025-06-30,23.2,29.5,0.0,0.0,5.0,14.9,28.01
2025-07-01,25.6,31.7,0.4,0.0,10.0,17.1,25.95
2025-07-02,24.0,28.5,0.0,0.0,4.0,17.5,29.91
2025-07-03,23.3,28.8,0.0,0.0,2.0,17.5,28.76
2025-07-04,23.8,29.9,0.0,0.0,1.0,18.2,29.41
2025-07-05,25.1,32.4,0.0,0.0,0.0,15.5,29.75
2025-07-06,26.8,34.9,0.0,0.0,0.0,14.2,29.43
2025-07-07,27.7,34.3,0.0,0.0,1.0,10.5,29.29
2025-07-08,27.9,34.6,0.0,0.0,3.0,11.2,29.47
2025-07-09,30.2,38.9,0.0,0.0,0.0,11.9,29.4
2025-07-10,26.0,29.8,0.0,0.0,13.0,15.7,24.45
2025-07-11,24.9,30.2,0.0,0.0,20.0,16.8,27.31
2025-07-12,25.3,30.9,0.0,0.0,12.0,17.9,26.26
2025-07-13,26.1,32.1,0.0,0.0,6.0,19.5,27.94
2025-07-14,26.5,33.5,0.0,0.0,0.0,17.7,28.62
2025-07-15,26.9,33.9,0.0,0.0,11.0,22.0,26.5
2025-07-16,27.5,34.4,0.0,0.0,3.0,17.6,28.12
2025-07-17,28.5,35.1,0.0,0.0,4.0,14.1,27.46
2025-07-18,27.4,32.3,0.0,0.0,10.0,12.4,26.92
2025-07-19,27.4,32.8,0.1,0.0,6.0,13.4,24.8
2025-07-20,27.3,32.9,0.0,0.0,1.0,16.9,28.61
2025-07-21,28.3,34.6,0.0,0.0,0.0,12.5,28.35
2025-07-22,30.0,37.2,0.0,0.0,0.0,9.4,28.53
2025-07-23,31.4,39.3,0.0,0.0,0.0,16.9,28.2
2025-07-24,30.9,37.5,0.0,0.0,0.0,19.0,28.0
2025-07-25,29.6,36.2,0.0,0.0,0.0,18.5,28.06
2025-07-26,28.5,36.0,0.0,0.0,0.0,20.1,28.2
2025-07-27,29.3,36.9,0.0,0.0,0.0,10.1,28.4
2025-07-28,30.0,36.9,0.0,0.0,5.0,9.7,27.15
2025-07-29,30.0,35.0,0.0,0.0,0.0,12.1,27.51
2025-07-30,28.4,33.0,0.8,0.0,12.0,15.1,23.88
2025-07-31,27.8,31.8,0.0,0.0,29.0,18.8,22.53
2025-08-01,25.9,29.0,0.1,0.0,68.0,19.3,14.46
2025-08-02,25.9,29.9,8.2,0.0,47.0,16.9,16.37
2025-08-03,26.2,30.5,1.3,0.0,39.0,13.3,17.22
2025-08-04,27.1,32.7,0.0,0.0,14.0,13.8,23.81
2025-08-05,27.4,33.5,0.0,0.0,20.0,14.5,23.99
2025-08-06,28.5,34.7,0.8,0.0,34.0,13.1,21.38
2025-08-07,27.1,32.0,1.5,0.0,48.0,20.7,23.53
2025-08-08,27.5,31.2,0.5,0.0,28.0,20.7,20.67
2025-08-09,27.4,33.0,0.0,0.0,21.0,18.2,22.85
2025-08-10,27.9,34.8,0.0,0.0,2.0,20.5,26.36
2025-08-11,27.3,34.8,0.0,0.0,0.0,18.4,26.55
2025-08-12,27.0,34.2,0.0,0.0,1.0,20.2,26.23
2025-08-13,27.1,33.6,0.0,0.0,6.0,18.1,24.53
2025-08-14,27.3,34.8,0.0,0.0,21.0,16.9,23.97
2025-08-15,26.6,33.3,0.0,0.0,16.0,21.2,24.22
2025-08-16,25.7,32.2,0.0,0.0,9.0,20.7,24.88
2025-08-17,24.7,31.4,0.0,0.0,7.0,14.5,24.26
2025-08-18,25.0,29.3,0.1,0.0,26.0,12.0,19.41
2025-08-19,25.5,31.1,0.0,0.0,22.0,16.6,23.22
2025-08-20,24.2,28.1,1.0,0.0,19.0,14.2,19.65
2025-08-21,25.9,32.4,0.0,0.0,0.0,11.9,25.31
2025-08-22,28.0,37.1,0.0,0.0,1.0,9.9,25.08
2025-08-23,27.3,31.9,0.0,0.0,12.0,14.9,21.61
2025-08-24,24.4,27.9,0.7,0.0,15.0,16.6,19.15
2025-08-25,23.9,30.6,0.0,0.0,1.0,19.8,23.97
2025-08-26,23.0,29.6,0.0,0.0,0.0,18.7,24.35
2025-08-27,23.8,30.3,0.0,0.0,36.0,17.6,20.4
2025-08-28,24.1,31.2,0.0,0.0,8.0,19.2,23.39
2025-08-29,24.7,31.9,0.0,0.0,12.0,15.0,22.65
2025-08-30,25.1,31.4,0.0,0.0,12.0,10.1,21.9
2025-08-31,28.0,36.8,0.0,0.0,0.0,12.8,23.09
2025-09-01,26.5,31.1,0.0,0.0,4.0,12.6,22.16
2025-09-02,26.3,31.3,0.0,0.0,6.0,17.2,21.55
2025-09-03,26.1,32.0,0.0,0.0,2.0,18.9,22.4
2025-09-04,26.0,33.4,0.0,0.0,22.0,19.7,22.37
2025-09-05,26.0,32.9,0.8,0.0,29.0,18.8,19.08
2025-09-06,22.1,23.8,14.9,0.0,85.0,10.4,6.62
2025-09-07,22.6,26.6,0.3,0.0,49.0,16.3,15.61
2025-09-08,22.5,26.2,0.2,0.0,62.0,15.0,16.33
2025-09-09,23.3,28.8,0.0,0.0,11.0,13.0,20.74
2025-09-10,24.2,30.6,0.0,0.0,7.0,13.5,21.5
2025-09-11,25.1,31.0,0.0,0.0,13.0,11.4,20.6
2025-09-12,25.0,30.6,0.0,0.0,8.0,13.0,19.34
2025-09-13,24.0,28.8,0.0,0.0,18.0,17.6,15.65
2025-09-14,23.8,30.3,0.0,0.0,20.0,17.9,19.42
2025-09-15,21.5,25.6,0.0,0.0,46.0,15.0,16.61
2025-09-16,22.0,28.3,0.0,0.0,6.0,14.1,19.98
2025-09-17,22.1,30.5,0.0,0.0,24.0,13.1,19.11
2025-09-18,20.2,22.6,6.0,0.0,54.0,16.0,13.29
2025-09-19,19.3,23.9,0.1,0.0,45.0,17.1,13.17
2025-09-20,19.6,25.9,0.0,0.0,9.0,16.8,19.9
2025-09-21,20.6,28.2,0.0,0.0,0.0,16.9,19.8
2025-09-22,22.6,31.0,0.0,0.0,3.0,11.9,19.82
2025-09-23,21.5,28.1,0.0,0.0,4.0,9.3,18.65
2025-09-24,21.4,27.4,0.0,0.0,16.0,10.0,17.94
2025-09-25,21.5,26.6,0.1,0.0,43.0,16.4,15.05
2025-09-26,21.1,26.4,0.0,0.0,50.0,20.7,15.98
2025-09-27,19.1,23.4,0.0,0.0,82.0,18.0,13.73
2025-09-28,17.9,22.4,0.4,0.0,94.0,13.3,10.7
2025-09-29,16.5,17.4,15.5,0.0,94.0,6.7,3.0
2025-09-30,17.3,20.3,0.7,0.0,45.0,9.1,12.99
2025-10-01,16.6,22.6,0.0,0.0,8.0,13.4,17.82
2025-10-02,18.5,27.0,0.0,0.0,67.0,13.9,16.79
2025-10-03,19.5,24.3,10.9,0.0,70.0,7.3,11.65
2025-10-04,18.9,22.7,2.0,0.0,46.0,16.5,12.19
2025-10-05,18.7,23.7,0.4,0.0,41.0,12.3,11.02
2025-10-06,19.2,25.5,0.3,0.0,14.0,7.6,16.58
2025-10-07,17.5,19.0,20.6,0.0,84.0,7.9,3.9
2025-10-08,15.2,17.0,19.7,0.0,75.0,8.6,9.45
2025-10-09,13.9,16.1,6.3,0.0,72.0,14.4,4.36
2025-10-10,15.9,20.2,0.9,0.0,40.0,10.4,11.3
2025-10-11,13.3,16.6,8.3,0.0,54.0,12.8,6.8
2025-10-12,13.6,17.4,0.8,0.0,60.0,8.4,10.41
2025-10-13,15.8,19.9,0.0,0.0,59.0,9.5,12.56
2025-10-14,15.9,20.7,0.5,0.0,62.0,8.5,12.97
2025-10-15,16.7,19.6,0.6,0.0,45.0,10.6,11.14
2025-10-16,15.7,20.3,0.0,0.0,64.0,11.4,9.64
2025-10-17,16.5,22.1,0.0,0.0,55.0,7.5,14.16
2025-10-18,17.4,20.6,0.4,0.0,61.0,7.7,9.96
2025-10-19,16.0,17.5,10.3,0.0,88.0,9.6,2.89
2025-10-20,14.6,18.9,0.0,0.0,29.0,6.5,13.89
2025-10-21,15.1,20.8,0.0,0.0,57.0,5.6,13.24
2025-10-22,17.8,22.4,3.9,0.0,88.0,7.9,9.97
2025-10-23,18.7,20.8,5.6,0.0,80.0,6.9,8.06
2025-10-24,20.1,25.6,0.0,0.0,32.0,17.2,11.43
2025-10-25,18.0,19.9,18.3,0.0,81.0,9.6,4.97
2025-10-26,17.7,24.3,0.0,0.0,55.0,8.7,12.27
2025-10-27,20.5,28.1,3.3,0.0,41.0,14.6,12.73
2025-10-28,16.6,18.6,26.3,0.0,83.0,9.6,4.22
2025-10-29,14.1,18.9,0.1,0.0,16.0,5.6,12.14
2025-10-30,14.1,22.2,0.0,0.0,14.0,7.9,13.37
2025-10-31,14.6,20.3,0.0,0.0,75.0,6.3,12.39
2025-11-01,15.5,20.8,0.0,0.0,30.0,7.6,11.57
2025-11-02,14.8,21.3,0.0,0.0,77.0,7.8,10.82
2025-11-03,16.1,21.9,0.0,0.0,44.0,5.3,11.67
2025-11-04,16.7,23.2,0.0,0.0,34.0,6.2,11.21
2025-11-05,16.8,19.4,1.1,0.0,94.0,8.6,5.18
2025-11-06,16.7,19.8,0.0,0.0,92.0,10.0,7.65
2025-11-07,16.9,20.4,0.1,0.0,61.0,6.0,9.3
2025-11-08,16.7,22.2,0.0,0.0,51.0,5.6,10.03
2025-11-09,16.9,22.5,0.0,0.0,72.0,7.0,8.68
2025-11-10,16.3,22.6,0.0,0.0,44.0,7.7,7.02
2025-11-11,15.5,18.7,11.1,0.0,69.0,9.3,5.86
2025-11-12,14.3,15.4,5.4,0.0,92.0,7.7,1.9
2025-11-13,13.5,17.2,1.1,0.0,59.0,8.4,8.34
2025-11-14,11.7,15.9,0.0,0.0,37.0,7.2,9.0
2025-11-15,11.1,16.5,0.0,0.0,20.0,4.8,10.16
2025-11-16,11.4,18.8,0.0,0.0,6.0,6.8,10.51
2025-11-17,13.9,22.8,0.0,0.0,30.0,10.0,10.61
2025-11-18,16.4,22.7,0.0,0.0,85.0,11.4,9.35
2025-11-19,16.0,21.3,0.0,0.0,99.0,8.6,6.87
2025-11-20,16.0,22.7,0.0,0.0,67.0,8.1,7.76
2025-11-21,16.9,24.9,0.0,0.0,62.0,11.2,9.74
2025-11-22,17.2,23.7,0.0,0.0,92.0,9.2,8.61
2025-11-23,16.9,22.6,2.9,0.0,97.0,7.5,6.63
2025-11-24,14.2,17.4,8.5,0.0,53.0,10.4,7.78
2025-11-25,11.1,16.7,0.0,0.0,24.0,5.7,9.74
2025-11-26,13.0,19.7,0.0,0.0,66.0,10.7,7.5
2025-11-27,15.6,22.1,0.0,0.0,57.0,9.3,7.7
2025-11-28,14.2,20.4,0.0,0.0,43.0,8.7,7.77
2025-11-29,12.9,13.7,10.6,0.0,98.0,13.4,2.16
2025-11-30,11.5,14.9,3.2,0.0,75.0,10.2,6.55
2025-12-01,10.8,13.5,3.1,0.0,56.0,7.9,5.92
2025-12-02,10.5,13.9,0.0,0.0,72.0,5.1,5.27
2025-12-03,10.0,14.7,0.0,0.0,52.0,6.1,7.93
2025-12-04,10.5,15.9,0.0,0.0,86.0,8.1,6.27
2025-12-05,13.3,16.9,0.5,0.0,89.0,12.4,5.84
2025-12-06,14.4,18.0,1.0,0.0,95.0,10.7,6.72
2025-12-07,11.7,12.9,32.2,0.0,100.0,14.7,0.85
2025-12-08,10.2,10.8,8.7,0.0,100.0,12.1,1.01
2025-12-09,9.8,10.6,1.2,0.0,97.0,9.1,3.02
2025-12-10,9.4,11.4,0.0,0.0,85.0,5.4,4.46
2025-12-11,10.0,13.3,0.4,0.0,59.0,8.3,5.34
2025-12-12,8.8,13.0,0.0,0.0,32.0,6.7,6.75
2025-12-13,10.5,12.6,1.3,0.0,66.0,7.9,4.62
2025-12-14,9.6,11.9,0.3,0.0,75.0,7.7,4.55
2025-12-15,8.5,10.4,2.4,0.0,61.0,9.0,4.13
2025-12-16,6.4,11.8,0.0,0.0,20.0,7.1,7.76
2025-12-17,7.2,14.1,0.0,0.0,4.0,9.0,8.35
2025-12-18,7.0,14.4,0.0,0.0,45.0,7.6,8.6
2025-12-19,7.9,13.4,0.0,0.0,39.0,6.4,8.1
2025-12-20,7.9,12.3,0.0,0.0,58.0,6.3,7.64
2025-12-21,8.9,11.9,3.3,0.0,97.0,7.1,5.38
2025-12-22,9.9,12.2,3.4,0.0,71.0,7.3,6.37
2025-12-23,9.8,11.8,0.6,0.0,79.0,6.1,4.46
2025-12-24,10.1,13.9,0.0,0.0,84.0,9.6,6.62
2025-12-25,10.5,12.7,6.2,0.0,99.0,9.4,3.5
2025-12-26,8.6,10.3,1.4,0.0,90.0,7.8,1.59
2025-12-27,4.8,6.6,8.1,1.89,82.0,13.3,4.18
2025-12-28,3.8,7.2,6.8,0.91,52.0,15.6,3.61
2025-12-29,3.4,5.7,3.6,0.98,59.0,14.0,5.18
2025-12-30,6.1,12.5,2.4,0.0,36.0,12.0,8.55
2025-12-31,2.8,7.1,10.1,2.52,80.0,12.1,4.57
2026-01-01,-0.3,1.2,2.0,1.4,49.0,13.7,7.84
2026-01-02,-0.4,6.8,0.0,0.0,23.0,12.1,9.19
2026-01-03,8.7,13.7,0.0,0.0,48.0,18.2,6.32
2026-01-04,14.6,18.0,0.0,0.0,72.0,17.7,7.5
2026-01-05,13.2,17.6,0.0,0.0,90.0,11.7,5.5
2026-01-06,13.6,19.2,0.1,0.0,30.0,11.3,8.16
2026-01-07,15.1,19.9,0.8,0.0,29.0,11.1,6.9
2026-01-08,13.4,16.0,18.6,0.0,83.0,17.7,3.32
2026-01-09,5.1,7.8,5.1,0.98,52.0,15.6,9.41
2026-01-10,10.5,16.1,0.5,0.0,61.0,19.1,6.02
2026-01-11,8.6,12.2,22.5,0.0,98.0,15.7,3.68
2026-01-12,3.5,4.8,6.0,3.01,96.0,13.4,3.96
2026-01-13,1.4,2.5,5.0,3.43,76.0,10.3,7.34
2026-01-14,3.5,7.1,0.6,0.35,82.0,7.5,3.69
2026-01-15,6.6,9.8,0.0,0.0,52.0,8.6,4.57
2026-01-16,7.7,11.3,2.4,0.0,81.0,9.9,5.9
2026-01-17,3.8,5.4,1.6,0.7,73.0,12.3,6.4
2026-01-18,2.3,3.6,4.0,2.24,79.0,12.6,6.93
2026-01-19,2.3,3.5,2.3,1.12,74.0,9.8,7.57
2026-01-20,3.5,6.4,0.6,0.35,59.0,12.7,7.01
2026-01-21,3.9,7.0,0.6,0.0,92.0,10.0,5.59
2026-01-22,8.6,11.9,3.0,0.0,97.0,11.9,4.63
2026-01-23,9.8,12.4,2.4,0.0,76.0,8.1,6.39
2026-01-24,10.1,13.3,1.0,0.0,66.0,5.0,7.38
2026-01-25,12.0,17.0,0.9,0.0,70.0,8.4,7.5
2026-01-26,12.4,17.5,0.3,0.0,82.0,10.7,7.58
2026-01-27,12.5,15.8,1.2,0.0,81.0,9.6,6.88
2026-01-28,11.8,14.5,3.0,0.0,80.0,13.0,6.82
2026-01-29,13.7,16.5,1.8,0.0,95.0,12.9,4.79
2026-01-30,11.9,13.9,10.4,0.0,84.0,15.7,4.69
2026-01-31,9.9,11.6,11.6,0.0,93.0,10.3,4.55
2026-02-01,9.7,13.3,4.7,0.0,95.0,14.1,6.36
2026-02-02,7.6,9.3,16.0,0.07,88.0,10.6,3.3
2026-02-03,6.1,8.8,0.6,0.07,81.0,7.7,6.82
2026-02-04,7.5,14.2,0.0,0.0,89.0,7.5,10.31
2026-02-05,10.9,15.5,3.3,0.0,98.0,10.6,4.25
2026-02-06,13.6,17.7,4.2,0.0,78.0,13.1,9.27
2026-02-07,13.0,16.1,24.2,0.0,79.0,13.9,6.3
2026-02-08,10.4,11.9,10.2,0.0,82.0,7.0,3.15
2026-02-09,10.8,13.3,2.5,0.0,96.0,10.7,6.98
2026-02-10,7.9,9.2,2.5,0.0,97.0,13.3,2.14
2026-02-11,9.2,11.9,0.0,0.0,78.0,8.9,5.59
2026-02-12,11.3,16.3,6.0,0.0,83.0,12.2,7.34
2026-02-13,13.8,16.0,19.0,0.0,97.0,12.1,8.45
2026-02-14,12.9,17.5,8.8,0.0,65.0,12.9,9.46
2026-02-15,17.5,24.8,0.1,0.0,9.0,15.8,14.0
2026-02-16,14.3,18.3,5.8,0.0,67.0,11.4,7.1
2026-02-17,13.0,16.0,7.4,0.0,83.0,10.1,8.95
2026-02-18,6.5,11.9,11.7,3.08,83.0,18.7,4.85
2026-02-19,7.5,13.6,0.0,0.0,28.0,11.9,13.62
2026-02-20,10.2,18.2,0.0,0.0,24.0,10.4,14.84
2026-02-21,10.3,14.8,3.4,0.0,75.0,9.2,11.55
2026-02-22,7.0,9.2,17.1,0.0,99.0,10.5,4.35
2026-02-23,6.6,10.6,0.0,0.0,67.0,7.3,13.25
2026-02-24,9.6,16.3,0.4,0.0,73.0,12.2,12.82
2026-02-25,8.5,11.6,10.7,0.0,60.0,12.4,12.51
2026-02-26,5.2,6.8,9.4,3.22,72.0,11.7,8.88
2026-02-27,4.6,6.8,2.0,0.07,75.0,11.7,9.91
2026-02-28,6.0,8.6,0.8,0.0,84.0,13.6,7.34
2026-03-01,6.8,10.6,0.0,0.0,52.0,11.7,9.85
2026-03-02,8.1,14.9,0.0,0.0,6.0,7.2,16.79
2026-03-03,9.0,13.9,0.0,0.0,91.0,8.1,13.85
2026-03-04,9.5,14.7,0.0,0.0,19.0,10.5,17.19
2026-03-05,9.0,15.0,0.3,0.0,64.0,7.8,14.93
2026-03-06,11.4,14.8,0.5,0.0,38.0,9.4,14.71
2026-03-07,8.2,11.5,0.0,0.0,24.0,12.6,14.63
2026-03-08,6.3,13.1,0.0,0.0,47.0,12.5,17.18
2026-03-09,8.1,14.6,0.0,0.0,36.0,14.1,17.89
2026-03-10,10.7,18.6,0.0,0.0,2.0,11.9,19.14
2026-03-11,9.3,16.5,0.0,0.0,7.0,8.5,18.59
2026-03-12,8.4,12.2,0.0,0.0,68.0,7.6,14.77
2026-03-13,8.7,12.9,0.0,0.0,48.0,9.4,15.34
2026-03-14,8.2,12.6,0.0,0.0,52.0,11.6,16.2
2026-03-15,8.4,11.3,0.0,0.0,91.0,10.7,13.92
2026-03-16,9.0,11.5,0.0,0.0,84.0,8.6,8.72
2026-03-17,9.0,14.6,0.0,0.0,77.0,12.7,16.09
2026-03-18,10.4,14.4,0.1,0.0,84.0,12.8,17.5
2026-03-19,8.5,9.5,6.3,0.0,100.0,15.8,4.69
2026-03-20,6.8,7.3,17.6,0.0,100.0,15.7,3.38
2026-03-21,8.5,9.9,4.8,0.0,100.0,12.4,5.5
2026-03-22,9.5,10.3,3.6,0.0,100.0,7.9,3.97
2026-03-23,9.6,10.4,3.5,0.0,100.0,7.6,4.46
2026-03-24,10.1,11.7,0.8,0.0,100.0,11.0,6.98
2026-03-25,10.1,11.8,1.6,0.0,94.0,14.0,6.98
2026-03-26,10.5,15.9,0.0,0.0,63.0,9.0,15.66
2026-03-27,13.1,20.8,0.6,0.0,56.0,9.1,17.08
2026-03-28,11.8,13.4,28.2,0.0,95.0,6.9,3.58
2026-03-29,9.6,11.3,17.2,0.0,100.0,17.3,8.34
2026-03-30,9.6,10.7,26.4,0.0,97.0,18.1,2.79
2026-03-31,13.2,17.6,0.9,0.0,62.0,8.1,16.24
2026-04-01,14.5,19.6,4.9,0.0,85.0,12.5,15.62
2026-04-02,15.4,18.5,13.5,0.0,60.0,12.2,11.52
2026-04-03,13.5,17.4,12.1,0.0,81.0,10.4,13.15
2026-04-04,13.4,16.2,7.9,0.0,96.0,8.4,8.49
2026-04-05,13.7,17.4,1.2,0.0,77.0,10.6,14.85
2026-04-06,13.2,19.2,0.0,0.0,2.0,8.8,23.53
2026-04-07,13.8,20.5,0.2,0.0,19.0,12.3,22.18
2026-04-08,13.2,15.9,5.4,0.0,44.0,18.2,16.87
2026-04-09,8.7,12.7,0.0,0.0,42.0,13.0,16.34
2026-04-10,8.4,11.3,4.5,0.0,51.0,11.9,17.44
2026-04-11,9.4,14.0,0.0,0.0,43.0,9.9,19.56
2026-04-12,10.5,14.6,0.0,0.0,23.0,10.9,21.81
2026-04-13,11.2,17.2,0.0,0.0,16.0,8.8,24.28
2026-04-14,13.6,21.1,0.0,0.0,45.0,8.0,21.65
2026-04-15,16.0,22.0,0.0,0.0,87.0,8.0,21.05
2026-04-16,14.8,18.5,0.0,0.0,92.0,9.0,18.21
2026-04-17,13.6,17.5,0.0,0.0,94.0,11.1,18.16
2026-04-18,12.8,15.3,1.7,0.0,82.0,14.0,11.7
2026-04-19,12.5,16.2,1.7,0.0,33.0,12.3,19.5
2026-04-20,13.4,20.2,0.0,0.0,11.0,4.8,25.25
2026-04-21,15.3,21.8,0.6,0.0,47.0,8.6,21.13
2026-04-22,11.7,14.6,17.5,0.0,98.0,12.3,3.94
2026-04-23,10.6,13.2,5.0,0.0,73.0,9.7,14.02
2026-04-24,12.0,18.1,0.0,0.0,6.0,11.1,25.98
2026-04-25,15.2,22.7,0.0,0.0,11.0,11.3,26.11
2026-04-26,17.2,23.9,0.0,0.0,0.0,6.9,26.11
2026-04-27,14.8,18.8,0.0,0.0,20.0,14.3,19.87
2026-04-28,13.3,18.6,0.0,0.0,7.0,10.2,26.75
2026-04-29,14.4,20.3,0.0,0.0,27.0,7.5,26.13
2026-04-30,15.0,20.9,0.0,0.0,20.0,8.7,24.46
2026-05-01,10.8,12.6,10.0,0.0,97.0,13.6,6.67
2026-05-02,9.6,11.0,4.3,0.0,87.0,15.8,9.99
2026-05-03,9.7,11.4,12.4,0.0,96.0,20.5,8.54
2026-05-04,10.9,13.0,11.5,0.0,100.0,17.5,9.88
2026-05-05,12.6,15.7,0.7,0.0,64.0,9.0,12.27
2026-05-06,14.7,21.1,0.0,0.0,0.0,8.1,27.15
2026-05-07,17.6,25.2,0.0,0.0,27.0,9.9,26.56
2026-05-08,19.6,26.2,0.0,0.0,82.0,10.7,21.68
2026-05-09,20.0,25.2,3.3,0.0,80.0,10.5,17.33
2026-05-10,19.9,24.7,0.4,0.0,27.0,8.0,22.77
2026-05-11,20.9,27.0,0.2,0.0,49.0,7.5,24.22
2026-05-12,22.4,28.9,0.2,0.0,13.0,15.0,23.63
2026-05-13,21.1,25.9,2.1,0.0,30.0,14.6,22.35
2026-05-14,15.8,17.6,13.7,0.0,75.0,11.3,12.23
2026-05-15,16.7,21.3,0.0,0.0,27.0,8.2,26.31
2026-05-16,19.0,26.5,0.0,0.0,23.0,11.6,25.71
2026-05-17,18.6,21.8,6.3,0.0,36.0,17.6,18.91
2026-05-18,16.7,20.7,1.1,0.0,37.0,9.3,21.85
2026-05-19,18.8,25.8,0.0,0.0,34.0,14.7,27.54
2026-05-20,17.4,19.3,10.0,0.0,99.0,11.7,18.64
2026-05-21,17.8,20.3,8.7,0.0,86.0,9.8,16.97
2026-05-22,18.5,22.1,6.9,0.0,78.0,8.5,15.85
2026-05-23,18.4,20.0,3.0,0.0,95.0,10.0,13.95
2026-05-24,18.8,21.3,4.8,0.0,95.0,9.1,9.91
2026-05-25,19.8,23.6,0.9,0.0,59.0,14.1,23.64
2026-05-26,20.2,25.3,0.0,0.0,20.0,9.9,26.52
2026-05-27,21.5,27.8,0.4,0.0,17.0,10.4,27.96
2026-05-28,21.4,27.3,2.4,0.0,27.0,9.2,27.31
2026-05-29,18.5,20.4,4.1,0.0,52.0,13.5,18.8
2026-05-30,18.4,24.4,0.0,0.0,5.0,9.7,28.65
2026-05-31,21.3,27.2,0.5,0.0,34.0,9.3,22.38
2026-06-01,22.9,28.8,0.1,0.0,38.0,9.4,25.29
2026-06-02,23.8,30.9,0.8,0.0,47.0,6.4,26.36
2026-06-03,24.4,30.4,0.0,0.0,30.0,7.6,27.43
2026-06-04,25.0,31.5,0.0,0.0,31.0,7.8,25.8
2026-06-05,22.9,27.2,0.7,0.0,51.0,6.4,24.35
2026-06-06,23.2,28.2,0.0,0.0,17.0,9.7,27.31
2026-06-07,24.2,29.2,0.0,0.0,7.0,10.3,28.92
2026-06-08,23.5,28.8,0.0,0.0,10.0,14.5,28.21
2026-06-09,22.0,27.0,0.0,0.0,88.0,13.4,21.27
2026-06-10,22.8,28.4,0.0,0.0,22.0,14.7,28.05
2026-06-11,23.2,28.9,0.0,0.0,5.0,10.6,28.83
2026-06-12,23.4,28.6,0.0,0.0,25.0,12.8,28.76
2026-06-13,19.6,23.3,6.5,0.0,72.0,16.9,19.2
2026-06-14,20.6,25.4,0.2,0.0,35.0,10.9,28.7
2026-06-15,22.6,29.4,0.0,0.0,3.0,7.4,30.05
2026-06-16,24.2,30.5,0.0,0.0,21.0,10.3,29.49
2026-06-17,24.1,29.2,0.3,0.0,27.0,11.9,27.73
2026-06-18,22.5,26.1,0.0,0.0,74.0,17.1,23.25
2026-06-19,20.8,23.3,5.4,0.0,87.0,17.1,12.62
2026-06-20,22.3,27.2,0.0,0.0,52.0,17.5,21.93
2026-06-21,23.0,28.7,0.0,0.0,8.0,16.3,29.13
2026-06-22,23.6,29.0,0.0,0.0,2.0,16.1,27.3
2026-06-23,23.5,29.0,0.0,0.0,1.0,15.3,30.15
2026-06-24,23.4,30.4,0.0,0.0,13.0,16.3,29.21
2026-06-25,25.2,31.5,0.0,0.0,5.0,16.5,28.02
2026-06-26,25.7,31.7,0.0,0.0,1.0,18.7,29.41
2026-06-27,25.6,31.8,0.0,0.0,4.0,20.1,29.03
2026-06-28,25.1,31.3,0.0,0.0,5.0,18.4,29.39
2026-06-29,26.3,33.7,0.0,0.0,0.0,18.1,29.39
2026-06-30,27.2,33.9,0.0,0.0,5.0,16.7,28.97
2026-07-01,27.7,33.4,0.0,0.0,17.0,10.0,23.95
2026-07-02,27.0,32.3,0.0,0.0,29.0,13.6,26.39
2026-07-03,27.0,31.8,0.0,0.0,8.0,12.4,28.4
2026-07-04,24.3,26.6,3.3,0.0,52.0,11.9,18.53
2026-07-05,24.6,28.8,0.5,0.0,22.0,18.1,24.26
2026-07-06,23.5,29.1,0.0,0.0,1.0,17.5,29.56
2026-07-07,23.9,29.8,0.0,0.0,1.0,16.3,29.86
2026-07-08,24.9,31.1,0.0,0.0,1.0,11.2,29.48
2026-07-09,22.7,27.4,1.8,0.0,39.0,13.0,19.73
2026-07-10,23.2,28.6,0.3,0.0,27.0,11.8,26.68
2026-07-11,24.9,30.8,0.0,0.0,0.0,14.6,29.57
2026-07-12,25.1,31.5,0.0,0.0,0.0,14.2,29.79
2026-07-13,24.8,29.7,0.0,0.0,2.0,14.2,28.5
2026-07-14,23.5,26.9,1.0,0.0,24.0,14.1,22.18
2026-07-15,24.9,30.8,0.0,0.0,1.0,15.8,28.61
2026-07-16,26.2,32.2,0.0,0.0,12.0,17.7,28.51
2026-07-17,26.4,31.9,0.0,0.0,20.0,17.7,27.99
2026-07-18,26.3,32.4,0.0,0.0,1.0,16.8,28.07
2026-07-19,26.3,32.6,0.0,0.0,4.0,13.0,28.18
2026-07-20,27.2,33.2,0.0,0.0,0.0,11.6,28.53
