date,unit,total_quantity,product_count,rolling_7d_quantity
2023-01-01,ADT,188.0,55,188.0
2023-01-02,ADT,158.0,50,173.0
2023-01-03,ADT,151.0,51,165.66666666666666
2023-01-04,ADT,178.0,57,168.75
2023-01-05,ADT,185.0,50,172.0
2023-01-06,ADT,186.0,46,174.33333333333334
2023-01-07,ADT,289.0,66,190.71428571428572
2023-01-08,ADT,309.0,64,208.0
2023-01-09,ADT,164.0,46,208.85714285714286
2023-01-10,ADT,169.0,49,211.42857142857142
2023-01-11,ADT,177.0,53,211.28571428571428
2023-01-12,ADT,145.0,52,205.57142857142858
2023-01-13,ADT,192.0,66,206.42857142857142
2023-01-14,ADT,294.0,64,207.14285714285714
2023-01-15,ADT,252.0,52,199.0
2023-01-16,ADT,156.0,53,197.85714285714286
2023-01-17,ADT,192.0,61,201.14285714285714
2023-01-18,ADT,170.0,49,200.14285714285714
2023-01-19,ADT,164.0,51,202.85714285714286
2023-01-20,ADT,224.0,67,207.42857142857142
2023-01-21,ADT,280.0,65,205.42857142857142
2023-01-22,ADT,298.0,64,212.0
2023-01-23,ADT,171.0,55,214.14285714285714
2023-01-24,ADT,157.0,51,209.14285714285714
2023-01-25,ADT,160.0,44,207.71428571428572
2023-01-26,ADT,180.0,52,210.0
2023-01-27,ADT,219.0,64,209.28571428571428
2023-01-28,ADT,290.0,68,210.71428571428572
2023-01-29,ADT,247.0,67,203.42857142857142
2023-01-30,ADT,148.0,55,200.14285714285714
2023-01-31,ADT,163.0,42,201.0
2023-02-01,ADT,154.0,53,200.14285714285714
2023-02-02,ADT,155.0,46,196.57142857142858
2023-02-03,ADT,264.0,61,203.0
2023-02-04,ADT,434.0,64,223.57142857142858
2023-02-05,ADT,460.0,72,254.0
2023-02-06,ADT,257.0,55,269.57142857142856
2023-02-07,ADT,243.0,53,281.0
2023-02-08,ADT,232.0,54,292.14285714285717
2023-02-09,ADT,240.0,49,304.2857142857143
2023-02-10,ADT,213.0,58,297.0
2023-02-11,ADT,316.0,63,280.14285714285717
2023-02-12,ADT,221.0,57,246.0
2023-02-13,ADT,163.0,46,232.57142857142858
2023-02-14,ADT,183.0,43,224.0
2023-02-15,ADT,138.0,50,210.57142857142858
2023-02-16,ADT,209.0,53,206.14285714285714
2023-02-17,ADT,196.0,54,203.71428571428572
2023-02-18,ADT,278.0,75,198.28571428571428
2023-02-19,ADT,280.0,63,206.71428571428572
2023-02-20,ADT,192.0,49,210.85714285714286
2023-02-21,ADT,163.0,55,208.0
2023-02-22,ADT,152.0,48,210.0
2023-02-23,ADT,171.0,53,204.57142857142858
2023-02-24,ADT,161.0,59,199.57142857142858
2023-02-25,ADT,231.0,65,192.85714285714286
2023-02-26,ADT,219.0,65,184.14285714285714
2023-02-27,ADT,119.0,38,173.71428571428572
2023-02-28,ADT,213.0,58,180.85714285714286
2023-03-01,ADT,225.0,58,191.28571428571428
2023-03-02,ADT,187.0,59,193.57142857142858
2023-03-03,ADT,244.0,72,205.42857142857142
2023-03-04,ADT,262.0,73,209.85714285714286
2023-03-05,ADT,299.0,76,221.28571428571428
2023-03-06,ADT,209.0,63,234.14285714285714
2023-03-07,ADT,130.0,49,222.28571428571428
2023-03-08,ADT,193.0,47,217.71428571428572
2023-03-09,ADT,158.0,55,213.57142857142858
2023-03-10,ADT,238.0,65,212.71428571428572
2023-03-11,ADT,303.0,67,218.57142857142858
2023-03-12,ADT,329.0,71,222.85714285714286
2023-03-13,ADT,198.0,57,221.28571428571428
2023-03-14,ADT,212.0,60,233.0
2023-03-15,ADT,145.0,53,226.14285714285714
2023-03-16,ADT,153.0,58,225.42857142857142
2023-03-17,ADT,320.0,75,237.14285714285714
2023-03-18,ADT,461.0,85,259.7142857142857
2023-03-19,ADT,420.0,92,272.7142857142857
2023-03-20,ADT,2581.0,66,613.1428571428571
2023-03-21,ADT,262.0,61,620.2857142857143
2023-03-22,ADT,497.0,99,670.5714285714286
2023-03-23,ADT,390.0,75,704.4285714285714
2023-03-24,ADT,254.0,86,695.0
2023-03-25,ADT,328.0,86,676.0
2023-03-26,ADT,364.0,91,668.0
2023-03-27,ADT,173.0,61,324.0
2023-03-28,ADT,205.0,72,315.85714285714283
2023-03-29,ADT,261.0,75,282.14285714285717
2023-03-30,ADT,191.0,64,253.71428571428572
2023-03-31,ADT,223.0,63,249.28571428571428
2023-04-01,ADT,304.0,69,245.85714285714286
2023-04-02,ADT,378.0,74,247.85714285714286
2023-04-03,ADT,205.0,62,252.42857142857142
2023-04-04,ADT,174.0,53,248.0
2023-04-05,ADT,245.0,63,245.71428571428572
2023-04-06,ADT,242.0,60,253.0
2023-04-07,ADT,246.0,69,256.2857142857143
2023-04-08,ADT,246.0,69,248.0
2023-04-09,ADT,385.0,77,249.0
2023-04-10,ADT,203.0,63,248.71428571428572
2023-04-11,ADT,192.0,59,251.28571428571428
2023-04-12,ADT,211.0,65,246.42857142857142
2023-04-13,ADT,158.0,61,234.42857142857142
2023-04-14,ADT,207.0,56,228.85714285714286
2023-04-15,ADT,271.0,75,232.42857142857142
2023-04-16,ADT,347.0,90,227.0
2023-04-17,ADT,218.0,69,229.14285714285714
2023-04-18,ADT,323.0,72,247.85714285714286
2023-04-19,ADT,322.0,82,263.7142857142857
2023-04-20,ADT,402.0,89,298.57142857142856
2023-04-21,ADT,134.0,51,288.14285714285717
2023-04-22,ADT,154.0,60,271.42857142857144
2023-04-23,ADT,187.0,57,248.57142857142858
2023-04-24,ADT,177.0,57,242.71428571428572
2023-04-25,ADT,119.0,50,213.57142857142858
2023-04-26,ADT,177.0,56,192.85714285714286
2023-04-27,ADT,159.0,61,158.14285714285714
2023-04-28,ADT,245.0,69,174.0
2023-04-29,ADT,332.0,60,199.42857142857142
2023-04-30,ADT,309.0,67,216.85714285714286
2023-05-01,ADT,249.0,57,227.14285714285714
2023-05-02,ADT,164.0,41,233.57142857142858
2023-05-03,ADT,175.0,46,233.28571428571428
2023-05-04,ADT,179.0,55,236.14285714285714
2023-05-05,ADT,238.0,74,235.14285714285714
2023-05-06,ADT,233.0,70,221.0
2023-05-07,ADT,229.0,68,209.57142857142858
2023-05-08,ADT,163.0,57,197.28571428571428
2023-05-09,ADT,168.0,49,197.85714285714286
2023-05-10,ADT,153.0,58,194.71428571428572
2023-05-11,ADT,208.0,66,198.85714285714286
2023-05-12,ADT,247.0,81,200.14285714285714
2023-05-13,ADT,316.0,87,212.0
2023-05-14,ADT,252.0,69,215.28571428571428
2023-05-15,ADT,152.0,53,213.71428571428572
2023-05-16,ADT,187.0,50,216.42857142857142
2023-05-17,ADT,195.0,63,222.42857142857142
2023-05-18,ADT,233.0,66,226.0
2023-05-19,ADT,272.0,69,229.57142857142858
2023-05-20,ADT,276.0,78,223.85714285714286
2023-05-21,ADT,223.0,69,219.71428571428572
2023-05-22,ADT,145.0,61,218.71428571428572
2023-05-23,ADT,165.0,56,215.57142857142858
2023-05-24,ADT,142.0,49,208.0
2023-05-25,ADT,217.0,66,205.71428571428572
2023-05-26,ADT,200.0,65,195.42857142857142
2023-05-27,ADT,258.0,73,192.85714285714286
2023-05-28,ADT,315.0,74,206.0
2023-05-29,ADT,190.0,58,212.42857142857142
2023-05-30,ADT,177.0,55,214.14285714285714
2023-05-31,ADT,182.0,55,219.85714285714286
2023-06-01,ADT,116.0,61,205.42857142857142
2023-06-02,ADT,177.0,55,202.14285714285714
2023-06-03,ADT,299.0,86,208.0
2023-06-04,ADT,260.0,73,200.14285714285714
2023-06-05,ADT,183.0,65,199.14285714285714
2023-06-06,ADT,203.0,59,202.85714285714286
2023-06-07,ADT,162.0,62,200.0
2023-06-08,ADT,183.0,65,209.57142857142858
2023-06-09,ADT,250.0,63,220.0
2023-06-10,ADT,262.0,69,214.71428571428572
2023-06-11,ADT,287.0,77,218.57142857142858
2023-06-12,ADT,189.0,53,219.42857142857142
2023-06-13,ADT,153.0,52,212.28571428571428
2023-06-14,ADT,180.0,54,214.85714285714286
2023-06-15,ADT,203.0,62,217.71428571428572
2023-06-16,ADT,187.0,61,208.71428571428572
2023-06-17,ADT,284.0,78,211.85714285714286
2023-06-18,ADT,285.0,84,211.57142857142858
2023-06-19,ADT,167.0,53,208.42857142857142
2023-06-20,ADT,139.0,51,206.42857142857142
2023-06-21,ADT,169.0,61,204.85714285714286
2023-06-22,ADT,177.0,63,201.14285714285714
2023-06-23,ADT,185.0,59,200.85714285714286
2023-06-24,ADT,227.0,66,192.71428571428572
2023-06-25,ADT,256.0,80,188.57142857142858
2023-06-26,ADT,316.0,79,209.85714285714286
2023-06-27,ADT,351.0,90,240.14285714285714
2023-06-28,ADT,137.0,55,235.57142857142858
2023-06-29,ADT,178.0,63,235.71428571428572
2023-06-30,ADT,226.0,62,241.57142857142858
2023-07-01,ADT,192.0,65,236.57142857142858
2023-07-02,ADT,245.0,64,235.0
2023-07-03,ADT,225.0,65,222.0
2023-07-04,ADT,176.0,69,197.0
2023-07-05,ADT,193.0,55,205.0
2023-07-06,ADT,148.0,65,200.71428571428572
2023-07-07,ADT,182.0,61,194.42857142857142
2023-07-08,ADT,284.0,82,207.57142857142858
2023-07-09,ADT,254.0,78,208.85714285714286
2023-07-10,ADT,179.0,57,202.28571428571428
2023-07-11,ADT,173.0,61,201.85714285714286
2023-07-12,ADT,176.0,61,199.42857142857142
2023-07-13,ADT,205.0,63,207.57142857142858
2023-07-14,ADT,202.0,60,210.42857142857142
2023-07-15,ADT,286.0,81,210.71428571428572
2023-07-16,ADT,259.0,71,211.42857142857142
2023-07-17,ADT,230.0,71,218.71428571428572
2023-07-18,ADT,219.0,76,225.28571428571428
2023-07-19,ADT,161.0,59,223.14285714285714
2023-07-20,ADT,149.0,60,215.14285714285714
2023-07-21,ADT,183.0,72,212.42857142857142
2023-07-22,ADT,253.0,78,207.71428571428572
2023-07-23,ADT,247.0,79,206.0
2023-07-24,ADT,212.0,69,203.42857142857142
2023-07-25,ADT,194.0,57,199.85714285714286
2023-07-26,ADT,165.0,60,200.42857142857142
2023-07-27,ADT,196.0,70,207.14285714285714
2023-07-28,ADT,211.0,68,211.14285714285714
2023-07-29,ADT,234.0,73,208.42857142857142
2023-07-30,ADT,173.0,70,197.85714285714286
2023-07-31,ADT,140.0,55,187.57142857142858
2023-08-01,ADT,162.0,60,183.0
2023-08-02,ADT,228.0,78,192.0
2023-08-03,ADT,149.0,59,185.28571428571428
2023-08-04,ADT,199.0,74,183.57142857142858
2023-08-05,ADT,265.0,72,188.0
2023-08-06,ADT,237.0,63,197.14285714285714
2023-08-07,ADT,205.0,68,206.42857142857142
2023-08-08,ADT,214.0,65,213.85714285714286
2023-08-09,ADT,207.0,68,210.85714285714286
2023-08-10,ADT,134.0,59,208.71428571428572
2023-08-11,ADT,219.0,70,211.57142857142858
2023-08-12,ADT,229.0,77,206.42857142857142
2023-08-13,ADT,191.0,61,199.85714285714286
2023-08-14,ADT,221.0,69,202.14285714285714
2023-08-15,ADT,213.0,67,202.0
2023-08-16,ADT,168.0,61,196.42857142857142
2023-08-17,ADT,191.0,58,204.57142857142858
2023-08-18,ADT,247.0,68,208.57142857142858
2023-08-19,ADT,259.0,75,212.85714285714286
2023-08-20,ADT,300.0,85,228.42857142857142
2023-08-21,ADT,203.0,65,225.85714285714286
2023-08-22,ADT,178.0,65,220.85714285714286
2023-08-23,ADT,196.0,74,224.85714285714286
2023-08-24,ADT,205.0,72,226.85714285714286
2023-08-25,ADT,164.0,61,215.0
2023-08-26,ADT,234.0,79,211.42857142857142
2023-08-27,ADT,276.0,81,208.0
2023-08-28,ADT,190.0,70,206.14285714285714
2023-08-29,ADT,206.0,74,210.14285714285714
2023-08-30,ADT,233.0,67,215.42857142857142
2023-08-31,ADT,210.0,72,216.14285714285714
2023-09-01,ADT,201.0,70,221.42857142857142
2023-09-02,ADT,209.0,66,217.85714285714286
2023-09-03,ADT,200.0,70,207.0
2023-09-04,ADT,167.0,63,203.71428571428572
2023-09-05,ADT,167.0,68,198.14285714285714
2023-09-06,ADT,165.0,59,188.42857142857142
2023-09-07,ADT,172.0,63,183.0
2023-09-08,ADT,236.0,77,188.0
2023-09-09,ADT,261.0,82,195.42857142857142
2023-09-10,ADT,342.0,91,215.71428571428572
2023-09-11,ADT,201.0,69,220.57142857142858
2023-09-12,ADT,219.0,73,228.0
2023-09-13,ADT,187.0,60,231.14285714285714
2023-09-14,ADT,189.0,73,233.57142857142858
2023-09-15,ADT,184.0,64,226.14285714285714
2023-09-16,ADT,239.0,71,223.0
2023-09-17,ADT,308.0,81,218.14285714285714
2023-09-18,ADT,193.0,51,217.0
2023-09-19,ADT,247.0,60,221.0
2023-09-20,ADT,210.0,63,224.28571428571428
2023-09-21,ADT,190.0,60,224.42857142857142
2023-09-22,ADT,205.0,58,227.42857142857142
2023-09-23,ADT,288.0,78,234.42857142857142
2023-09-24,ADT,273.0,84,229.42857142857142
2023-09-25,ADT,170.0,53,226.14285714285714
2023-09-26,ADT,172.0,57,215.42857142857142
2023-09-27,ADT,230.0,59,218.28571428571428
2023-09-28,ADT,176.0,59,216.28571428571428
2023-09-29,ADT,215.0,66,217.71428571428572
2023-09-30,ADT,289.0,73,217.85714285714286
2023-10-01,ADT,320.0,79,224.57142857142858
2023-10-02,ADT,162.0,54,223.42857142857142
2023-10-03,ADT,189.0,58,225.85714285714286
2023-10-04,ADT,164.0,48,216.42857142857142
2023-10-05,ADT,212.0,70,221.57142857142858
2023-10-06,ADT,219.0,67,222.14285714285714
2023-10-07,ADT,241.0,78,215.28571428571428
2023-10-08,ADT,291.0,75,211.14285714285714
2023-10-09,ADT,184.0,60,214.28571428571428
2023-10-10,ADT,212.0,61,217.57142857142858
2023-10-11,ADT,151.0,62,215.71428571428572
2023-10-12,ADT,158.0,64,208.0
2023-10-13,ADT,246.0,66,211.85714285714286
2023-10-14,ADT,335.0,73,225.28571428571428
2023-10-15,ADT,331.0,65,231.0
2023-10-16,ADT,206.0,65,234.14285714285714
2023-10-17,ADT,248.0,67,239.28571428571428
2023-10-18,ADT,220.0,53,249.14285714285714
2023-10-19,ADT,207.0,55,256.14285714285717
2023-10-20,ADT,163.0,58,244.28571428571428
2023-10-21,ADT,252.0,74,232.42857142857142
2023-10-22,ADT,403.0,71,242.71428571428572
2023-10-23,ADT,216.0,53,244.14285714285714
2023-10-24,ADT,338.0,64,257.0
2023-10-25,ADT,184.0,47,251.85714285714286
2023-10-26,ADT,253.0,69,258.42857142857144
2023-10-27,ADT,253.0,61,271.2857142857143
2023-10-28,ADT,297.0,68,277.7142857142857
2023-10-29,ADT,268.0,79,258.42857142857144
2023-10-30,ADT,239.0,65,261.7142857142857
2023-10-31,ADT,196.0,67,241.42857142857142
2023-11-01,ADT,222.0,63,246.85714285714286
2023-11-02,ADT,229.0,77,243.42857142857142
2023-11-03,ADT,219.0,65,238.57142857142858
2023-11-04,ADT,282.0,82,236.42857142857142
2023-11-05,ADT,359.0,81,249.42857142857142
2023-11-06,ADT,177.0,63,240.57142857142858
2023-11-07,ADT,166.0,65,236.28571428571428
2023-11-08,ADT,168.0,61,228.57142857142858
2023-11-09,ADT,156.0,51,218.14285714285714
2023-11-10,ADT,194.0,54,214.57142857142858
2023-11-11,ADT,301.0,73,217.28571428571428
2023-11-12,ADT,293.0,78,207.85714285714286
2023-11-13,ADT,212.0,62,212.85714285714286
2023-11-14,ADT,214.0,57,219.71428571428572
2023-11-15,ADT,168.0,64,219.71428571428572
2023-11-16,ADT,209.0,69,227.28571428571428
2023-11-17,ADT,164.0,53,223.0
2023-11-18,ADT,303.0,81,223.28571428571428
2023-11-19,ADT,333.0,70,229.0
2023-11-20,ADT,217.0,64,229.71428571428572
2023-11-21,ADT,217.0,58,230.14285714285714
2023-11-22,ADT,202.0,62,235.0
2023-11-23,ADT,237.0,54,239.0
2023-11-24,ADT,215.0,54,246.28571428571428
2023-11-25,ADT,345.0,85,252.28571428571428
2023-11-26,ADT,311.0,77,249.14285714285714
2023-11-27,ADT,229.0,70,250.85714285714286
2023-11-28,ADT,237.0,72,253.71428571428572
2023-11-29,ADT,189.0,54,251.85714285714286
2023-11-30,ADT,232.0,70,251.14285714285714
2023-12-01,ADT,167.0,61,244.28571428571428
2023-12-02,ADT,270.0,79,233.57142857142858
2023-12-03,ADT,258.0,70,226.0
2023-12-04,ADT,163.0,67,216.57142857142858
2023-12-05,ADT,135.0,50,202.0
2023-12-06,ADT,199.0,74,203.42857142857142
2023-12-07,ADT,158.0,71,192.85714285714286
2023-12-08,ADT,209.0,67,198.85714285714286
2023-12-09,ADT,285.0,84,201.0
2023-12-10,ADT,234.0,80,197.57142857142858
2023-12-11,ADT,173.0,75,199.0
2023-12-12,ADT,194.0,59,207.42857142857142
2023-12-13,ADT,166.0,62,202.71428571428572
2023-12-14,ADT,133.0,51,199.14285714285714
2023-12-15,ADT,180.0,67,195.0
2023-12-16,ADT,263.0,79,191.85714285714286
2023-12-17,ADT,309.0,78,202.57142857142858
2023-12-18,ADT,207.0,65,207.42857142857142
2023-12-19,ADT,205.0,66,209.0
2023-12-20,ADT,230.0,66,218.14285714285714
2023-12-21,ADT,197.0,66,227.28571428571428
2023-12-22,ADT,185.0,68,228.0
2023-12-23,ADT,288.0,82,231.57142857142858
2023-12-24,ADT,264.0,83,225.14285714285714
2023-12-25,ADT,253.0,66,231.71428571428572
2023-12-26,ADT,192.0,72,229.85714285714286
2023-12-27,ADT,202.0,58,225.85714285714286
2023-12-28,ADT,214.0,66,228.28571428571428
2023-12-29,ADT,364.0,80,253.85714285714286
2023-12-30,ADT,398.0,95,269.57142857142856
2023-12-31,ADT,416.0,92,291.2857142857143
2024-01-01,ADT,166.0,61,278.85714285714283
2024-01-02,ADT,176.0,59,276.57142857142856
2024-01-03,ADT,153.0,54,269.57142857142856
2024-01-04,ADT,127.0,54,257.14285714285717
2024-01-05,ADT,203.0,64,234.14285714285714
2024-01-06,ADT,317.0,78,222.57142857142858
2024-01-07,ADT,324.0,77,209.42857142857142
2024-01-08,ADT,198.0,64,214.0
2024-01-09,ADT,175.0,56,213.85714285714286
2024-01-10,ADT,162.0,59,215.14285714285714
2024-01-11,ADT,199.0,75,225.42857142857142
2024-01-12,ADT,247.0,65,231.71428571428572
2024-01-13,ADT,464.0,82,252.71428571428572
2024-01-14,ADT,447.0,76,270.2857142857143
2024-01-15,ADT,289.0,70,283.2857142857143
2024-01-16,ADT,260.0,61,295.42857142857144
2024-01-17,ADT,237.0,57,306.14285714285717
2024-01-18,ADT,254.0,59,314.0
2024-01-19,ADT,248.0,77,314.14285714285717
2024-01-20,ADT,371.0,93,300.85714285714283
2024-01-21,ADT,384.0,87,291.85714285714283
2024-01-22,ADT,288.0,75,291.7142857142857
2024-01-23,ADT,236.0,72,288.2857142857143
2024-01-24,ADT,185.0,57,280.85714285714283
2024-01-25,ADT,239.0,74,278.7142857142857
2024-01-26,ADT,235.0,69,276.85714285714283
2024-01-27,ADT,368.0,86,276.42857142857144
2024-01-28,ADT,346.0,85,271.0
2024-01-29,ADT,243.0,61,264.57142857142856
2024-01-30,ADT,211.0,66,261.0
2024-01-31,ADT,247.0,59,269.85714285714283
2024-02-01,ADT,211.0,69,265.85714285714283
2024-02-02,ADT,263.0,69,269.85714285714283
2024-02-03,ADT,381.0,83,271.7142857142857
2024-02-04,ADT,413.0,80,281.2857142857143
2024-02-05,ADT,346.0,78,296.0
2024-02-06,ADT,266.0,73,303.85714285714283
2024-02-07,ADT,278.0,82,308.2857142857143
2024-02-08,ADT,243.0,63,312.85714285714283
2024-02-09,ADT,222.0,72,307.0
2024-02-10,ADT,361.0,85,304.14285714285717
2024-02-11,ADT,387.0,88,300.42857142857144
2024-02-12,ADT,232.0,77,284.14285714285717
2024-02-13,ADT,241.0,61,280.57142857142856
2024-02-14,ADT,208.0,60,270.57142857142856
2024-02-15,ADT,231.0,79,268.85714285714283
2024-02-16,ADT,302.0,73,280.2857142857143
2024-02-17,ADT,349.0,89,278.57142857142856
2024-02-18,ADT,413.0,80,282.2857142857143
2024-02-19,ADT,242.0,71,283.7142857142857
2024-02-20,ADT,196.0,64,277.2857142857143
2024-02-21,ADT,194.0,59,275.2857142857143
2024-02-22,ADT,239.0,69,276.42857142857144
2024-02-23,ADT,243.0,65,268.0
2024-02-24,ADT,306.0,76,261.85714285714283
2024-02-25,ADT,339.0,83,251.28571428571428
2024-02-26,ADT,263.0,68,254.28571428571428
2024-02-27,ADT,192.0,52,253.71428571428572
2024-02-28,ADT,238.0,70,260.0
2024-02-29,ADT,237.0,65,259.7142857142857
2024-03-01,ADT,258.0,72,261.85714285714283
2024-03-02,ADT,381.0,89,272.57142857142856
2024-03-03,ADT,391.0,87,280.0
2024-03-04,ADT,231.0,69,275.42857142857144
2024-03-05,ADT,205.0,66,277.2857142857143
2024-03-06,ADT,251.0,76,279.14285714285717
2024-03-07,ADT,2421.0,64,591.1428571428571
2024-03-08,ADT,601.0,80,640.1428571428571
2024-03-09,ADT,752.0,86,693.1428571428571
2024-03-10,ADT,1044.0,99,786.4285714285714
2024-03-11,ADT,594.0,73,838.2857142857143
2024-03-12,ADT,636.0,87,899.8571428571429
2024-03-13,ADT,586.0,78,947.7142857142857
2024-03-14,ADT,476.0,59,669.8571428571429
2024-03-15,ADT,302.0,66,627.1428571428571
2024-03-16,ADT,474.0,92,587.4285714285714
2024-03-17,ADT,509.0,88,511.0
2024-03-18,ADT,246.0,67,461.2857142857143
2024-03-19,ADT,288.0,72,411.57142857142856
2024-03-20,ADT,242.0,62,362.42857142857144
2024-03-21,ADT,299.0,62,337.14285714285717
2024-03-22,ADT,330.0,76,341.14285714285717
2024-03-23,ADT,505.0,91,345.57142857142856
2024-03-24,ADT,388.0,84,328.2857142857143
2024-03-25,ADT,267.0,75,331.2857142857143
2024-03-26,ADT,346.0,70,339.57142857142856
2024-03-27,ADT,233.0,52,338.2857142857143
2024-03-28,ADT,233.0,68,328.85714285714283
2024-03-29,ADT,221.0,60,313.2857142857143
2024-03-30,ADT,335.0,77,289.0
2024-03-31,ADT,266.0,73,271.57142857142856
2024-04-01,ADT,213.0,58,263.85714285714283
2024-04-02,ADT,207.0,74,244.0
2024-04-03,ADT,262.0,66,248.14285714285714
2024-04-04,ADT,235.0,64,248.42857142857142
2024-04-05,ADT,280.0,70,256.85714285714283
2024-04-06,ADT,339.0,82,257.42857142857144
2024-04-07,ADT,386.0,91,274.57142857142856
2024-04-08,ADT,339.0,81,292.57142857142856
2024-04-09,ADT,493.0,98,333.42857142857144
2024-04-10,ADT,196.0,58,324.0
2024-04-11,ADT,284.0,71,331.0
2024-04-12,ADT,212.0,60,321.2857142857143
2024-04-13,ADT,274.0,77,312.0
2024-04-14,ADT,298.0,81,299.42857142857144
2024-04-15,ADT,223.0,60,282.85714285714283
2024-04-16,ADT,182.0,64,238.42857142857142
2024-04-17,ADT,168.0,55,234.42857142857142
2024-04-18,ADT,205.0,65,223.14285714285714
2024-04-19,ADT,222.0,57,224.57142857142858
2024-04-20,ADT,407.0,84,243.57142857142858
2024-04-21,ADT,313.0,71,245.71428571428572
2024-04-22,ADT,203.0,74,242.85714285714286
2024-04-23,ADT,231.0,64,249.85714285714286
2024-04-24,ADT,157.0,59,248.28571428571428
2024-04-25,ADT,270.0,72,257.57142857142856
2024-04-26,ADT,246.0,74,261.0
2024-04-27,ADT,243.0,79,237.57142857142858
2024-04-28,ADT,276.0,75,232.28571428571428
2024-04-29,ADT,178.0,60,228.71428571428572
2024-04-30,ADT,183.0,60,221.85714285714286
2024-05-01,ADT,287.0,72,240.42857142857142
2024-05-02,ADT,191.0,66,229.14285714285714
2024-05-03,ADT,185.0,64,220.42857142857142
2024-05-04,ADT,377.0,87,239.57142857142858
2024-05-05,ADT,277.0,70,239.71428571428572
2024-05-06,ADT,206.0,55,243.71428571428572
2024-05-07,ADT,180.0,56,243.28571428571428
2024-05-08,ADT,161.0,51,225.28571428571428
2024-05-09,ADT,221.0,71,229.57142857142858
2024-05-10,ADT,247.0,70,238.42857142857142
2024-05-11,ADT,369.0,92,237.28571428571428
2024-05-12,ADT,311.0,77,242.14285714285714
2024-05-13,ADT,255.0,73,249.14285714285714
2024-05-14,ADT,192.0,57,250.85714285714286
2024-05-15,ADT,229.0,62,260.57142857142856
2024-05-16,ADT,176.0,61,254.14285714285714
2024-05-17,ADT,215.0,67,249.57142857142858
2024-05-18,ADT,272.0,64,235.71428571428572
2024-05-19,ADT,297.0,78,233.71428571428572
2024-05-20,ADT,215.0,58,228.0
2024-05-21,ADT,190.0,67,227.71428571428572
2024-05-22,ADT,147.0,44,216.0
2024-05-23,ADT,131.0,54,209.57142857142858
2024-05-24,ADT,203.0,62,207.85714285714286
2024-05-25,ADT,264.0,83,206.71428571428572
2024-05-26,ADT,222.0,73,196.0
2024-05-27,ADT,196.0,58,193.28571428571428
2024-05-28,ADT,139.0,50,186.0
2024-05-29,ADT,185.0,61,191.42857142857142
2024-05-30,ADT,145.0,49,193.42857142857142
2024-05-31,ADT,192.0,56,191.85714285714286
2024-06-01,ADT,264.0,68,191.85714285714286
2024-06-02,ADT,255.0,81,196.57142857142858
2024-06-03,ADT,120.0,52,185.71428571428572
2024-06-04,ADT,224.0,62,197.85714285714286
2024-06-05,ADT,183.0,58,197.57142857142858
2024-06-06,ADT,198.0,69,205.14285714285714
2024-06-07,ADT,245.0,71,212.71428571428572
2024-06-08,ADT,270.0,76,213.57142857142858
2024-06-09,ADT,259.0,70,214.14285714285714
2024-06-10,ADT,246.0,65,232.14285714285714
2024-06-11,ADT,231.0,66,233.14285714285714
2024-06-12,ADT,255.0,67,243.42857142857142
2024-06-13,ADT,245.0,73,250.14285714285714
2024-06-14,ADT,344.0,80,264.2857142857143
2024-06-15,ADT,416.0,91,285.14285714285717
2024-06-16,ADT,136.0,61,267.57142857142856
2024-06-17,ADT,235.0,71,266.0
2024-06-18,ADT,136.0,55,252.42857142857142
2024-06-19,ADT,212.0,62,246.28571428571428
2024-06-20,ADT,188.0,59,238.14285714285714
2024-06-21,ADT,183.0,59,215.14285714285714
2024-06-22,ADT,268.0,73,194.0
2024-06-23,ADT,287.0,71,215.57142857142858
2024-06-24,ADT,188.0,68,208.85714285714286
2024-06-25,ADT,180.0,63,215.14285714285714
2024-06-26,ADT,177.0,65,210.14285714285714
2024-06-27,ADT,171.0,56,207.71428571428572
2024-06-28,ADT,222.0,71,213.28571428571428
2024-06-29,ADT,346.0,72,224.42857142857142
2024-06-30,ADT,304.0,74,226.85714285714286
2024-07-01,ADT,260.0,68,237.14285714285714
2024-07-02,ADT,200.0,59,240.0
2024-07-03,ADT,193.0,72,242.28571428571428
2024-07-04,ADT,183.0,57,244.0
2024-07-05,ADT,203.0,73,241.28571428571428
2024-07-06,ADT,253.0,81,228.0
2024-07-07,ADT,178.0,65,210.0
2024-07-08,ADT,177.0,66,198.14285714285714
2024-07-09,ADT,153.0,48,191.42857142857142
2024-07-10,ADT,201.0,67,192.57142857142858
2024-07-11,ADT,236.0,83,200.14285714285714
2024-07-12,ADT,248.0,74,206.57142857142858
2024-07-13,ADT,244.0,70,205.28571428571428
2024-07-14,ADT,239.0,74,214.0
2024-07-15,ADT,214.0,69,219.28571428571428
2024-07-16,ADT,293.0,78,239.28571428571428
2024-07-17,ADT,181.0,56,236.42857142857142
2024-07-18,ADT,195.0,48,230.57142857142858
2024-07-19,ADT,247.0,64,230.42857142857142
2024-07-20,ADT,320.0,76,241.28571428571428
2024-07-21,ADT,261.0,73,244.42857142857142
2024-07-22,ADT,246.0,62,249.0
2024-07-23,ADT,258.0,70,244.0
2024-07-24,ADT,204.0,57,247.28571428571428
2024-07-25,ADT,195.0,60,247.28571428571428
2024-07-26,ADT,177.0,52,237.28571428571428
2024-07-27,ADT,295.0,81,233.71428571428572
2024-07-28,ADT,294.0,69,238.42857142857142
2024-07-29,ADT,217.0,60,234.28571428571428
2024-07-30,ADT,225.0,56,229.57142857142858
2024-07-31,ADT,228.0,64,233.0
2024-08-01,ADT,227.0,63,237.57142857142858
2024-08-02,ADT,211.0,66,242.42857142857142
2024-08-03,ADT,264.0,76,238.0
2024-08-04,ADT,319.0,88,241.57142857142858
2024-08-05,ADT,216.0,78,241.42857142857142
2024-08-06,ADT,218.0,71,240.42857142857142
2024-08-07,ADT,243.0,68,242.57142857142858
2024-08-08,ADT,252.0,66,246.14285714285714
2024-08-09,ADT,214.0,58,246.57142857142858
2024-08-10,ADT,328.0,81,255.71428571428572
2024-08-11,ADT,325.0,75,256.57142857142856
2024-08-12,ADT,285.0,70,266.42857142857144
2024-08-13,ADT,231.0,68,268.2857142857143
2024-08-14,ADT,253.0,69,269.7142857142857
2024-08-15,ADT,228.0,68,266.2857142857143
2024-08-16,ADT,235.0,74,269.2857142857143
2024-08-17,ADT,290.0,67,263.85714285714283
2024-08-18,ADT,245.0,72,252.42857142857142
2024-08-19,ADT,243.0,69,246.42857142857142
2024-08-20,ADT,212.0,57,243.71428571428572
2024-08-21,ADT,235.0,70,241.14285714285714
2024-08-22,ADT,200.0,64,237.14285714285714
2024-08-23,ADT,247.0,69,238.85714285714286
2024-08-24,ADT,334.0,78,245.14285714285714
2024-08-25,ADT,214.0,63,240.71428571428572
2024-08-26,ADT,206.0,58,235.42857142857142
2024-08-27,ADT,227.0,71,237.57142857142858
2024-08-28,ADT,236.0,61,237.71428571428572
2024-08-29,ADT,198.0,68,237.42857142857142
2024-08-30,ADT,236.0,67,235.85714285714286
2024-08-31,ADT,238.0,80,222.14285714285714
2024-09-01,ADT,268.0,65,229.85714285714286
2024-09-02,ADT,218.0,72,231.57142857142858
2024-09-03,ADT,221.0,59,230.71428571428572
2024-09-04,ADT,189.0,56,224.0
2024-09-05,ADT,257.0,59,232.42857142857142
2024-09-06,ADT,209.0,71,228.57142857142858
2024-09-07,ADT,274.0,70,233.71428571428572
2024-09-08,ADT,394.0,88,251.71428571428572
2024-09-09,ADT,266.0,61,258.57142857142856
2024-09-10,ADT,331.0,79,274.2857142857143
2024-09-11,ADT,262.0,73,284.7142857142857
2024-09-12,ADT,232.0,63,281.14285714285717
2024-09-13,ADT,239.0,62,285.42857142857144
2024-09-14,ADT,260.0,71,283.42857142857144
2024-09-15,ADT,358.0,66,278.2857142857143
2024-09-16,ADT,225.0,63,272.42857142857144
2024-09-17,ADT,234.0,65,258.57142857142856
2024-09-18,ADT,238.0,64,255.14285714285714
2024-09-19,ADT,256.0,66,258.57142857142856
2024-09-20,ADT,239.0,64,258.57142857142856
2024-09-21,ADT,395.0,74,277.85714285714283
2024-09-22,ADT,331.0,81,274.0
2024-09-23,ADT,212.0,66,272.14285714285717
2024-09-24,ADT,207.0,53,268.2857142857143
2024-09-25,ADT,218.0,63,265.42857142857144
2024-09-26,ADT,214.0,57,259.42857142857144
2024-09-27,ADT,231.0,65,258.2857142857143
2024-09-28,ADT,267.0,70,240.0
2024-09-29,ADT,292.0,81,234.42857142857142
2024-09-30,ADT,226.0,71,236.42857142857142
2024-10-01,ADT,236.0,68,240.57142857142858
2024-10-02,ADT,204.0,62,238.57142857142858
2024-10-03,ADT,211.0,55,238.14285714285714
2024-10-04,ADT,173.0,70,229.85714285714286
2024-10-05,ADT,247.0,73,227.0
2024-10-06,ADT,276.0,80,224.71428571428572
2024-10-07,ADT,153.0,49,214.28571428571428
2024-10-08,ADT,144.0,59,201.14285714285714
2024-10-09,ADT,168.0,57,196.0
2024-10-10,ADT,240.0,76,200.14285714285714
2024-10-11,ADT,265.0,68,213.28571428571428
2024-10-12,ADT,313.0,85,222.71428571428572
2024-10-13,ADT,360.0,82,234.71428571428572
2024-10-14,ADT,212.0,56,243.14285714285714
2024-10-15,ADT,228.0,66,255.14285714285714
2024-10-16,ADT,244.0,63,266.0
2024-10-17,ADT,214.0,65,262.2857142857143
2024-10-18,ADT,191.0,62,251.71428571428572
2024-10-19,ADT,331.0,80,254.28571428571428
2024-10-20,ADT,332.0,84,250.28571428571428
2024-10-21,ADT,276.0,63,259.42857142857144
2024-10-22,ADT,201.0,57,255.57142857142858
2024-10-23,ADT,214.0,60,251.28571428571428
2024-10-24,ADT,272.0,57,259.57142857142856
2024-10-25,ADT,244.0,69,267.14285714285717
2024-10-26,ADT,313.0,85,264.57142857142856
2024-10-27,ADT,294.0,75,259.14285714285717
2024-10-28,ADT,209.0,67,249.57142857142858
2024-10-29,ADT,283.0,69,261.2857142857143
2024-10-30,ADT,196.0,65,258.7142857142857
2024-10-31,ADT,217.0,66,250.85714285714286
2024-11-01,ADT,245.0,65,251.0
2024-11-02,ADT,389.0,67,261.85714285714283
2024-11-03,ADT,352.0,81,270.14285714285717
2024-11-04,ADT,197.0,54,268.42857142857144
2024-11-05,ADT,269.0,59,266.42857142857144
2024-11-06,ADT,281.0,68,278.57142857142856
2024-11-07,ADT,269.0,63,286.0
2024-11-08,ADT,278.0,65,290.7142857142857
2024-11-09,ADT,300.0,75,278.0
2024-11-10,ADT,407.0,72,285.85714285714283
2024-11-11,ADT,298.0,76,300.2857142857143
2024-11-12,ADT,216.0,56,292.7142857142857
2024-11-13,ADT,239.0,59,286.7142857142857
2024-11-14,ADT,259.0,61,285.2857142857143
2024-11-15,ADT,272.0,62,284.42857142857144
2024-11-16,ADT,331.0,74,288.85714285714283
2024-11-17,ADT,382.0,73,285.2857142857143
2024-11-18,ADT,296.0,70,285.0
2024-11-19,ADT,220.0,54,285.57142857142856
2024-11-20,ADT,268.0,62,289.7142857142857
2024-11-21,ADT,212.0,52,283.0
2024-11-22,ADT,244.0,66,279.0
2024-11-23,ADT,368.0,86,284.2857142857143
2024-11-24,ADT,457.0,86,295.0
2024-11-25,ADT,288.0,69,293.85714285714283
2024-11-26,ADT,246.0,73,297.57142857142856
2024-11-27,ADT,177.0,53,284.57142857142856
2024-11-28,ADT,206.0,61,283.7142857142857
2024-11-29,ADT,169.0,53,273.0
2024-11-30,ADT,273.0,76,259.42857142857144
2024-12-01,ADT,304.0,87,237.57142857142858
2024-12-02,ADT,190.0,62,223.57142857142858
2024-12-03,ADT,218.0,68,219.57142857142858
2024-12-04,ADT,215.0,65,225.0
2024-12-05,ADT,222.0,65,227.28571428571428
2024-12-06,ADT,241.0,61,237.57142857142858
2024-12-07,ADT,356.0,86,249.42857142857142
2024-12-08,ADT,268.0,73,244.28571428571428
2024-12-09,ADT,195.0,61,245.0
2024-12-10,ADT,354.0,68,264.42857142857144
2024-12-11,ADT,305.0,83,277.2857142857143
2024-12-12,ADT,282.0,69,285.85714285714283
2024-12-13,ADT,285.0,82,292.14285714285717
2024-12-14,ADT,333.0,81,288.85714285714283
2024-12-15,ADT,388.0,75,306.0
2024-12-16,ADT,251.0,67,314.0
2024-12-17,ADT,266.0,80,301.42857142857144
2024-12-18,ADT,241.0,64,292.2857142857143
2024-12-19,ADT,198.0,61,280.2857142857143
2024-12-20,ADT,238.0,72,273.57142857142856
2024-12-21,ADT,348.0,85,275.7142857142857
2024-12-22,ADT,385.0,82,275.2857142857143
2024-12-23,ADT,227.0,64,271.85714285714283
2024-12-24,ADT,229.0,66,266.57142857142856
2024-12-25,ADT,194.0,66,259.85714285714283
2024-12-26,ADT,254.0,68,267.85714285714283
2024-12-27,ADT,311.0,88,278.2857142857143
2024-12-28,ADT,400.0,90,285.7142857142857
2024-12-29,ADT,502.0,95,302.42857142857144
2024-12-30,ADT,395.0,85,326.42857142857144
2025-01-01,ADT,299.0,77,336.42857142857144
2025-01-02,ADT,179.0,57,334.2857142857143
2025-01-03,ADT,276.0,74,337.42857142857144
2025-01-04,ADT,333.0,88,340.57142857142856
2025-01-05,ADT,324.0,85,329.7142857142857
2025-01-06,ADT,192.0,67,285.42857142857144
2025-01-07,ADT,204.0,68,258.14285714285717
2025-01-08,ADT,184.0,61,241.71428571428572
2025-01-09,ADT,218.0,65,247.28571428571428
2025-01-10,ADT,344.0,77,257.0
2025-01-11,ADT,445.0,85,273.0
2025-01-12,ADT,401.0,93,284.0
2025-01-13,ADT,287.0,77,297.57142857142856
2025-01-14,ADT,226.0,60,300.7142857142857
2025-01-15,ADT,252.0,75,310.42857142857144
2025-01-16,ADT,207.0,71,308.85714285714283
2025-01-17,ADT,254.0,74,296.0
2025-01-18,ADT,365.0,82,284.57142857142856
2025-01-19,ADT,351.0,87,277.42857142857144
2025-01-20,ADT,223.0,74,268.2857142857143
2025-01-21,ADT,217.0,61,267.0
2025-01-22,ADT,246.0,77,266.14285714285717
2025-01-23,ADT,264.0,68,274.2857142857143
2025-01-24,ADT,192.0,63,265.42857142857144
2025-01-25,ADT,367.0,78,265.7142857142857
2025-01-26,ADT,278.0,65,255.28571428571428
2025-01-27,ADT,229.0,64,256.14285714285717
2025-01-28,ADT,224.0,67,257.14285714285717
2025-01-29,ADT,239.0,73,256.14285714285717
2025-01-30,ADT,253.0,74,254.57142857142858
2025-01-31,ADT,274.0,76,266.2857142857143
2025-02-01,ADT,365.0,86,266.0
2025-02-02,ADT,366.0,82,278.57142857142856
2025-02-03,ADT,308.0,75,289.85714285714283
2025-02-04,ADT,270.0,73,296.42857142857144
2025-02-05,ADT,233.0,70,295.57142857142856
2025-02-06,ADT,220.0,72,290.85714285714283
2025-02-07,ADT,293.0,80,293.57142857142856
2025-02-08,ADT,411.0,86,300.14285714285717
2025-02-09,ADT,430.0,81,309.2857142857143
2025-02-10,ADT,340.0,75,313.85714285714283
2025-02-11,ADT,323.0,78,321.42857142857144
2025-02-12,ADT,264.0,70,325.85714285714283
2025-02-13,ADT,278.0,69,334.14285714285717
2025-02-14,ADT,269.0,72,330.7142857142857
2025-02-15,ADT,376.0,81,325.7142857142857
2025-02-16,ADT,396.0,81,320.85714285714283
2025-02-17,ADT,279.0,70,312.14285714285717
2025-02-18,ADT,249.0,60,301.57142857142856
2025-02-19,ADT,296.0,69,306.14285714285717
2025-02-20,ADT,340.0,69,315.0
2025-02-21,ADT,405.0,79,334.42857142857144
2025-02-22,ADT,338.0,74,329.0
2025-02-23,ADT,382.0,78,327.0
2025-02-24,ADT,275.0,65,326.42857142857144
2025-02-25,ADT,226.0,62,323.14285714285717
2025-02-26,ADT,298.0,75,323.42857142857144
2025-02-27,ADT,337.0,75,323.0
2025-02-28,ADT,684.0,86,362.85714285714283
2025-03-01,ADT,800.0,91,428.85714285714283
2025-03-02,ADT,728.0,86,478.2857142857143
2025-03-03,ADT,571.0,77,520.5714285714286
2025-03-04,ADT,1093.0,69,644.4285714285714
2025-03-05,ADT,448.0,69,665.8571428571429
2025-03-06,ADT,513.0,74,691.0
2025-03-07,ADT,259.0,67,630.2857142857143
2025-03-08,ADT,438.0,91,578.5714285714286
2025-03-09,ADT,411.0,91,533.2857142857143
2025-03-10,ADT,381.0,84,506.14285714285717
2025-03-11,ADT,328.0,78,396.85714285714283
2025-03-12,ADT,280.0,67,372.85714285714283
2025-03-13,ADT,330.0,69,346.7142857142857
2025-03-14,ADT,335.0,76,357.57142857142856
2025-03-15,ADT,480.0,82,363.57142857142856
2025-03-16,ADT,507.0,87,377.2857142857143
2025-03-17,ADT,314.0,75,367.7142857142857
2025-03-18,ADT,353.0,77,371.2857142857143
2025-03-19,ADT,340.0,73,379.85714285714283
2025-03-20,ADT,388.0,86,388.14285714285717
2025-03-21,ADT,378.0,84,394.2857142857143
2025-03-22,ADT,440.0,92,388.57142857142856
2025-03-23,ADT,451.0,100,380.57142857142856
2025-03-24,ADT,308.0,70,379.7142857142857
2025-03-25,ADT,325.0,80,375.7142857142857
2025-03-26,ADT,382.0,77,381.7142857142857
2025-03-27,ADT,399.0,75,383.2857142857143
2025-03-28,ADT,401.0,83,386.57142857142856
2025-03-29,ADT,699.0,107,423.57142857142856
2025-03-30,ADT,244.0,70,394.0
2025-03-31,ADT,339.0,82,398.42857142857144
2025-04-01,ADT,356.0,82,402.85714285714283
2025-04-02,ADT,230.0,67,381.14285714285717
2025-04-03,ADT,276.0,75,363.57142857142856
2025-04-04,ADT,242.0,66,340.85714285714283
2025-04-05,ADT,320.0,73,286.7142857142857
2025-04-06,ADT,354.0,72,302.42857142857144
2025-04-07,ADT,298.0,81,296.57142857142856
2025-04-08,ADT,237.0,60,279.57142857142856
2025-04-09,ADT,279.0,60,286.57142857142856
2025-04-10,ADT,285.0,72,287.85714285714283
2025-04-11,ADT,324.0,77,299.57142857142856
2025-04-12,ADT,449.0,91,318.0
2025-04-13,ADT,435.0,89,329.57142857142856
2025-04-14,ADT,217.0,64,318.0
2025-04-15,ADT,240.0,61,318.42857142857144
2025-04-16,ADT,286.0,66,319.42857142857144
2025-04-17,ADT,247.0,57,314.0
2025-04-18,ADT,220.0,60,299.14285714285717
2025-04-19,ADT,435.0,96,297.14285714285717
2025-04-20,ADT,366.0,84,287.2857142857143
2025-04-21,ADT,272.0,64,295.14285714285717
2025-04-22,ADT,253.0,58,297.0
2025-04-23,ADT,311.0,68,300.57142857142856
2025-04-24,ADT,297.0,72,307.7142857142857
2025-04-25,ADT,401.0,75,333.57142857142856
2025-04-26,ADT,362.0,80,323.14285714285717
2025-04-27,ADT,400.0,82,328.0
2025-04-28,ADT,252.0,72,325.14285714285717
2025-04-29,ADT,294.0,62,331.0
2025-04-30,ADT,291.0,58,328.14285714285717
2025-05-01,ADT,288.0,60,326.85714285714283
2025-05-02,ADT,260.0,67,306.7142857142857
2025-05-03,ADT,352.0,75,305.2857142857143
2025-05-04,ADT,285.0,74,288.85714285714283
2025-05-05,ADT,157.0,56,275.2857142857143
2025-05-06,ADT,171.0,57,257.7142857142857
2025-05-07,ADT,203.0,57,245.14285714285714
2025-05-08,ADT,233.0,70,237.28571428571428
2025-05-09,ADT,240.0,68,234.42857142857142
2025-05-10,ADT,502.0,95,255.85714285714286
2025-05-11,ADT,422.0,96,275.42857142857144
2025-05-12,ADT,326.0,76,299.57142857142856
2025-05-13,ADT,272.0,58,314.0
2025-05-14,ADT,258.0,69,321.85714285714283
2025-05-15,ADT,254.0,67,324.85714285714283
2025-05-16,ADT,227.0,68,323.0
2025-05-17,ADT,361.0,90,302.85714285714283
2025-05-18,ADT,330.0,72,289.7142857142857
2025-05-19,ADT,253.0,67,279.2857142857143
2025-05-20,ADT,276.0,65,279.85714285714283
2025-05-21,ADT,196.0,69,271.0
2025-05-22,ADT,195.0,58,262.57142857142856
2025-05-23,ADT,224.0,57,262.14285714285717
2025-05-24,ADT,307.0,74,254.42857142857142
2025-05-25,ADT,275.0,76,246.57142857142858
2025-05-26,ADT,224.0,64,242.42857142857142
2025-05-27,ADT,219.0,56,234.28571428571428
2025-05-28,ADT,191.0,59,233.57142857142858
2025-05-29,ADT,215.0,59,236.42857142857142
2025-05-30,ADT,227.0,66,236.85714285714286
2025-05-31,ADT,332.0,80,240.42857142857142
2025-06-01,ADT,350.0,72,251.14285714285714
2025-06-02,ADT,221.0,62,250.71428571428572
2025-06-03,ADT,264.0,71,257.14285714285717
2025-06-04,ADT,287.0,77,270.85714285714283
2025-06-05,ADT,492.0,98,310.42857142857144
2025-06-06,ADT,177.0,53,303.2857142857143
2025-06-07,ADT,246.0,80,291.0
2025-06-08,ADT,225.0,62,273.14285714285717
2025-06-09,ADT,275.0,73,280.85714285714283
2025-06-10,ADT,177.0,60,268.42857142857144
2025-06-11,ADT,216.0,69,258.2857142857143
2025-06-12,ADT,281.0,69,228.14285714285714
2025-06-13,ADT,246.0,69,238.0
2025-06-14,ADT,282.0,79,243.14285714285714
2025-06-15,ADT,282.0,80,251.28571428571428
2025-06-16,ADT,244.0,72,246.85714285714286
2025-06-17,ADT,254.0,63,257.85714285714283
2025-06-18,ADT,216.0,63,257.85714285714283
2025-06-19,ADT,219.0,69,249.0
2025-06-20,ADT,182.0,63,239.85714285714286
2025-06-21,ADT,309.0,79,243.71428571428572
2025-06-22,ADT,291.0,71,245.0
2025-06-23,ADT,239.0,69,244.28571428571428
2025-06-24,ADT,222.0,70,239.71428571428572
2025-06-25,ADT,250.0,69,244.57142857142858
2025-06-26,ADT,227.0,64,245.71428571428572
2025-06-27,ADT,285.0,75,260.42857142857144
2025-06-28,ADT,261.0,70,253.57142857142858
2025-06-29,ADT,316.0,72,257.14285714285717
2025-06-30,ADT,201.0,66,251.71428571428572
2025-07-01,ADT,226.0,61,252.28571428571428
2025-07-02,ADT,216.0,66,247.42857142857142
2025-07-03,ADT,216.0,66,245.85714285714286
2025-07-04,ADT,180.0,67,230.85714285714286
2025-07-05,ADT,259.0,75,230.57142857142858
2025-07-06,ADT,237.0,83,219.28571428571428
2025-07-07,ADT,204.0,69,219.71428571428572
2025-07-08,ADT,202.0,67,216.28571428571428
2025-07-09,ADT,202.0,75,214.28571428571428
2025-07-10,ADT,250.0,78,219.14285714285714
2025-07-11,ADT,239.0,70,227.57142857142858
2025-07-12,ADT,323.0,80,236.71428571428572
2025-07-13,ADT,312.0,81,247.42857142857142
2025-07-14,ADT,258.0,65,255.14285714285714
2025-07-15,ADT,246.0,63,261.42857142857144
2025-07-16,ADT,189.0,65,259.57142857142856
2025-07-17,ADT,248.0,75,259.2857142857143
2025-07-18,ADT,231.0,61,258.14285714285717
2025-07-19,ADT,415.0,86,271.2857142857143
2025-07-20,ADT,328.0,79,273.57142857142856
2025-07-21,ADT,234.0,65,270.14285714285717
2025-07-22,ADT,228.0,65,267.57142857142856
2025-07-23,ADT,284.0,75,281.14285714285717
2025-07-24,ADT,258.0,69,282.57142857142856
2025-07-25,ADT,401.0,69,306.85714285714283
2025-07-26,ADT,462.0,80,313.57142857142856
2025-07-27,ADT,416.0,66,326.14285714285717
2025-07-28,ADT,324.0,63,339.0
2025-07-29,ADT,292.0,68,348.14285714285717
2025-07-30,ADT,327.0,66,354.2857142857143
2025-07-31,ADT,339.0,59,365.85714285714283
2025-08-01,ADT,358.0,72,359.7142857142857
2025-08-02,ADT,445.0,70,357.2857142857143
2025-08-03,ADT,367.0,68,350.2857142857143
2025-08-04,ADT,312.0,67,348.57142857142856
2025-08-05,ADT,237.0,56,340.7142857142857
2025-08-06,ADT,251.0,65,329.85714285714283
2025-08-07,ADT,247.0,69,316.7142857142857
2025-08-08,ADT,246.0,65,300.7142857142857
2025-08-09,ADT,261.0,71,274.42857142857144
2025-08-10,ADT,386.0,86,277.14285714285717
2025-08-11,ADT,230.0,72,265.42857142857144
2025-08-12,ADT,222.0,69,263.2857142857143
2025-08-13,ADT,189.0,67,254.42857142857142
2025-08-14,ADT,241.0,73,253.57142857142858
2025-08-15,ADT,230.0,77,251.28571428571428
2025-08-16,ADT,308.0,72,258.0
2025-08-17,ADT,318.0,91,248.28571428571428
2025-08-18,ADT,230.0,68,248.28571428571428
2025-08-19,ADT,193.0,66,244.14285714285714
2025-08-20,ADT,192.0,64,244.57142857142858
2025-08-21,ADT,225.0,74,242.28571428571428
2025-08-22,ADT,202.0,74,238.28571428571428
2025-08-23,ADT,245.0,78,229.28571428571428
2025-08-24,ADT,262.0,69,221.28571428571428
2025-08-25,ADT,177.0,64,213.71428571428572
2025-08-26,ADT,211.0,60,216.28571428571428
2025-08-27,ADT,221.0,67,220.42857142857142
2025-08-28,ADT,247.0,72,223.57142857142858
2025-08-29,ADT,187.0,66,221.42857142857142
2025-08-30,ADT,258.0,67,223.28571428571428
2025-08-31,ADT,284.0,82,226.42857142857142
2025-09-01,ADT,208.0,67,230.85714285714286
2025-09-02,ADT,194.0,56,228.42857142857142
2025-09-03,ADT,141.0,60,217.0
2025-09-04,ADT,244.0,77,216.57142857142858
2025-09-05,ADT,237.0,72,223.71428571428572
2025-09-06,ADT,326.0,90,233.42857142857142
2025-09-07,ADT,391.0,87,248.71428571428572
2025-09-08,ADT,279.0,69,258.85714285714283
2025-09-09,ADT,212.0,57,261.42857142857144
2025-09-10,ADT,396.0,81,297.85714285714283
2025-09-11,ADT,332.0,76,310.42857142857144
2025-09-12,ADT,249.0,77,312.14285714285717
2025-09-13,ADT,281.0,81,305.7142857142857
2025-09-14,ADT,343.0,88,298.85714285714283
2025-09-15,ADT,238.0,80,293.0
2025-09-16,ADT,277.0,76,302.2857142857143
2025-09-17,ADT,221.0,68,277.2857142857143
2025-09-18,ADT,214.0,77,260.42857142857144
2025-09-19,ADT,230.0,82,257.7142857142857
2025-09-20,ADT,310.0,78,261.85714285714283
2025-09-21,ADT,340.0,88,261.42857142857144
2025-09-22,ADT,216.0,65,258.2857142857143
2025-09-23,ADT,219.0,61,250.0
2025-09-24,ADT,138.0,53,238.14285714285714
2025-09-25,ADT,228.0,72,240.14285714285714
2025-09-26,ADT,217.0,75,238.28571428571428
2025-09-27,ADT,290.0,78,235.42857142857142
2025-09-28,ADT,292.0,83,228.57142857142858
2025-09-29,ADT,221.0,77,229.28571428571428
2025-09-30,ADT,221.0,67,229.57142857142858
2025-10-01,ADT,225.0,69,242.0
2025-10-02,ADT,235.0,74,243.0
2025-10-03,ADT,246.0,81,247.14285714285714
2025-10-04,ADT,310.0,84,250.0
2025-10-05,ADT,358.0,87,259.42857142857144
2025-10-06,ADT,226.0,71,260.14285714285717
2025-10-07,ADT,217.0,67,259.57142857142856
2025-10-08,ADT,274.0,76,266.57142857142856
2025-10-09,ADT,271.0,68,271.7142857142857
2025-10-10,ADT,351.0,91,286.7142857142857
2025-10-11,ADT,462.0,97,308.42857142857144
2025-10-12,ADT,424.0,94,317.85714285714283
2025-10-13,ADT,213.0,63,316.0
2025-10-14,ADT,214.0,70,315.57142857142856
2025-10-15,ADT,238.0,69,310.42857142857144
2025-10-16,ADT,214.0,66,302.2857142857143
2025-10-17,ADT,209.0,75,282.0
2025-10-18,ADT,305.0,90,259.57142857142856
2025-10-19,ADT,319.0,82,244.57142857142858
2025-10-20,ADT,251.0,68,250.0
2025-10-21,ADT,270.0,72,258.0
2025-10-22,ADT,203.0,56,253.0
2025-10-23,ADT,210.0,67,252.42857142857142
2025-10-24,ADT,311.0,80,267.0
2025-10-25,ADT,387.0,88,278.7142857142857
2025-10-26,ADT,367.0,86,285.57142857142856
2025-10-27,ADT,269.0,73,288.14285714285717
2025-10-28,ADT,268.0,69,287.85714285714283
2025-10-29,ADT,239.0,72,293.0
2025-10-30,ADT,228.0,66,295.57142857142856
2025-10-31,ADT,239.0,65,285.2857142857143
2025-11-01,ADT,323.0,77,276.14285714285717
2025-11-02,ADT,367.0,74,276.14285714285717
2025-11-03,ADT,221.0,58,269.2857142857143
2025-11-04,ADT,242.0,67,265.57142857142856
2025-11-05,ADT,256.0,63,268.0
2025-11-06,ADT,202.0,59,264.2857142857143
2025-11-07,ADT,234.0,67,263.57142857142856
2025-11-08,ADT,411.0,94,276.14285714285717
2025-11-09,ADT,254.0,77,260.0
2025-11-10,ADT,348.0,83,278.14285714285717
2025-11-11,ADT,263.0,68,281.14285714285717
2025-11-12,ADT,324.0,85,290.85714285714283
2025-11-13,ADT,190.0,65,289.14285714285717
2025-11-14,ADT,237.0,79,289.57142857142856
2025-11-15,ADT,267.0,84,269.0
2025-11-16,ADT,367.0,82,285.14285714285717
2025-11-17,ADT,187.0,61,262.14285714285717
2025-11-18,ADT,177.0,67,249.85714285714286
2025-11-19,ADT,204.0,65,232.71428571428572
2025-11-20,ADT,162.0,66,228.71428571428572
2025-11-21,ADT,225.0,79,227.0
2025-11-22,ADT,251.0,73,224.71428571428572
2025-11-23,ADT,351.0,85,222.42857142857142
2025-11-24,ADT,235.0,71,229.28571428571428
2025-11-25,ADT,171.0,55,228.42857142857142
2025-11-26,ADT,217.0,66,230.28571428571428
2025-11-27,ADT,222.0,67,238.85714285714286
2025-11-28,ADT,223.0,80,238.57142857142858
2025-11-29,ADT,373.0,78,256.0
2025-11-30,ADT,288.0,87,247.0
2025-12-01,ADT,212.0,74,243.71428571428572
2025-12-02,ADT,163.0,56,242.57142857142858
2025-12-03,ADT,188.0,65,238.42857142857142
2025-12-04,ADT,200.0,66,235.28571428571428
2025-12-05,ADT,205.0,68,232.71428571428572
2025-12-06,ADT,336.0,91,227.42857142857142
2025-12-07,ADT,410.0,84,244.85714285714286
2025-12-08,ADT,235.0,82,248.14285714285714
2025-12-09,ADT,183.0,65,251.0
2025-12-10,ADT,283.0,69,264.57142857142856
2025-12-11,ADT,235.0,68,269.57142857142856
2025-12-12,ADT,259.0,81,277.2857142857143
2025-12-13,ADT,448.0,100,293.2857142857143
2025-12-14,ADT,367.0,90,287.14285714285717
2025-12-15,ADT,257.0,72,290.2857142857143
2025-12-16,ADT,231.0,71,297.14285714285717
2025-12-17,ADT,207.0,61,286.2857142857143
2025-12-18,ADT,211.0,60,282.85714285714283
2025-12-19,ADT,206.0,71,275.2857142857143
2025-12-20,ADT,310.0,81,255.57142857142858
2025-12-21,ADT,262.0,75,240.57142857142858
2025-12-22,ADT,200.0,67,232.42857142857142
2025-12-23,ADT,197.0,66,227.57142857142858
2025-12-24,ADT,189.0,67,225.0
2025-12-25,ADT,238.0,69,228.85714285714286
2025-12-26,ADT,202.0,73,228.28571428571428
2025-12-27,ADT,327.0,97,230.71428571428572
2025-12-28,ADT,359.0,89,244.57142857142858
2025-12-29,ADT,272.0,94,254.85714285714286
2025-12-30,ADT,361.0,91,278.2857142857143
2025-12-31,ADT,405.0,105,309.14285714285717
2026-01-01,ADT,151.0,63,296.7142857142857
2026-01-02,ADT,209.0,76,297.7142857142857
2026-01-03,ADT,342.0,87,299.85714285714283
2026-01-04,ADT,325.0,79,295.0
2026-01-05,ADT,195.0,64,284.0
2026-01-06,ADT,216.0,69,263.2857142857143
2026-01-07,ADT,175.0,51,230.42857142857142
2026-01-08,ADT,205.0,74,238.14285714285714
2026-01-09,ADT,233.0,72,241.57142857142858
2026-01-10,ADT,363.0,100,244.57142857142858
2026-01-11,ADT,348.0,87,247.85714285714286
2026-01-12,ADT,263.0,81,257.57142857142856
2026-01-13,ADT,203.0,61,255.71428571428572
2026-01-14,ADT,241.0,68,265.14285714285717
2026-01-15,ADT,183.0,56,262.0
2026-01-16,ADT,244.0,73,263.57142857142856
2026-01-17,ADT,307.0,82,255.57142857142858
2026-01-18,ADT,351.0,92,256.0
2026-01-19,ADT,209.0,70,248.28571428571428
2026-01-20,ADT,241.0,75,253.71428571428572
2026-01-21,ADT,196.0,76,247.28571428571428
2026-01-22,ADT,210.0,66,251.14285714285714
2026-01-23,ADT,254.0,76,252.57142857142858
2026-01-24,ADT,357.0,92,259.7142857142857
2026-01-25,ADT,286.0,81,250.42857142857142
2026-01-26,ADT,215.0,69,251.28571428571428
2026-01-27,ADT,167.0,62,240.71428571428572
2026-01-28,ADT,172.0,60,237.28571428571428
2026-01-29,ADT,192.0,72,234.71428571428572
2026-01-30,ADT,303.0,77,241.71428571428572
2026-01-31,ADT,367.0,98,243.14285714285714
2026-02-01,ADT,335.0,77,250.14285714285714
2026-02-02,ADT,220.0,67,250.85714285714286
2026-02-03,ADT,232.0,60,260.14285714285717
2026-02-04,ADT,182.0,57,261.57142857142856
2026-02-05,ADT,199.0,65,262.57142857142856
2026-02-06,ADT,205.0,65,248.57142857142858
2026-02-07,ADT,338.0,77,244.42857142857142
2026-02-08,ADT,363.0,76,248.42857142857142
2026-02-09,ADT,228.0,63,249.57142857142858
2026-02-10,ADT,261.0,63,253.71428571428572
2026-02-11,ADT,314.0,79,272.57142857142856
2026-02-12,ADT,277.0,77,283.7142857142857
2026-02-13,ADT,192.0,70,281.85714285714283
2026-02-14,ADT,284.0,80,274.14285714285717
2026-02-15,ADT,305.0,79,265.85714285714283
2026-02-16,ADT,270.0,83,271.85714285714283
2026-02-17,ADT,250.0,73,270.2857142857143
2026-02-18,ADT,389.0,102,281.0
2026-02-19,ADT,312.0,93,286.0
2026-02-20,ADT,422.0,85,318.85714285714283
2026-02-21,ADT,475.0,88,346.14285714285717
2026-02-22,ADT,485.0,99,371.85714285714283
2026-02-23,ADT,299.0,67,376.0
2026-02-24,ADT,292.0,78,382.0
2026-02-25,ADT,237.0,60,360.2857142857143
2026-02-26,ADT,333.0,78,363.2857142857143
2026-02-27,ADT,290.0,66,344.42857142857144
2026-02-28,ADT,494.0,102,347.14285714285717
2026-03-01,ADT,419.0,86,337.7142857142857
2026-03-02,ADT,265.0,63,332.85714285714283
2026-03-03,ADT,238.0,69,325.14285714285717
2026-03-04,ADT,243.0,62,326.0
2026-03-05,ADT,318.0,74,323.85714285714283
2026-03-06,ADT,211.0,72,312.57142857142856
2026-03-07,ADT,282.0,87,282.2857142857143
2026-03-08,ADT,307.0,88,266.2857142857143
2026-03-09,ADT,172.0,64,253.0
2026-03-10,ADT,277.0,83,258.57142857142856
2026-03-11,ADT,271.0,84,262.57142857142856
2026-03-12,ADT,182.0,73,243.14285714285714
2026-03-13,ADT,182.0,67,239.0
2026-03-14,ADT,252.0,82,234.71428571428572
2026-03-15,ADT,294.0,96,232.85714285714286
2026-03-16,ADT,198.0,61,236.57142857142858
2026-03-17,ADT,206.0,76,226.42857142857142
2026-03-18,ADT,273.0,93,226.71428571428572
2026-03-19,ADT,422.0,112,261.0
2026-03-20,ADT,173.0,81,259.7142857142857
2026-03-21,ADT,219.0,79,255.0
2026-03-22,ADT,206.0,70,242.42857142857142
2026-03-23,ADT,157.0,61,236.57142857142858
2026-03-24,ADT,175.0,69,232.14285714285714
2026-03-25,ADT,119.0,54,210.14285714285714
2026-03-26,ADT,159.0,54,172.57142857142858
2026-03-27,ADT,150.0,60,169.28571428571428
2026-03-28,ADT,275.0,84,177.28571428571428
2026-03-29,ADT,301.0,89,190.85714285714286
2026-03-30,ADT,211.0,68,198.57142857142858
2026-03-31,ADT,147.0,64,194.57142857142858
2026-04-01,ADT,168.0,59,201.57142857142858
2026-04-02,ADT,206.0,66,208.28571428571428
2026-04-03,ADT,174.0,68,211.71428571428572
2026-04-04,ADT,294.0,85,214.42857142857142
2026-04-05,ADT,280.0,77,211.42857142857142
2026-04-06,ADT,152.0,56,203.0
2026-04-07,ADT,181.0,59,207.85714285714286
2026-04-08,ADT,172.0,60,208.42857142857142
2026-04-09,ADT,181.0,71,204.85714285714286
2026-04-10,ADT,278.0,86,219.71428571428572
2026-04-11,ADT,342.0,98,226.57142857142858
2026-04-12,ADT,325.0,93,233.0
2026-04-13,ADT,177.0,65,236.57142857142858
2026-04-14,ADT,218.0,65,241.85714285714286
2026-04-15,ADT,203.0,60,246.28571428571428
2026-04-16,ADT,206.0,66,249.85714285714286
2026-04-17,ADT,167.0,63,234.0
2026-04-18,ADT,269.0,92,223.57142857142858
2026-04-19,ADT,244.0,67,212.0
2026-04-20,ADT,155.0,56,208.85714285714286
2026-04-21,ADT,157.0,55,200.14285714285714
2026-04-22,ADT,206.0,69,200.57142857142858
2026-04-23,ADT,232.0,62,204.28571428571428
2026-04-24,ADT,214.0,56,211.0
2026-04-25,ADT,303.0,79,215.85714285714286
2026-04-26,ADT,218.0,55,212.14285714285714
2026-04-27,ADT,166.0,63,213.71428571428572
2026-04-28,ADT,166.0,57,215.0
2026-04-29,ADT,178.0,60,211.0
2026-04-30,ADT,230.0,67,210.71428571428572
2026-05-01,ADT,299.0,86,222.85714285714286
2026-05-02,ADT,264.0,88,217.28571428571428
2026-05-03,ADT,266.0,76,224.14285714285714
2026-05-04,ADT,164.0,56,223.85714285714286
2026-05-05,ADT,205.0,54,229.42857142857142
2026-05-06,ADT,138.0,56,223.71428571428572
2026-05-07,ADT,186.0,67,217.42857142857142
2026-05-08,ADT,161.0,64,197.71428571428572
2026-05-09,ADT,211.0,78,190.14285714285714
2026-05-10,ADT,328.0,95,199.0
2026-05-11,ADT,242.0,75,210.14285714285714
2026-05-12,ADT,161.0,59,203.85714285714286
2026-05-13,ADT,213.0,69,214.57142857142858
2026-05-14,ADT,192.0,60,215.42857142857142
2026-05-15,ADT,162.0,57,215.57142857142858
2026-05-16,ADT,234.0,75,218.85714285714286
2026-05-17,ADT,227.0,77,204.42857142857142
2026-05-18,ADT,204.0,63,199.0
2026-05-19,ADT,189.0,66,203.0
2026-05-20,ADT,140.0,63,192.57142857142858
2026-05-21,ADT,219.0,62,196.42857142857142
2026-05-22,ADT,223.0,74,205.14285714285714
2026-05-23,ADT,248.0,80,207.14285714285714
2026-05-24,ADT,246.0,81,209.85714285714286
2026-05-25,ADT,255.0,77,217.14285714285714
2026-05-26,ADT,332.0,85,237.57142857142858
2026-05-27,ADT,113.0,48,233.71428571428572
2026-05-28,ADT,171.0,63,226.85714285714286
2026-05-29,ADT,140.0,50,215.0
2026-05-30,ADT,208.0,66,209.28571428571428
2026-05-31,ADT,206.0,64,203.57142857142858
2026-06-01,ADT,151.0,58,188.71428571428572
2026-06-02,ADT,127.0,49,159.42857142857142
2026-06-03,ADT,144.0,58,163.85714285714286
2026-06-04,ADT,179.0,60,165.0
2026-06-05,ADT,185.0,65,171.42857142857142
2026-06-06,ADT,195.0,81,169.57142857142858
2026-06-07,ADT,219.0,67,171.42857142857142
2026-06-08,ADT,174.0,57,174.71428571428572
2026-06-09,ADT,111.0,46,172.42857142857142
2026-06-10,ADT,188.0,66,178.71428571428572
2026-06-11,ADT,145.0,62,173.85714285714286
2026-06-12,ADT,192.0,63,174.85714285714286
2026-06-13,ADT,269.0,76,185.42857142857142
2026-06-14,ADT,223.0,79,186.0
2026-06-15,ADT,186.0,63,187.71428571428572
2026-06-16,ADT,116.0,49,188.42857142857142
2026-06-17,ADT,210.0,63,191.57142857142858
2026-06-18,ADT,195.0,60,198.71428571428572
2026-06-19,ADT,190.0,62,198.42857142857142
2026-06-20,ADT,266.0,76,198.0
2026-06-21,ADT,254.0,76,202.42857142857142
2026-06-22,ADT,180.0,54,201.57142857142858
2026-06-23,ADT,165.0,62,208.57142857142858
2026-06-24,ADT,183.0,67,204.71428571428572
2026-06-25,ADT,156.0,57,199.14285714285714
2026-06-26,ADT,189.0,59,199.0
2026-06-27,ADT,290.0,84,202.42857142857142
2026-06-28,ADT,200.0,67,194.71428571428572
2026-06-29,ADT,204.0,67,198.14285714285714
2026-06-30,ADT,201.0,60,203.28571428571428
2026-07-01,ADT,210.0,62,207.14285714285714
2026-07-02,ADT,189.0,65,211.85714285714286
2026-07-03,ADT,171.0,63,209.28571428571428
2026-07-04,ADT,244.0,78,202.71428571428572
2026-07-05,ADT,255.0,76,210.57142857142858
2026-07-06,ADT,143.0,65,201.85714285714286
2026-07-07,ADT,189.0,62,200.14285714285714
2026-07-08,ADT,206.0,70,199.57142857142858
2026-07-09,ADT,213.0,53,203.0
2026-07-10,ADT,245.0,73,213.57142857142858
2026-07-11,ADT,361.0,78,230.28571428571428
2026-07-12,ADT,230.0,78,226.71428571428572
2026-07-13,ADT,214.0,75,236.85714285714286
2026-07-14,ADT,180.0,70,235.57142857142858
2026-07-15,ADT,222.0,77,237.85714285714286
2026-07-16,ADT,144.0,57,228.0
2026-07-17,ADT,237.0,74,226.85714285714286
2026-07-18,ADT,259.0,74,212.28571428571428
2026-07-19,ADT,243.0,75,214.14285714285714
2026-07-20,ADT,177.0,63,208.85714285714286
2026-07-21,ADT,174.0,62,208.0
2023-01-01,KG,249.619,87,249.619
2023-01-02,KG,246.59,87,248.1045
2023-01-03,KG,314.476,67,270.2283333333333
2023-01-04,KG,205.95,69,254.15875
2023-01-05,KG,215.861,74,246.49920000000003
2023-01-06,KG,246.918,84,246.569
2023-01-07,KG,269.797,84,249.88728571428572
2023-01-08,KG,329.937,89,261.3612857142857
2023-01-09,KG,208.691,69,255.94714285714284
2023-01-10,KG,208.12199999999999,79,240.7537142857143
2023-01-11,KG,195.654,76,239.28285714285715
2023-01-12,KG,215.009,80,239.1611428571429
2023-01-13,KG,205.596,79,233.258
2023-01-14,KG,303.011,91,238.00285714285715
2023-01-15,KG,338.594,85,239.23957142857145
2023-01-16,KG,194.422,73,237.20114285714288
2023-01-17,KG,190.573,65,234.69414285714285
2023-01-18,KG,227.161,83,239.19514285714286
2023-01-19,KG,190.514,72,235.69585714285716
2023-01-20,KG,203.868,77,235.449
2023-01-21,KG,315.866,89,237.28542857142858
2023-01-22,KG,313.94,89,233.7634285714286
2023-01-23,KG,388.45000000000005,85,261.48171428571425
2023-01-24,KG,224.885,76,266.3834285714286
2023-01-25,KG,206.678,71,263.4572857142857
2023-01-26,KG,229.24099999999999,69,268.9897142857143
2023-01-27,KG,286.802,87,280.8374285714286
2023-01-28,KG,371.236,99,288.74742857142854
2023-01-29,KG,293.026,97,285.75971428571427
2023-01-30,KG,228.161,70,262.8612857142857
2023-01-31,KG,280.012,79,270.73657142857144
2023-02-01,KG,222.678,74,273.0222857142857
2023-02-02,KG,208.506,84,270.06014285714286
2023-02-03,KG,253.66400000000002,77,265.3261428571429
2023-02-04,KG,369.677,97,265.1034285714286
2023-02-05,KG,348.28499999999997,95,272.9975714285714
2023-02-06,KG,242.268,68,275.0128571428572
2023-02-07,KG,262.161,86,272.4627142857143
2023-02-08,KG,283.386,80,281.1352857142857
2023-02-09,KG,239.568,78,285.5727142857143
2023-02-10,KG,258.345,87,286.24142857142857
2023-02-11,KG,353.764,94,283.9681428571429
2023-02-12,KG,386.53,98,289.4317142857143
2023-02-13,KG,266.182,68,292.848
2023-02-14,KG,257.905,83,292.23999999999995
2023-02-15,KG,270.257,83,290.36442857142856
2023-02-16,KG,291.916,82,297.8427142857143
2023-02-17,KG,285.723,89,301.75385714285716
2023-02-18,KG,463.947,92,317.4942857142857
2023-02-19,KG,367.168,92,314.72828571428573
2023-02-20,KG,303.991,74,320.1295714285714
2023-02-21,KG,279.115,72,323.15957142857144
2023-02-22,KG,191.074,69,311.8477142857143
2023-02-23,KG,210.173,64,300.1701428571428
2023-02-24,KG,196.35,79,287.40257142857143
2023-02-25,KG,502.124,91,292.8564285714286
2023-02-26,KG,302.128,88,283.565
2023-02-27,KG,183.808,69,266.396
2023-02-28,KG,223.238,68,258.4135714285714
2023-03-01,KG,187.893,64,257.95914285714287
2023-03-02,KG,215.76,79,258.75728571428573
2023-03-03,KG,202.648,83,259.657
2023-03-04,KG,331.572,100,235.2924285714286
2023-03-05,KG,310.646,101,236.5092857142857
2023-03-06,KG,231.512,71,243.32414285714285
2023-03-07,KG,200.183,68,240.03057142857142
2023-03-08,KG,247.659,74,248.56857142857143
2023-03-09,KG,192.079,70,245.18557142857142
2023-03-10,KG,220.168,87,247.68842857142857
2023-03-11,KG,306.553,104,244.1142857142857
2023-03-12,KG,370.34,93,252.642
2023-03-13,KG,216.206,67,250.4554285714286
2023-03-14,KG,285.693,82,262.67114285714285
2023-03-15,KG,190.906,76,254.5635714285714
2023-03-16,KG,264.85,83,264.95942857142853
2023-03-17,KG,267.985,87,271.79042857142855
2023-03-18,KG,434.438,106,290.0597142857143
2023-03-19,KG,431.916,98,298.8562857142857
2023-03-20,KG,263.877,69,305.6664285714286
2023-03-21,KG,275.902,82,304.2677142857143
2023-03-22,KG,415.95300000000003,89,336.4172857142857
2023-03-23,KG,448.734,89,362.6864285714286
2023-03-24,KG,536.1899999999999,87,401.00142857142856
2023-03-25,KG,551.432,103,417.7148571428571
2023-03-26,KG,507.06399999999996,101,428.4502857142857
2023-03-27,KG,259.156,71,427.77585714285715
2023-03-28,KG,298.918,89,431.06385714285716
2023-03-29,KG,512.482,91,444.8537142857143
2023-03-30,KG,307.456,89,424.6711428571429
2023-03-31,KG,290.15999999999997,91,389.524
2023-04-01,KG,416.488,102,370.24628571428565
2023-04-02,KG,421.0,95,357.95142857142855
2023-04-03,KG,248.006,79,356.35857142857145
2023-04-04,KG,208.088,79,343.3828571428571
2023-04-05,KG,279.386,81,310.08342857142856
2023-04-06,KG,286.868,87,307.1422857142857
2023-04-07,KG,287.13,84,306.70942857142853
2023-04-08,KG,324.746,90,293.6034285714286
2023-04-09,KG,355.85,94,284.2962857142857
2023-04-10,KG,261.118,72,286.16942857142857
2023-04-11,KG,265.361,84,294.35128571428567
2023-04-12,KG,399.228,69,311.4715714285714
2023-04-13,KG,261.351,80,307.82628571428575
2023-04-14,KG,267.124,84,304.9682857142857
2023-04-15,KG,371.706,93,311.67685714285716
2023-04-16,KG,408.314,87,319.1717142857143
2023-04-17,KG,259.348,83,318.9188571428571
2023-04-18,KG,307.138,88,324.88700000000006
2023-04-19,KG,383.39,93,322.6244285714286
2023-04-20,KG,521.348,97,359.76685714285713
2023-04-21,KG,200.71,70,350.27914285714286
2023-04-22,KG,291.532,79,338.82571428571424
2023-04-23,KG,231.886,74,313.6217142857143
2023-04-24,KG,166.828,59,300.4045714285714
2023-04-25,KG,182.8,63,282.642
2023-04-26,KG,149.893,63,249.2852857142857
2023-04-27,KG,380.895,75,229.22057142857142
2023-04-28,KG,162.952,66,223.82657142857144
2023-04-29,KG,235.58,81,215.83342857142858
2023-04-30,KG,255.194,86,219.16314285714287
2023-05-01,KG,246.018,68,230.47600000000003
2023-05-02,KG,168.724,53,228.46514285714287
2023-05-03,KG,175.381,64,232.10628571428575
2023-05-04,KG,173.712,60,202.50871428571432
2023-05-05,KG,222.836,72,211.0635714285714
2023-05-06,KG,255.65200000000002,75,213.931
2023-05-07,KG,254.28799999999998,74,213.8015714285714
2023-05-08,KG,177.972,64,204.0807142857143
2023-05-09,KG,159.81,55,202.8072857142857
2023-05-10,KG,190.648,71,204.9882857142857
2023-05-11,KG,200.786,63,208.856
2023-05-12,KG,183.856,71,203.28742857142856
2023-05-13,KG,298.29200000000003,83,209.37885714285716
2023-05-14,KG,287.534,74,214.1282857142857
2023-05-15,KG,177.128,72,214.00771428571426
2023-05-16,KG,499.628,55,262.55314285714286
2023-05-17,KG,201.636,65,264.1228571428572
2023-05-18,KG,190.714,68,262.684
2023-05-19,KG,260.658,71,273.6557142857143
2023-05-20,KG,219.314,63,262.37314285714285
2023-05-21,KG,211.346,62,251.48914285714287
2023-05-22,KG,263.332,69,263.80400000000003
2023-05-23,KG,164.106,62,215.87228571428568
2023-05-24,KG,163.1,59,210.36714285714285
2023-05-25,KG,142.212,54,203.4382857142857
2023-05-26,KG,136.764,56,185.7391428571428
2023-05-27,KG,238.564,78,188.48914285714287
2023-05-28,KG,247.59,69,193.66685714285714
2023-05-29,KG,167.446,55,179.96885714285713
2023-05-30,KG,156.806,74,178.926
2023-05-31,KG,175.648,61,180.71857142857144
2023-06-01,KG,159.88400000000001,61,183.24314285714286
2023-06-02,KG,148.566,57,184.92914285714286
2023-06-03,KG,245.428,79,185.90971428571427
2023-06-04,KG,279.68,76,190.494
2023-06-05,KG,168.186,66,190.59971428571427
2023-06-06,KG,183.87,56,194.46599999999998
2023-06-07,KG,157.128,56,191.82028571428572
2023-06-08,KG,147.1,58,189.994
2023-06-09,KG,365.726,57,221.01685714285713
2023-06-10,KG,232.922,68,219.2302857142857
2023-06-11,KG,221.144,62,210.868
2023-06-12,KG,157.576,74,209.35228571428573
2023-06-13,KG,130.796,55,201.77028571428568
2023-06-14,KG,205.674,66,208.7054285714286
2023-06-15,KG,190.098,68,214.848
2023-06-16,KG,201.031,70,191.32014285714286
2023-06-17,KG,280.43,74,198.107
2023-06-18,KG,344.878,81,215.7832857142857
2023-06-19,KG,181.543,59,219.20714285714286
2023-06-20,KG,174.378,68,225.43314285714285
2023-06-21,KG,181.096,67,221.922
2023-06-22,KG,159.064,60,217.48857142857145
2023-06-23,KG,198.444,64,217.119
2023-06-24,KG,259.472,66,214.125
2023-06-25,KG,306.266,78,208.60899999999998
2023-06-26,KG,268.984,71,221.1005714285714
2023-06-27,KG,349.704,74,246.14714285714285
2023-06-28,KG,399.26800000000003,59,277.3145714285714
2023-06-29,KG,750.332,61,361.78142857142853
2023-06-30,KG,365.043,52,385.5812857142857
2023-07-01,KG,251.19799999999998,57,384.3992857142857
2023-07-02,KG,170.188,57,364.95957142857145
2023-07-03,KG,175.34,54,351.5818571428572
2023-07-04,KG,166.47,66,325.4055714285714
2023-07-05,KG,211.044,73,298.51642857142855
2023-07-06,KG,123.738,62,209.00300000000001
2023-07-07,KG,160.054,64,179.71885714285713
2023-07-08,KG,220.087,74,175.2744285714286
2023-07-09,KG,249.084,73,186.5452857142857
2023-07-10,KG,176.974,64,186.7787142857143
2023-07-11,KG,189.389,55,190.05285714285714
2023-07-12,KG,166.34799999999998,58,183.66771428571428
2023-07-13,KG,155.106,57,188.14885714285714
2023-07-14,KG,162.084,60,188.43885714285713
2023-07-15,KG,195.599,70,184.94057142857142
2023-07-16,KG,195.804,68,177.32914285714287
2023-07-17,KG,191.368,61,179.38542857142855
2023-07-18,KG,185.992,70,178.90014285714284
2023-07-19,KG,164.896,59,178.69271428571432
2023-07-20,KG,182.11599999999999,64,182.5512857142857
2023-07-21,KG,186.512,67,186.041
2023-07-22,KG,215.302,70,188.8557142857143
2023-07-23,KG,236.846,67,194.71885714285713
2023-07-24,KG,159.656,65,190.1885714285714
2023-07-25,KG,184.082,56,189.9157142857143
2023-07-26,KG,143.55,49,186.86628571428574
2023-07-27,KG,125.08,49,178.71828571428568
2023-07-28,KG,168.454,64,176.13857142857142
2023-07-29,KG,223.147,62,177.2592857142857
2023-07-30,KG,215.066,68,174.14785714285716
2023-07-31,KG,181.024,63,177.20042857142857
2023-08-01,KG,256.545,48,187.55228571428572
2023-08-02,KG,164.37,55,190.52657142857146
2023-08-03,KG,140.354,53,192.70857142857145
2023-08-04,KG,185.85399999999998,61,195.1942857142857
2023-08-05,KG,224.704,68,195.41671428571428
2023-08-06,KG,230.674,79,197.64642857142857
2023-08-07,KG,208.23,61,201.533
2023-08-08,KG,217.713,54,195.9855714285714
2023-08-09,KG,214.214,63,203.10614285714288
2023-08-10,KG,174.518,69,207.9867142857143
2023-08-11,KG,258.808,70,218.40871428571427
2023-08-12,KG,356.298,80,237.20785714285714
2023-08-13,KG,383.89,72,259.09585714285714
2023-08-14,KG,276.872,58,268.9018571428572
2023-08-15,KG,248.72,70,273.33142857142855
2023-08-16,KG,238.936,60,276.86314285714286
2023-08-17,KG,280.397,61,291.98871428571425
2023-08-18,KG,188.438,67,281.9358571428571
2023-08-19,KG,255.69,74,267.56328571428577
2023-08-20,KG,282.592,71,253.09214285714285
2023-08-21,KG,215.334,58,244.301
2023-08-22,KG,171.556,51,233.27757142857143
2023-08-23,KG,212.288,56,229.4707142857143
2023-08-24,KG,165.608,61,213.07228571428573
2023-08-25,KG,207.171,66,215.74842857142858
2023-08-26,KG,269.842,69,217.77014285714284
2023-08-27,KG,241.305,71,211.872
2023-08-28,KG,155.208,51,203.2825714285714
2023-08-29,KG,205.542,63,208.13771428571428
2023-08-30,KG,205.921,66,207.2281428571428
2023-08-31,KG,196.118,68,211.5867142857143
2023-09-01,KG,187.572,71,208.78685714285712
2023-09-02,KG,287.087,82,211.25042857142856
2023-09-03,KG,236.123,82,210.51014285714285
2023-09-04,KG,188.114,59,215.211
2023-09-05,KG,194.186,56,213.58871428571427
2023-09-06,KG,174.15,56,209.04999999999998
2023-09-07,KG,184.25,65,207.35457142857143
2023-09-08,KG,162.978,67,203.84114285714287
2023-09-09,KG,230.712,76,195.78757142857145
2023-09-10,KG,234.481,78,195.55300000000003
2023-09-11,KG,174.431,61,193.59828571428574
2023-09-12,KG,189.175,65,192.8824285714286
2023-09-13,KG,198.888,67,196.41642857142855
2023-09-14,KG,179.63,72,195.7564285714286
2023-09-15,KG,149.97,69,193.89814285714283
2023-09-16,KG,268.296,81,199.2672857142857
2023-09-17,KG,287.946,81,206.90514285714286
2023-09-18,KG,188.8,61,208.95785714285716
2023-09-19,KG,185.25900000000001,61,208.39842857142858
2023-09-20,KG,234.114,75,213.4307142857143
2023-09-21,KG,172.492,69,212.411
2023-09-22,KG,184.426,70,217.33328571428572
2023-09-23,KG,236.34,75,212.7681428571429
2023-09-24,KG,273.638,81,210.72414285714285
2023-09-25,KG,192.373,64,211.23457142857143
2023-09-26,KG,141.778,51,205.023
2023-09-27,KG,313.815,66,216.40885714285716
2023-09-28,KG,189.69,77,218.8657142857143
2023-09-29,KG,145.036,70,213.23857142857145
2023-09-30,KG,281.506,85,219.6908571428571
2023-10-01,KG,264.652,79,218.40714285714284
2023-10-02,KG,201.724,69,219.743
2023-10-03,KG,183.05100000000002,71,225.63914285714284
2023-10-04,KG,142.082,55,201.10585714285713
2023-10-05,KG,192.933,58,201.56914285714285
2023-10-06,KG,176.642,65,206.0842857142857
2023-10-07,KG,244.414,81,200.78542857142855
2023-10-08,KG,264.482,82,200.76114285714286
2023-10-09,KG,173.292,63,196.69942857142857
2023-10-10,KG,184.371,62,196.88799999999998
2023-10-11,KG,177.596,53,201.96142857142857
2023-10-12,KG,169.286,58,198.58328571428572
2023-10-13,KG,182.258,71,199.38557142857144
2023-10-14,KG,283.156,74,204.9201428571429
2023-10-15,KG,243.224,71,201.88328571428573
2023-10-16,KG,187.212,66,203.87185714285715
2023-10-17,KG,155.81,53,199.79171428571428
2023-10-18,KG,204.988,67,203.70485714285715
2023-10-19,KG,132.674,60,198.47457142857144
2023-10-20,KG,167.917,68,196.42585714285715
2023-10-21,KG,269.874,85,194.52842857142855
2023-10-22,KG,236.748,81,193.6032857142857
2023-10-23,KG,146.819,57,187.83285714285714
2023-10-24,KG,209.982,62,195.57171428571428
2023-10-25,KG,152.674,61,188.0982857142857
2023-10-26,KG,179.406,68,194.77428571428572
2023-10-27,KG,191.392,67,198.12785714285715
2023-10-28,KG,436.0,75,221.86014285714288
2023-10-29,KG,301.032,75,231.04357142857143
2023-10-30,KG,207.251,76,239.6767142857143
2023-10-31,KG,190.474,64,236.88985714285715
2023-11-01,KG,169.374,64,239.27557142857145
2023-11-02,KG,183.452,61,239.85357142857143
2023-11-03,KG,212.706,68,242.89842857142858
2023-11-04,KG,271.46999999999997,82,219.39414285714284
2023-11-05,KG,282.81,80,216.79099999999997
2023-11-06,KG,160.524,67,210.1157142857143
2023-11-07,KG,193.034,61,210.48142857142855
2023-11-08,KG,189.48,67,213.35371428571426
2023-11-09,KG,196.902,61,215.27514285714284
2023-11-10,KG,250.722,75,220.706
2023-11-11,KG,411.54200000000003,91,240.71628571428573
2023-11-12,KG,402.211,87,257.7735714285714
2023-11-13,KG,292.429,79,276.6171428571428
2023-11-14,KG,326.926,72,295.7445714285714
2023-11-15,KG,291.84,67,310.3674285714286
2023-11-16,KG,278.618,70,322.04114285714286
2023-11-17,KG,258.876,80,323.206
2023-11-18,KG,375.217,82,318.01671428571433
2023-11-19,KG,392.262,80,316.5954285714285
2023-11-20,KG,293.312,70,316.7215714285714
2023-11-21,KG,296.414,65,312.3627142857143
2023-11-22,KG,224.492,67,302.7415714285714
2023-11-23,KG,256.292,62,299.5521428571428
2023-11-24,KG,261.936,71,299.9892857142857
2023-11-25,KG,416.434,83,305.87742857142854
2023-11-26,KG,444.361,88,313.32014285714286
2023-11-27,KG,244.734,64,306.3804285714286
2023-11-28,KG,399.309,68,321.07971428571426
2023-11-29,KG,360.544,82,340.5157142857143
2023-11-30,KG,245.024,74,338.906
2023-12-01,KG,228.222,75,334.0897142857143
2023-12-02,KG,294.421,87,316.65928571428566
2023-12-03,KG,267.202,86,291.35085714285714
2023-12-04,KG,202.532,70,285.322
2023-12-05,KG,185.496,62,254.7772857142857
2023-12-06,KG,195.502,63,231.19985714285713
2023-12-07,KG,206.982,70,225.7652857142857
2023-12-08,KG,228.28,70,225.77357142857142
2023-12-09,KG,325.094,81,230.15542857142856
2023-12-10,KG,291.002,87,233.55542857142856
2023-12-11,KG,193.788,73,232.30628571428574
2023-12-12,KG,196.204,62,233.836
2023-12-13,KG,176.346,66,231.0994285714286
2023-12-14,KG,180.964,63,227.38257142857145
2023-12-15,KG,192.054,76,222.2074285714286
2023-12-16,KG,291.368,90,217.3894285714286
2023-12-17,KG,319.046,80,221.39571428571432
2023-12-18,KG,179.016,68,219.28542857142855
2023-12-19,KG,177.172,67,216.56657142857142
2023-12-20,KG,170.176,75,215.68514285714284
2023-12-21,KG,201.364,63,218.59942857142855
2023-12-22,KG,233.292,75,224.49057142857143
2023-12-23,KG,316.478,88,228.07771428571428
2023-12-24,KG,355.276,90,233.25342857142854
2023-12-25,KG,252.012,72,243.68142857142857
2023-12-26,KG,206.544,66,247.87742857142857
2023-12-27,KG,476.327,78,291.6132857142857
2023-12-28,KG,307.796,79,306.8178571428571
2023-12-29,KG,514.276,100,346.95842857142856
2023-12-30,KG,799.237,106,415.924
2023-12-31,KG,916.505,105,496.09957142857144
2024-01-01,KG,221.502,66,491.741
2024-01-02,KG,203.178,59,491.26014285714285
2024-01-03,KG,164.558,58,446.72171428571426
2024-01-04,KG,205.996,66,432.1788571428571
2024-01-05,KG,210.176,66,388.736
2024-01-06,KG,304.15,83,318.0092857142857
2024-01-07,KG,324.49,82,233.43571428571428
2024-01-08,KG,219.728,79,233.1822857142857
2024-01-09,KG,198.998,65,232.58514285714287
2024-01-10,KG,220.331,64,240.55271428571427
2024-01-11,KG,217.71200000000002,58,242.22642857142858
2024-01-12,KG,260.584,78,249.4275714285714
2024-01-13,KG,311.69,83,250.50471428571427
2024-01-14,KG,358.854,77,255.41385714285713
2024-01-15,KG,232.047,63,257.17371428571425
2024-01-16,KG,181.826,57,254.72057142857142
2024-01-17,KG,199.378,60,251.7272857142857
2024-01-18,KG,183.002,60,246.76871428571425
2024-01-19,KG,226.10999999999999,73,241.84385714285713
2024-01-20,KG,331.74399999999997,93,244.70871428571428
2024-01-21,KG,385.132,82,248.4627142857143
2024-01-22,KG,237.506,61,249.2425714285714
2024-01-23,KG,252.19,61,259.29457142857143
2024-01-24,KG,212.804,67,261.21257142857144
2024-01-25,KG,213.498,57,265.5691428571428
2024-01-26,KG,266.7,79,271.36771428571427
2024-01-27,KG,329.588,82,271.0597142857143
2024-01-28,KG,333.79,82,263.7251428571429
2024-01-29,KG,392.96,65,285.9328571428572
2024-01-30,KG,252.145,69,285.9264285714286
2024-01-31,KG,214.684,71,286.195
2024-02-01,KG,203.516,66,284.769
2024-02-02,KG,207.283,71,276.28085714285714
2024-02-03,KG,317.878,87,274.608
2024-02-04,KG,323.616,83,273.1545714285714
2024-02-05,KG,263.264,69,254.62657142857142
2024-02-06,KG,268.459,74,256.95714285714286
2024-02-07,KG,203.968,76,255.4262857142857
2024-02-08,KG,183.046,59,252.502
2024-02-09,KG,245.188,76,257.917
2024-02-10,KG,372.998,87,265.7912857142857
2024-02-11,KG,369.51800000000003,86,272.34871428571427
2024-02-12,KG,240.794,68,269.13871428571434
2024-02-13,KG,225.608,72,263.01714285714286
2024-02-14,KG,218.61,63,265.1088571428571
2024-02-15,KG,239.472,73,273.1697142857143
2024-02-16,KG,271.236,70,276.89085714285716
2024-02-17,KG,432.35,92,285.36971428571434
2024-02-18,KG,426.978,94,293.57828571428576
2024-02-19,KG,253.52,69,295.3962857142857
2024-02-20,KG,216.008,68,294.0248571428571
2024-02-21,KG,202.58,69,291.73485714285715
2024-02-22,KG,202.054,62,286.38942857142854
2024-02-23,KG,239.411,86,281.843
2024-02-24,KG,263.08,89,257.6615714285714
2024-02-25,KG,318.312,79,242.13785714285717
2024-02-26,KG,210.346,60,235.9701428571429
2024-02-27,KG,219.374,64,236.45100000000002
2024-02-28,KG,293.43399999999997,66,249.43014285714284
2024-02-29,KG,198.982,63,248.99128571428574
2024-03-01,KG,274.555,79,254.01185714285717
2024-03-02,KG,314.266,86,261.3241428571429
2024-03-03,KG,350.284,81,265.8915714285714
2024-03-04,KG,211.454,62,266.04985714285715
2024-03-05,KG,210.34199999999998,60,264.7595714285714
2024-03-06,KG,226.028,65,255.13014285714286
2024-03-07,KG,222.969,56,258.55685714285715
2024-03-08,KG,259.616,81,256.4227142857143
2024-03-09,KG,489.484,96,281.45385714285715
2024-03-10,KG,675.688,96,327.94014285714286
2024-03-11,KG,375.038,75,351.3092857142857
2024-03-12,KG,350.32,68,371.30614285714285
2024-03-13,KG,390.718,74,394.83328571428564
2024-03-14,KG,296.79200000000003,65,405.37942857142855
2024-03-15,KG,348.875,75,418.1307142857143
2024-03-16,KG,430.459,91,409.6985714285714
2024-03-17,KG,471.754,90,380.56514285714286
2024-03-18,KG,257.39,71,363.7582857142857
2024-03-19,KG,249.481,68,349.3527142857143
2024-03-20,KG,263.791,71,331.22028571428575
2024-03-21,KG,300.13,71,331.69714285714286
2024-03-22,KG,349.35699999999997,84,331.766
2024-03-23,KG,461.274,98,336.16814285714287
2024-03-24,KG,379.43,82,322.979
2024-03-25,KG,277.242,74,325.815
2024-03-26,KG,269.162,71,328.6265714285714
2024-03-27,KG,256.026,66,327.5172857142857
2024-03-28,KG,429.25600000000003,67,345.96385714285714
2024-03-29,KG,369.32800000000003,78,348.81685714285715
2024-03-30,KG,385.299,81,337.96328571428575
2024-03-31,KG,402.802,91,341.3021428571429
2024-04-01,KG,225.572,68,333.92071428571427
2024-04-02,KG,259.3,71,332.51185714285714
2024-04-03,KG,254.35,78,332.2724285714285
2024-04-04,KG,250.692,79,306.7632857142857
2024-04-05,KG,315.062,81,299.011
2024-04-06,KG,405.95,84,301.9611428571429
2024-04-07,KG,434.929,96,306.55071428571426
2024-04-08,KG,388.69599999999997,88,329.85414285714285
2024-04-09,KG,535.181,90,369.26571428571424
2024-04-10,KG,228.686,59,365.5994285714286
2024-04-11,KG,368.197,62,382.38585714285716
2024-04-12,KG,482.795,62,406.3477142857143
2024-04-13,KG,311.818,67,392.90028571428576
2024-04-14,KG,306.36,58,374.53328571428574
2024-04-15,KG,220.554,53,350.51300000000003
2024-04-16,KG,235.417,57,307.68957142857147
2024-04-17,KG,234.554,59,308.52785714285716
2024-04-18,KG,237.038,64,289.79085714285713
2024-04-19,KG,250.632,67,256.6247142857143
2024-04-20,KG,337.449,92,260.2862857142857
2024-04-21,KG,286.116,76,257.39428571428573
2024-04-22,KG,193.624,71,253.5471428571429
2024-04-23,KG,217.702,68,251.01642857142858
2024-04-24,KG,178.612,59,243.0247142857143
2024-04-25,KG,206.55,72,238.66928571428573
2024-04-26,KG,244.384,71,237.7767142857143
2024-04-27,KG,512.062,78,262.7214285714286
2024-04-28,KG,355.072,80,272.57228571428567
2024-04-29,KG,228.346,66,277.53257142857143
2024-04-30,KG,203.648,59,275.5248571428571
2024-05-01,KG,279.778,65,289.97714285714284
2024-05-02,KG,219.845,55,291.87642857142856
2024-05-03,KG,188.196,57,283.84957142857144
2024-05-04,KG,323.4,71,256.89785714285716
2024-05-05,KG,302.838,65,249.43585714285717
2024-05-06,KG,226.938,59,249.2347142857143
2024-05-07,KG,208.846,61,249.9772857142857
2024-05-08,KG,235.639,60,243.67171428571427
2024-05-09,KG,205.424,70,241.6115714285714
2024-05-10,KG,234.55,70,248.23357142857142
2024-05-11,KG,374.914,84,255.59271428571427
2024-05-12,KG,314.09,71,257.20014285714285
2024-05-13,KG,260.378,63,261.97728571428576
2024-05-14,KG,196.465,56,260.2085714285714
2024-05-15,KG,187.258,59,253.297
2024-05-16,KG,219.724,66,255.33985714285714
2024-05-17,KG,238.978,72,255.97242857142857
2024-05-18,KG,344.34000000000003,76,251.60471428571432
2024-05-19,KG,408.74,84,265.12614285714284
2024-05-20,KG,222.71,62,259.745
2024-05-21,KG,239.029,64,265.82557142857144
2024-05-22,KG,204.986,60,268.35814285714287
2024-05-23,KG,241.308,64,271.4415714285714
2024-05-24,KG,255.546,73,273.8084285714286
2024-05-25,KG,375.436,92,278.25071428571425
2024-05-26,KG,341.014,77,268.57557142857144
2024-05-27,KG,213.82,63,267.3055714285714
2024-05-28,KG,232.262,62,266.33885714285714
2024-05-29,KG,351.92199999999997,68,287.32971428571426
2024-05-30,KG,188.798,61,279.8282857142857
2024-05-31,KG,249.226,75,278.92542857142854
2024-06-01,KG,344.214,77,274.46514285714284
2024-06-02,KG,370.90500000000003,78,278.7352857142857
2024-06-03,KG,166.292,55,271.94557142857144
2024-06-04,KG,156.422,60,261.1112857142857
2024-06-05,KG,187.014,60,237.55300000000003
2024-06-06,KG,185.542,67,237.08785714285713
2024-06-07,KG,243.118,69,236.21528571428573
2024-06-08,KG,282.716,75,227.42985714285714
2024-06-09,KG,286.594,73,215.38542857142855
2024-06-10,KG,207.924,64,221.33285714285714
2024-06-11,KG,304.515,65,242.489
2024-06-12,KG,209.285,59,245.67057142857146
2024-06-13,KG,215.248,65,249.91428571428568
2024-06-14,KG,328.628,68,262.13
2024-06-15,KG,431.461,86,283.37928571428574
2024-06-16,KG,375.823,61,296.1262857142857
2024-06-17,KG,659.738,64,360.6711428571429
2024-06-18,KG,322.948,56,363.30442857142856
2024-06-19,KG,275.638,56,372.78342857142854
2024-06-20,KG,160.272,56,364.9297142857143
2024-06-21,KG,170.846,50,342.3894285714286
2024-06-22,KG,195.488,61,308.679
2024-06-23,KG,230.028,68,287.85114285714286
2024-06-24,KG,209.806,62,223.57514285714282
2024-06-25,KG,160.114,51,200.31314285714285
2024-06-26,KG,165.86599999999999,67,184.63142857142856
2024-06-27,KG,198.046,53,190.02771428571427
2024-06-28,KG,203.04,59,194.62685714285712
2024-06-29,KG,289.662,72,208.0802857142857
2024-06-30,KG,243.836,63,210.05285714285714
2024-07-01,KG,217.488,66,211.1502857142857
2024-07-02,KG,134.94,52,207.55400000000003
2024-07-03,KG,175.212,48,208.88914285714287
2024-07-04,KG,155.632,51,202.82999999999998
2024-07-05,KG,218.99,56,205.10857142857142
2024-07-06,KG,290.656,70,205.25057142857142
2024-07-07,KG,273.738,62,209.52228571428572
2024-07-08,KG,185.43,69,204.94257142857143
2024-07-09,KG,162.594,51,208.89314285714286
2024-07-10,KG,169.11,41,208.02142857142854
2024-07-11,KG,245.063,58,220.79728571428572
2024-07-12,KG,269.488,73,228.01128571428575
2024-07-13,KG,302.248,72,229.66728571428573
2024-07-14,KG,272.214,69,229.44957142857143
2024-07-15,KG,218.15,50,234.12385714285713
2024-07-16,KG,181.757,52,236.86142857142858
2024-07-17,KG,205.735,58,242.09357142857144
2024-07-18,KG,198.776,59,235.48114285714286
2024-07-19,KG,218.542,59,228.20314285714286
2024-07-20,KG,292.808,65,226.85457142857143
2024-07-21,KG,284.248,56,228.5737142857143
2024-07-22,KG,227.084,55,229.85
2024-07-23,KG,193.078,64,231.4672857142857
2024-07-24,KG,252.858,57,238.19914285714285
2024-07-25,KG,224.776,55,241.91342857142857
2024-07-26,KG,229.315,66,243.45242857142856
2024-07-27,KG,271.676,69,240.4335714285714
2024-07-28,KG,284.788,68,240.5107142857143
2024-07-29,KG,388.292,60,263.54042857142855
2024-07-30,KG,237.423,55,269.8754285714286
2024-07-31,KG,231.034,62,266.7577142857143
2024-08-01,KG,204.009,57,263.791
2024-08-02,KG,220.874,60,262.58514285714284
2024-08-03,KG,273.736,70,262.87942857142855
2024-08-04,KG,293.696,71,264.152
2024-08-05,KG,190.226,57,235.85685714285714
2024-08-06,KG,176.86,62,227.20499999999998
2024-08-07,KG,296.094,66,236.4992857142857
2024-08-08,KG,172.286,52,231.96742857142857
2024-08-09,KG,306.634,67,244.21885714285716
2024-08-10,KG,564.113,80,285.70128571428575
2024-08-11,KG,423.214,65,304.20385714285715
2024-08-12,KG,358.608,58,328.2584285714286
2024-08-13,KG,310.34000000000003,62,347.32699999999994
2024-08-14,KG,311.755,54,349.5642857142857
2024-08-15,KG,327.762,57,371.77514285714284
2024-08-16,KG,194.756,65,355.7925714285715
2024-08-17,KG,319.276,73,320.81585714285717
2024-08-18,KG,296.765,72,302.7517142857143
2024-08-19,KG,233.136,64,284.82714285714286
2024-08-20,KG,166.558,64,264.2868571428572
2024-08-21,KG,184.252,63,246.07214285714286
2024-08-22,KG,187.907,54,226.09285714285713
2024-08-23,KG,231.784,67,231.38257142857145
2024-08-24,KG,304.751,82,229.30757142857144
2024-08-25,KG,305.995,81,230.62614285714284
2024-08-26,KG,226.588,65,229.69071428571425
2024-08-27,KG,309.13599999999997,57,250.059
2024-08-28,KG,188.638,69,250.68557142857142
2024-08-29,KG,211.18,63,254.01028571428574
2024-08-30,KG,257.226,70,257.6448571428571
2024-08-31,KG,258.482,75,251.035
2024-09-01,KG,322.746,80,253.42800000000003
2024-09-02,KG,214.748,58,251.7365714285714
2024-09-03,KG,228.077,67,240.15671428571432
2024-09-04,KG,247.07,63,248.50414285714285
2024-09-05,KG,205.684,62,247.719
2024-09-06,KG,232.376,68,244.169
2024-09-07,KG,274.72,69,246.48871428571428
2024-09-08,KG,318.42,73,245.87071428571429
2024-09-09,KG,244.855,68,250.17171428571433
2024-09-10,KG,253.928,65,253.86471428571426
2024-09-11,KG,258.106,64,255.4412857142857
2024-09-12,KG,234.83,64,259.60499999999996
2024-09-13,KG,219.16,75,257.717
2024-09-14,KG,251.024,78,254.33185714285713
2024-09-15,KG,308.586,79,252.927
2024-09-16,KG,249.958,61,253.65599999999998
2024-09-17,KG,241.452,62,251.87371428571427
2024-09-18,KG,191.034,59,242.292
2024-09-19,KG,227.65,61,241.26628571428571
2024-09-20,KG,194.058,69,237.6802857142857
2024-09-21,KG,319.758,74,247.49942857142855
2024-09-22,KG,322.822,77,249.53314285714285
2024-09-23,KG,231.536,66,246.90142857142857
2024-09-24,KG,223.039,60,244.271
2024-09-25,KG,189.75,66,244.0875714285714
2024-09-26,KG,279.82,54,251.54042857142855
2024-09-27,KG,250.895,73,259.66
2024-09-28,KG,248.422,74,249.46914285714288
2024-09-29,KG,285.17,77,244.0902857142857
2024-09-30,KG,206.9,67,240.57085714285716
2024-10-01,KG,210.942,58,238.8427142857143
2024-10-02,KG,224.38,58,243.78985714285713
2024-10-03,KG,161.44,58,226.87842857142854
2024-10-04,KG,198.396,61,219.3785714285714
2024-10-05,KG,325.006,80,230.31914285714288
2024-10-06,KG,274.068,67,228.73314285714287
2024-10-07,KG,210.808,53,229.29142857142855
2024-10-08,KG,194.204,68,226.9002857142857
2024-10-09,KG,199.775,65,223.38528571428574
2024-10-10,KG,278.292,67,240.07842857142856
2024-10-11,KG,281.966,73,252.01700000000002
2024-10-12,KG,381.316,83,260.0612857142857
2024-10-13,KG,401.346,79,278.2438571428571
2024-10-14,KG,234.843,55,281.67742857142855
2024-10-15,KG,223.51,53,285.864
2024-10-16,KG,262.606,74,294.8398571428571
2024-10-17,KG,246.536,72,290.3032857142857
2024-10-18,KG,311.546,83,294.529
2024-10-19,KG,376.788,92,293.88214285714287
2024-10-20,KG,371.626,81,289.63642857142855
2024-10-21,KG,257.252,76,292.8377142857143
2024-10-22,KG,269.322,72,299.38228571428573
2024-10-23,KG,245.402,64,296.92457142857137
2024-10-24,KG,233.68800000000002,67,295.0891428571428
2024-10-25,KG,266.452,65,288.6471428571429
2024-10-26,KG,274.77,72,274.0731428571429
2024-10-27,KG,265.388,70,258.8962857142857
2024-10-28,KG,296.137,74,264.4512857142857
2024-10-29,KG,241.62,69,260.4938571428571
2024-10-30,KG,166.826,53,249.26871428571425
2024-10-31,KG,227.088,65,248.32585714285713
2024-11-01,KG,238.322,76,244.3072857142857
2024-11-02,KG,294.092,79,247.06757142857143
2024-11-03,KG,344.734,83,258.4027142857143
2024-11-04,KG,204.598,64,245.32571428571427
2024-11-05,KG,190.238,66,237.98542857142857
2024-11-06,KG,223.227,63,246.04271428571428
2024-11-07,KG,276.554,70,253.1092857142857
2024-11-08,KG,263.618,71,256.723
2024-11-09,KG,409.938,86,273.2724285714286
2024-11-10,KG,505.216,82,296.19842857142856
2024-11-11,KG,284.348,68,307.59128571428573
2024-11-12,KG,272.782,63,319.3832857142857
2024-11-13,KG,283.825,67,328.0401428571428
2024-11-14,KG,255.828,57,325.0792857142857
2024-11-15,KG,326.412,89,334.04985714285715
2024-11-16,KG,383.736,93,330.3067142857143
2024-11-17,KG,413.224,86,317.165
2024-11-18,KG,278.585,69,316.34171428571426
2024-11-19,KG,263.25,69,314.97999999999996
2024-11-20,KG,236.086,70,308.1601428571429
2024-11-21,KG,295.958,78,313.893
2024-11-22,KG,387.802,74,322.663
2024-11-23,KG,404.734,92,325.6627142857143
2024-11-24,KG,421.826,85,326.8915714285714
2024-11-25,KG,218.946,75,318.3717142857143
2024-11-26,KG,261.807,56,318.16557142857147
2024-11-27,KG,198.22,65,312.7561428571429
2024-11-28,KG,234.274,69,303.9441428571428
2024-11-29,KG,290.18399999999997,75,289.9987142857143
2024-11-30,KG,331.403,88,279.52285714285716
2024-12-01,KG,367.192,87,271.718
2024-12-02,KG,185.21,62,266.8985714285714
2024-12-03,KG,231.844,65,262.61814285714286
2024-12-04,KG,184.222,62,260.6184285714286
2024-12-05,KG,238.25300000000001,78,261.18685714285715
2024-12-06,KG,385.304,69,274.77542857142856
2024-12-07,KG,372.808,87,280.6904285714286
2024-12-08,KG,389.866,85,283.9295714285714
2024-12-09,KG,240.152,73,291.7784285714286
2024-12-10,KG,265.51800000000003,73,296.589
2024-12-11,KG,270.106,68,308.85814285714287
2024-12-12,KG,272.534,64,313.7554285714286
2024-12-13,KG,324.839,81,305.1175714285714
2024-12-14,KG,322.63,85,297.94928571428574
2024-12-15,KG,362.066,90,293.9778571428571
2024-12-16,KG,270.59,77,298.3261428571428
2024-12-17,KG,248.502,68,295.8952857142857
2024-12-18,KG,202.527,69,286.24114285714285
2024-12-19,KG,204.554,67,276.5297142857143
2024-12-20,KG,258.98,78,267.12128571428576
2024-12-21,KG,365.748,85,273.281
2024-12-22,KG,409.498,93,280.05699999999996
2024-12-23,KG,242.816,67,276.0892857142857
2024-12-24,KG,236.894,75,274.431
2024-12-25,KG,238.292,65,279.5402857142857
2024-12-26,KG,249.646,77,285.98199999999997
2024-12-27,KG,385.64,87,304.0762857142857
2024-12-28,KG,399.769,86,308.9364285714286
2024-12-29,KG,594.136,104,335.31328571428577
2024-12-30,KG,866.218,90,424.3707142857143
2025-01-01,KG,224.21200000000002,62,422.559
2025-01-02,KG,270.173,71,427.1134285714285
2025-01-03,KG,221.88,64,423.14685714285713
2025-01-04,KG,422.99,86,428.48257142857136
2025-01-05,KG,362.28000000000003,80,423.12699999999995
2025-01-06,KG,226.182,76,370.5621428571429
2025-01-07,KG,251.029,74,282.678
2025-01-08,KG,221.866,68,282.3428571428571
2025-01-09,KG,225.374,70,275.943
2025-01-10,KG,335.464,83,292.1692857142857
2025-01-11,KG,461.051,85,297.60657142857144
2025-01-12,KG,331.716,82,293.24028571428573
2025-01-13,KG,310.59,75,305.29857142857145
2025-01-14,KG,259.224,78,306.4692857142857
2025-01-15,KG,255.754,73,311.3104285714286
2025-01-16,KG,212.142,63,309.4201428571428
2025-01-17,KG,273.702,76,300.59700000000004
2025-01-18,KG,388.315,87,290.2061428571429
2025-01-19,KG,337.034,86,290.96585714285715
2025-01-20,KG,258.094,81,283.46642857142854
2025-01-21,KG,253.742,72,282.6832857142857
2025-01-22,KG,238.596,65,280.23214285714283
2025-01-23,KG,237.63500000000002,71,283.87399999999997
2025-01-24,KG,267.522,75,282.99114285714285
2025-01-25,KG,359.808,88,278.9187142857143
2025-01-26,KG,301.48,69,273.83957142857145
2025-01-27,KG,248.69400000000002,68,272.4967142857143
2025-01-28,KG,210.754,65,266.3555714285714
2025-01-29,KG,262.133,66,269.718
2025-01-30,KG,205.504,60,265.1278571428571
2025-01-31,KG,286.266,87,267.80557142857145
2025-02-01,KG,401.04,85,273.69585714285716
2025-02-02,KG,426.182,94,291.5104285714286
2025-02-03,KG,246.684,71,291.2232857142857
2025-02-04,KG,285.57,75,301.9112857142857
2025-02-05,KG,247.114,78,299.7657142857143
2025-02-06,KG,240.27,75,304.73228571428575
2025-02-07,KG,256.912,71,300.5388571428571
2025-02-08,KG,409.236,92,301.70971428571426
2025-02-09,KG,439.19599999999997,86,303.56885714285715
2025-02-10,KG,353.648,63,318.8494285714286
2025-02-11,KG,308.62,57,322.1422857142857
2025-02-12,KG,296.74399999999997,73,329.23228571428575
2025-02-13,KG,290.394,70,336.39285714285717
2025-02-14,KG,290.525,89,341.19471428571427
2025-02-15,KG,361.87399999999997,96,334.42871428571425
2025-02-16,KG,355.707,87,322.50171428571423
2025-02-17,KG,272.766,68,310.9471428571428
2025-02-18,KG,281.388,75,307.05685714285715
2025-02-19,KG,286.136,78,305.5414285714286
2025-02-20,KG,352.635,75,314.433
2025-02-21,KG,247.126,79,308.23314285714287
2025-02-22,KG,409.113,83,314.98157142857144
2025-02-23,KG,387.084,82,319.464
2025-02-24,KG,321.016,78,326.35685714285717
2025-02-25,KG,238.19,65,320.1857142857143
2025-02-26,KG,280.24399999999997,73,319.344
2025-02-27,KG,265.102,73,306.8392857142857
2025-02-28,KG,421.558,91,331.75814285714284
2025-03-01,KG,703.186,101,373.7685714285714
2025-03-02,KG,613.547,92,406.1204285714286
2025-03-03,KG,322.00600000000003,71,406.26185714285714
2025-03-04,KG,319.345,75,417.8554285714286
2025-03-05,KG,319.362,78,423.44371428571424
2025-03-06,KG,311.496,65,430.07142857142856
2025-03-07,KG,379.111,82,424.0075714285714
2025-03-08,KG,540.312,97,400.73985714285715
2025-03-09,KG,505.992,87,385.37485714285714
2025-03-10,KG,395.894,72,395.93028571428573
2025-03-11,KG,391.886,71,406.2932857142857
2025-03-12,KG,297.15500000000003,70,403.1208571428571
2025-03-13,KG,293.846,75,400.59942857142863
2025-03-14,KG,340.976,81,395.1515714285714
2025-03-15,KG,447.633,93,381.9117142857143
2025-03-16,KG,454.866,86,374.60800000000006
2025-03-17,KG,320.79,69,363.87885714285716
2025-03-18,KG,319.836,77,353.58599999999996
2025-03-19,KG,287.942,72,352.2698571428571
2025-03-20,KG,336.096,79,358.3055714285714
2025-03-21,KG,347.88,78,359.29185714285717
2025-03-22,KG,417.12,86,354.93285714285713
2025-03-23,KG,467.148,75,356.68742857142854
2025-03-24,KG,276.824,66,350.40657142857145
2025-03-25,KG,314.172,78,349.5974285714286
2025-03-26,KG,296.546,75,350.8265714285714
2025-03-27,KG,295.512,72,345.0288571428572
2025-03-28,KG,671.473,85,391.25642857142856
2025-03-29,KG,705.314,102,432.427
2025-03-30,KG,252.868,75,401.8155714285714
2025-03-31,KG,341.63,79,411.0735714285714
2025-04-01,KG,416.669,72,425.71599999999995
2025-04-02,KG,165.12,65,406.94085714285717
2025-04-03,KG,273.997,66,403.8672857142857
2025-04-04,KG,271.665,62,346.75185714285715
2025-04-05,KG,357.37,85,297.0455714285714
2025-04-06,KG,422.314,89,321.2521428571428
2025-04-07,KG,279.979,75,312.44485714285713
2025-04-08,KG,249.404,74,288.54985714285715
2025-04-09,KG,205.04,63,294.2527142857143
2025-04-10,KG,296.186,67,297.4225714285714
2025-04-11,KG,303.514,73,301.97242857142857
2025-04-12,KG,394.98,82,307.3452857142857
2025-04-13,KG,361.516,84,298.65985714285716
2025-04-14,KG,231.538,73,291.7397142857143
2025-04-15,KG,301.385,67,299.16557142857147
2025-04-16,KG,235.986,77,303.5864285714286
2025-04-17,KG,208.238,61,291.0224285714286
2025-04-18,KG,256.11,67,284.2504285714286
2025-04-19,KG,390.685,82,283.63685714285714
2025-04-20,KG,418.93,82,291.83885714285714
2025-04-21,KG,234.516,75,292.2642857142857
2025-04-22,KG,232.511,77,282.4251428571428
2025-04-23,KG,282.64,81,289.09000000000003
2025-04-24,KG,257.622,81,296.1448571428572
2025-04-25,KG,607.144,78,346.2925714285714
2025-04-26,KG,335.353,83,338.388
2025-04-27,KG,345.179,86,327.8521428571429
2025-04-28,KG,235.664,75,328.0161428571428
2025-04-29,KG,270.364,75,333.42371428571425
2025-04-30,KG,224.43200000000002,73,325.1082857142857
2025-05-01,KG,300.4,69,331.2194285714286
2025-05-02,KG,211.428,77,274.68857142857144
2025-05-03,KG,310.324,82,271.113
2025-05-04,KG,344.006,82,270.9454285714286
2025-05-05,KG,192.65,65,264.8005714285714
2025-05-06,KG,211.02,57,256.3228571428571
2025-05-07,KG,221.33,71,255.8797142857143
2025-05-08,KG,205.608,64,242.338
2025-05-09,KG,256.36,84,248.75685714285717
2025-05-10,KG,417.337,91,264.04442857142857
2025-05-11,KG,393.552,92,271.12242857142854
2025-05-12,KG,263.306,61,281.21614285714287
2025-05-13,KG,237.208,67,284.95728571428566
2025-05-14,KG,254.898,70,289.75271428571426
2025-05-15,KG,231.264,67,293.41785714285714
2025-05-16,KG,431.089,71,318.3791428571429
2025-05-17,KG,340.724,77,307.43442857142855
2025-05-18,KG,360.104,76,302.6561428571428
2025-05-19,KG,303.834,66,308.44585714285716
2025-05-20,KG,371.307,65,327.6028571428572
2025-05-21,KG,229.95,69,324.0388571428571
2025-05-22,KG,201.312,64,319.76000000000005
2025-05-23,KG,317.51,76,303.5344285714286
2025-05-24,KG,335.604,77,302.803
2025-05-25,KG,319.32,71,296.9767142857143
2025-05-26,KG,294.262,73,295.6092857142857
2025-05-27,KG,374.888,69,296.1208571428571
2025-05-28,KG,276.153,60,302.7212857142857
2025-05-29,KG,173.77,61,298.7867142857143
2025-05-30,KG,262.474,71,290.92442857142856
2025-05-31,KG,286.7,77,283.93814285714285
2025-06-01,KG,326.034,82,284.8972857142857
2025-06-02,KG,243.872,70,277.6987142857143
2025-06-03,KG,287.77,70,265.2532857142857
2025-06-04,KG,301.16,73,268.8257142857143
2025-06-05,KG,531.976,89,319.998
2025-06-06,KG,530.864,69,358.3394285714286
2025-06-07,KG,916.7310000000001,71,448.3438571428572
2025-06-08,KG,486.509,70,471.26885714285714
2025-06-09,KG,272.101,60,475.3015714285715
2025-06-10,KG,296.442,58,476.5404285714286
2025-06-11,KG,168.63,60,457.6075714285715
2025-06-12,KG,168.879,59,405.73657142857144
2025-06-13,KG,310.416,67,374.2440000000001
2025-06-14,KG,278.182,80,283.0227142857143
2025-06-15,KG,365.846,86,265.7851428571429
2025-06-16,KG,235.224,79,260.517
2025-06-17,KG,318.038,61,263.60214285714284
2025-06-18,KG,215.20499999999998,65,270.2557142857143
2025-06-19,KG,171.12199999999999,59,270.5761428571428
2025-06-20,KG,262.32800000000003,71,263.7064285714286
2025-06-21,KG,296.028,80,266.25585714285717
2025-06-22,KG,330.29,75,261.1764285714286
2025-06-23,KG,205.5,59,256.93014285714287
2025-06-24,KG,351.479,58,261.7074285714286
2025-06-25,KG,202.842,71,259.94128571428575
2025-06-26,KG,207.18,67,265.09242857142857
2025-06-27,KG,566.9200000000001,80,308.6055714285714
2025-06-28,KG,315.724,75,311.41928571428576
2025-06-29,KG,257.016,70,300.9515714285714
2025-06-30,KG,183.56,65,297.81728571428573
2025-07-01,KG,323.648,76,293.8414285714286
2025-07-02,KG,203.95,59,293.9997142857143
2025-07-03,KG,165.714,56,288.076
2025-07-04,KG,299.04,67,249.80742857142857
2025-07-05,KG,275.112,79,244.0057142857143
2025-07-06,KG,261.046,69,244.5814285714286
2025-07-07,KG,172.188,57,242.95685714285716
2025-07-08,KG,217.61,67,227.8085714285714
2025-07-09,KG,312.182,70,243.27028571428576
2025-07-10,KG,295.70799999999997,66,261.84085714285715
2025-07-11,KG,379.802,78,273.3782857142857
2025-07-12,KG,367.262,84,286.5425714285714
2025-07-13,KG,301.942,68,292.38485714285713
2025-07-14,KG,238.184,61,301.8128571428571
2025-07-15,KG,393.844,75,326.98914285714284
2025-07-16,KG,206.242,69,311.85485714285716
2025-07-17,KG,228.729,65,302.2864285714286
2025-07-18,KG,348.308,82,297.7872857142857
2025-07-19,KG,329.196,76,292.3492857142857
2025-07-20,KG,246.764,74,284.46671428571426
2025-07-21,KG,210.174,62,280.4652857142857
2025-07-22,KG,348.1,59,273.93042857142854
2025-07-23,KG,239.086,65,278.62242857142854
2025-07-24,KG,188.412,60,272.8628571428572
2025-07-25,KG,513.254,81,296.42657142857144
2025-07-26,KG,401.54,71,306.76142857142855
2025-07-27,KG,358.744,66,322.75857142857143
2025-07-28,KG,304.844,71,336.28285714285715
2025-07-29,KG,446.717,73,350.37100000000004
2025-07-30,KG,237.626,61,350.1624285714286
2025-07-31,KG,243.984,64,358.10128571428567
2025-08-01,KG,377.926,77,338.76871428571434
2025-08-02,KG,623.47,80,370.47299999999996
2025-08-03,KG,264.494,74,357.00871428571423
2025-08-04,KG,205.326,62,342.7918571428571
2025-08-05,KG,329.297,64,326.01757142857144
2025-08-06,KG,177.861,54,317.4797142857143
2025-08-07,KG,202.924,66,311.61400000000003
2025-08-08,KG,336.326,70,305.6711428571429
2025-08-09,KG,340.14,65,265.1954285714286
2025-08-10,KG,437.952,76,289.9751428571429
2025-08-11,KG,334.508,68,308.42971428571434
2025-08-12,KG,482.382,64,330.299
2025-08-13,KG,271.764,50,343.7137142857143
2025-08-14,KG,327.39,61,361.49457142857136
2025-08-15,KG,303.42199999999997,66,356.7939999999999
2025-08-16,KG,373.37,87,361.54114285714286
2025-08-17,KG,304.57,72,342.48657142857144
2025-08-18,KG,234.474,61,328.19599999999997
2025-08-19,KG,378.397,64,313.34099999999995
2025-08-20,KG,274.113,67,313.67657142857144
2025-08-21,KG,233.848,64,300.3134285714286
2025-08-22,KG,302.484,79,300.17942857142856
2025-08-23,KG,293.546,79,288.776
2025-08-24,KG,272.396,78,284.1797142857143
2025-08-25,KG,209.63400000000001,66,280.63114285714283
2025-08-26,KG,363.855,79,278.5537142857143
2025-08-27,KG,199.85999999999999,68,267.9461428571429
2025-08-28,KG,355.95300000000003,69,285.3897142857143
2025-08-29,KG,347.312,82,291.7937142857143
2025-08-30,KG,316.682,82,295.0988571428571
2025-08-31,KG,266.37,71,294.238
2025-09-01,KG,210.254,70,294.3265714285714
2025-09-02,KG,329.048,65,289.3541428571429
2025-09-03,KG,199.169,67,289.2554285714286
2025-09-04,KG,204.97,58,267.68642857142856
2025-09-05,KG,365.242,76,270.24785714285713
2025-09-06,KG,284.97,84,265.71757142857143
2025-09-07,KG,304.642,85,271.185
2025-09-08,KG,211.504,61,271.36357142857145
2025-09-09,KG,298.356,63,266.979
2025-09-10,KG,243.05,72,273.2477142857143
2025-09-11,KG,231.432,76,277.028
2025-09-12,KG,336.23400000000004,79,272.884
2025-09-13,KG,322.946,84,278.3091428571429
2025-09-14,KG,335.446,82,282.7097142857143
2025-09-15,KG,255.974,73,289.06257142857146
2025-09-16,KG,343.896,68,295.5682857142857
2025-09-17,KG,186.162,72,287.44142857142856
2025-09-18,KG,274.188,75,293.54942857142856
2025-09-19,KG,315.972,84,290.65485714285717
2025-09-20,KG,309.552,80,288.74142857142857
2025-09-21,KG,343.59,82,289.90485714285717
2025-09-22,KG,201.294,68,282.09342857142855
2025-09-23,KG,336.146,73,280.9862857142857
2025-09-24,KG,165.068,64,277.97285714285715
2025-09-25,KG,208.64600000000002,66,268.6097142857143
2025-09-26,KG,305.208,91,267.072
2025-09-27,KG,238.184,84,256.8765714285714
2025-09-28,KG,297.158,94,250.24342857142855
2025-09-29,KG,235.716,80,255.16085714285717
2025-09-30,KG,284.602,77,247.79742857142855
2025-10-01,KG,416.514,70,283.7182857142857
2025-10-02,KG,193.166,67,281.50685714285714
2025-10-03,KG,228.756,80,270.58514285714284
2025-10-04,KG,300.428,87,279.47714285714284
2025-10-05,KG,283.50600000000003,88,277.5268571428572
2025-10-06,KG,182.538,66,269.93
2025-10-07,KG,295.134,69,271.4345714285715
2025-10-08,KG,198.332,77,240.2657142857143
2025-10-09,KG,173.37,62,237.4377142857143
2025-10-10,KG,359.91200000000003,81,256.17428571428576
2025-10-11,KG,479.137,85,281.70414285714287
2025-10-12,KG,508.858,77,313.8972857142857
2025-10-13,KG,281.16,57,327.9861428571429
2025-10-14,KG,356.901,71,336.81
2025-10-15,KG,299.258,77,351.228
2025-10-16,KG,290.878,68,368.0148571428572
2025-10-17,KG,245.778,67,351.71
2025-10-18,KG,344.941,86,332.53914285714285
2025-10-19,KG,266.878,77,297.9705714285714
2025-10-20,KG,218.538,70,289.02457142857145
2025-10-21,KG,243.642,70,272.8447142857143
2025-10-22,KG,190.404,60,257.2941428571429
2025-10-23,KG,171.7,58,240.26871428571425
2025-10-24,KG,273.192,78,244.18499999999997
2025-10-25,KG,333.47,82,242.5462857142857
2025-10-26,KG,292.95,75,246.27085714285712
2025-10-27,KG,203.392,71,244.10714285714286
2025-10-28,KG,343.154,69,258.3231428571429
2025-10-29,KG,227.228,59,263.58371428571434
2025-10-30,KG,187.522,58,265.844
2025-10-31,KG,288.48199999999997,78,268.02828571428574
2025-11-01,KG,273.532,82,259.4657142857143
2025-11-02,KG,276.974,82,257.1834285714286
2025-11-03,KG,193.318,62,255.7442857142857
2025-11-04,KG,602.589,62,292.80642857142857
2025-11-05,KG,256.2,68,296.94528571428566
2025-11-06,KG,248.228,66,305.6175714285714
2025-11-07,KG,307.132,82,308.2818571428571
2025-11-08,KG,401.3,90,326.5344285714286
2025-11-09,KG,363.436,84,338.88614285714283
2025-11-10,KG,406.764,82,369.37842857142857
2025-11-11,KG,360.078,60,334.734
2025-11-12,KG,270.306,67,336.7491428571429
2025-11-13,KG,225.18,65,333.4565714285714
2025-11-14,KG,315.988,81,334.7217142857143
2025-11-15,KG,340.836,82,326.08399999999995
2025-11-16,KG,354.25,82,324.77171428571427
2025-11-17,KG,308.808,75,310.77799999999996
2025-11-18,KG,384.532,73,314.2714285714286
2025-11-19,KG,216.9,63,306.642
2025-11-20,KG,210.968,59,304.6117142857143
2025-11-21,KG,276.848,71,299.02028571428576
2025-11-22,KG,278.12,75,290.0608571428571
2025-11-23,KG,366.712,87,291.84114285714287
2025-11-24,KG,230.71800000000002,65,280.68542857142853
2025-11-25,KG,305.314,67,269.36857142857144
2025-11-26,KG,191.81,66,265.7842857142858
2025-11-27,KG,189.138,61,262.6657142857143
2025-11-28,KG,256.778,71,259.79857142857145
2025-11-29,KG,385.685,76,275.165
2025-11-30,KG,315.918,81,267.9087142857143
2025-12-01,KG,261.724,62,272.3381428571428
2025-12-02,KG,426.013,65,289.58085714285716
2025-12-03,KG,207.882,64,291.87685714285715
2025-12-04,KG,221.174,63,296.45342857142856
2025-12-05,KG,286.572,73,300.70971428571426
2025-12-06,KG,310.852,83,290.01928571428573
2025-12-07,KG,306.154,78,288.62442857142855
2025-12-08,KG,217.035,63,282.24028571428573
2025-12-09,KG,225.212,58,253.5544285714286
2025-12-10,KG,239.39,72,258.0555714285714
2025-12-11,KG,251.788,67,262.429
2025-12-12,KG,340.265,81,270.0994285714286
2025-12-13,KG,345.646,85,275.07
2025-12-14,KG,305.98,76,275.0451428571429
2025-12-15,KG,221.368,70,275.66414285714285
2025-12-16,KG,378.978,64,297.6307142857143
2025-12-17,KG,197.35,65,291.625
2025-12-18,KG,214.28,61,286.2667142857143
2025-12-19,KG,312.338,83,282.27714285714285
2025-12-20,KG,344.358,84,282.0931428571429
2025-12-21,KG,353.92,90,288.9417142857143
2025-12-22,KG,216.855,62,288.29699999999997
2025-12-23,KG,434.588,71,296.2412857142857
2025-12-24,KG,258.444,71,304.969
2025-12-25,KG,307.10400000000004,75,318.22957142857143
2025-12-26,KG,387.814,92,329.01185714285714
2025-12-27,KG,411.26800000000003,105,338.5704285714286
2025-12-28,KG,494.896,106,358.7098571428572
2025-12-29,KG,467.12,90,394.462
2025-12-30,KG,916.696,98,463.3345714285715
2025-12-31,KG,719.508,95,529.2008571428572
2026-01-01,KG,225.954,67,517.6080000000001
2026-01-02,KG,330.342,68,509.3977142857143
2026-01-03,KG,306.968,79,494.4977142857143
2026-01-04,KG,334.104,85,471.5274285714286
2026-01-05,KG,220.808,69,436.34000000000003
2026-01-06,KG,593.619,76,390.1861428571429
2026-01-07,KG,198.52,58,315.75928571428574
2026-01-08,KG,200.0,66,312.0515714285715
2026-01-09,KG,319.808,76,310.5467142857143
2026-01-10,KG,412.994,95,325.6932857142857
2026-01-11,KG,406.942,85,336.0987142857143
2026-01-12,KG,269.682,65,343.0807142857143
2026-01-13,KG,329.26,69,305.31514285714286
2026-01-14,KG,260.827,70,314.21614285714287
2026-01-15,KG,220.574,62,317.1552857142857
2026-01-16,KG,297.738,88,314.00242857142854
2026-01-17,KG,342.91,86,303.9904285714286
2026-01-18,KG,332.235,76,293.31800000000004
2026-01-19,KG,261.462,70,292.1437142857143
2026-01-20,KG,353.668,71,295.63057142857144
2026-01-21,KG,217.478,67,289.4378571428571
2026-01-22,KG,190.144,61,285.09071428571434
2026-01-23,KG,337.934,78,290.833
2026-01-24,KG,327.724,89,288.6635714285714
2026-01-25,KG,342.278,85,290.09828571428574
2026-01-26,KG,212.53,60,283.108
2026-01-27,KG,304.752,76,276.12
2026-01-28,KG,211.17,71,275.21885714285713
2026-01-29,KG,204.288,70,277.23942857142856
2026-01-30,KG,238.168,80,262.9871428571429
2026-01-31,KG,334.178,96,263.90914285714285
2026-02-01,KG,336.394,86,263.06857142857143
2026-02-02,KG,323.967,73,278.98814285714286
2026-02-03,KG,215.232,68,266.19957142857146
2026-02-04,KG,261.15,63,273.33957142857145
2026-02-05,KG,172.084,57,268.739
2026-02-06,KG,236.158,75,268.45185714285714
2026-02-07,KG,314.77,86,265.6792857142857
2026-02-08,KG,292.544,78,259.41499999999996
2026-02-09,KG,223.45,71,245.05542857142854
2026-02-10,KG,574.136,68,296.32742857142847
2026-02-11,KG,286.282,66,299.9177142857143
2026-02-12,KG,284.45,75,315.96999999999997
2026-02-13,KG,432.872,77,344.072
2026-02-14,KG,367.006,83,351.53428571428566
2026-02-15,KG,507.716,87,382.27314285714283
2026-02-16,KG,317.288,68,395.6785714285714
2026-02-17,KG,410.124,72,372.2482857142857
2026-02-18,KG,471.218,83,398.6677142857143
2026-02-19,KG,439.258,76,420.78314285714293
2026-02-20,KG,2447.1679999999997,87,708.5397142857144
2026-02-21,KG,600.672,89,741.9205714285714
2026-02-22,KG,493.086,82,739.8305714285715
2026-02-23,KG,339.06,65,742.940857142857
2026-02-24,KG,318.986,70,729.9211428571427
2026-02-25,KG,310.332,70,706.9374285714285
2026-02-26,KG,339.599,71,692.7004285714286
2026-02-27,KG,430.904,91,404.6627142857143
2026-02-28,KG,500.949,91,390.41657142857144
2026-03-01,KG,490.376,85,390.0294285714285
2026-03-02,KG,319.594,74,387.2485714285714
2026-03-03,KG,282.779,72,382.0761428571428
2026-03-04,KG,251.144,65,373.6207142857143
2026-03-05,KG,416.046,75,384.54171428571425
2026-03-06,KG,387.524,79,378.3445714285714
2026-03-07,KG,502.094,89,378.50814285714284
2026-03-08,KG,487.504,83,378.09785714285715
2026-03-09,KG,340.116,77,381.0295714285714
2026-03-10,KG,423.582,81,401.14428571428573
2026-03-11,KG,428.218,78,426.4405714285714
2026-03-12,KG,310.974,80,411.4302857142857
2026-03-13,KG,546.256,87,434.1062857142857
2026-03-14,KG,648.494,89,455.0205714285715
2026-03-15,KG,561.92,90,465.65142857142854
2026-03-16,KG,509.84999999999997,75,489.89914285714286
2026-03-17,KG,368.95,83,482.0945714285714
2026-03-18,KG,462.166,78,486.9442857142857
2026-03-19,KG,711.7139999999999,82,544.1928571428571
2026-03-20,KG,229.54399999999998,56,498.9482857142857
2026-03-21,KG,304.382,69,449.78942857142863
2026-03-22,KG,321.104,67,415.38714285714286
2026-03-23,KG,231.406,61,375.60942857142857
2026-03-24,KG,303.558,65,366.26771428571425
2026-03-25,KG,212.968,48,330.668
2026-03-26,KG,184.138,55,255.29999999999998
2026-03-27,KG,212.566,63,252.87457142857144
2026-03-28,KG,314.16,74,254.27142857142857
2026-03-29,KG,355.014,96,259.11571428571426
2026-03-30,KG,238.822,74,260.1751428571429
2026-03-31,KG,294.136,75,258.82914285714287
2026-04-01,KG,188.62,67,255.35085714285717
2026-04-02,KG,663.754,72,323.8674285714286
2026-04-03,KG,282.956,66,333.92314285714286
2026-04-04,KG,307.674,76,332.99657142857143
2026-04-05,KG,335.921,77,330.26899999999995
2026-04-06,KG,191.236,57,323.47099999999995
2026-04-07,KG,271.98,59,320.3058571428572
2026-04-08,KG,201.92000000000002,62,322.20585714285716
2026-04-09,KG,236.846,61,261.219
2026-04-10,KG,357.764,83,271.90585714285714
2026-04-11,KG,452.34,87,292.5724285714286
2026-04-12,KG,418.366,83,304.35028571428575
2026-04-13,KG,269.048,72,315.46628571428573
2026-04-14,KG,348.976,60,326.4657142857142
2026-04-15,KG,216.52,69,328.5514285714285
2026-04-16,KG,264.234,72,332.46399999999994
2026-04-17,KG,336.056,84,329.36285714285714
2026-04-18,KG,403.68,91,322.4114285714286
2026-04-19,KG,380.068,77,316.9402857142857
2026-04-20,KG,260.616,79,315.7357142857143
2026-04-21,KG,346.296,63,315.3528571428571
2026-04-22,KG,208.64,64,314.22714285714284
2026-04-23,KG,332.10200000000003,74,323.9225714285714
2026-04-24,KG,318.832,73,321.462
2026-04-25,KG,434.592,84,325.87800000000004
2026-04-26,KG,480.21,76,340.184
2026-04-27,KG,255.716,61,339.484
2026-04-28,KG,368.142,64,342.60485714285716
2026-04-29,KG,202.498,69,341.72742857142856
2026-04-30,KG,215.964,58,325.1362857142857
2026-05-01,KG,387.776,90,334.9854285714286
2026-05-02,KG,330.368,72,320.0962857142857
2026-05-03,KG,263.986,90,289.20714285714286
2026-05-04,KG,539.612,73,329.7637142857143
2026-05-05,KG,266.942,64,315.30657142857143
2026-05-06,KG,188.176,62,313.26057142857144
2026-05-07,KG,153.056,53,304.27371428571433
2026-05-08,KG,305.874,69,292.57342857142856
2026-05-09,KG,364.41,78,297.4365714285714
2026-05-10,KG,479.956,88,328.2894285714286
2026-05-11,KG,295.594,66,293.4297142857143
2026-05-12,KG,305.414,63,298.92571428571426
2026-05-13,KG,242.60999999999999,55,306.70199999999994
2026-05-14,KG,315.728,65,329.9408571428571
2026-05-15,KG,328.89,76,333.2288571428571
2026-05-16,KG,344.28,75,330.3531428571428
2026-05-17,KG,418.856,77,321.6245714285714
2026-05-18,KG,234.566,62,312.9062857142857
2026-05-19,KG,390.92,77,325.12142857142857
2026-05-20,KG,283.528,62,330.9668571428571
2026-05-21,KG,242.206,57,320.4637142857142
2026-05-22,KG,375.566,80,327.1317142857143
2026-05-23,KG,267.822,77,316.20914285714287
2026-05-24,KG,270.998,77,295.0865714285714
2026-05-25,KG,560.927,92,341.7095714285714
2026-05-26,KG,381.083,78,340.30428571428564
2026-05-27,KG,327.424,60,346.57514285714285
2026-05-28,KG,637.735,73,403.0792857142857
2026-05-29,KG,289.09,62,390.72557142857147
2026-05-30,KG,263.14,68,390.0567142857143
2026-05-31,KG,199.117,54,379.78799999999995
2026-06-01,KG,166.126,36,323.3878571428572
2026-06-02,KG,137.28,41,288.5588571428571
2026-06-03,KG,127.84,54,260.04685714285716
2026-06-04,KG,308.448,57,213.00585714285714
2026-06-05,KG,166.9,61,195.55014285714287
2026-06-06,KG,222.676,68,189.76957142857142
2026-06-07,KG,260.67,77,198.56285714285715
2026-06-08,KG,165.365,59,198.45414285714287
2026-06-09,KG,197.054,61,206.99328571428572
2026-06-10,KG,194.798,57,216.55871428571427
2026-06-11,KG,154.792,46,194.60785714285717
2026-06-12,KG,262.33,69,208.2407142857143
2026-06-13,KG,390.132,77,232.163
2026-06-14,KG,372.228,68,248.09985714285713
2026-06-15,KG,327.752,64,271.29799999999994
2026-06-16,KG,284.914,64,283.8494285714286
2026-06-17,KG,279.664,57,295.9731428571428
2026-06-18,KG,269.79,58,312.40142857142854
2026-06-19,KG,353.102,69,325.3688571428571
2026-06-20,KG,425.936,80,330.48371428571426
2026-06-21,KG,395.104,79,333.7517142857143
2026-06-22,KG,289.54,68,328.29285714285714
2026-06-23,KG,244.108,59,322.46342857142855
2026-06-24,KG,254.082,61,318.80885714285716
2026-06-25,KG,269.46,66,318.7617142857143
2026-06-26,KG,296.068,74,310.614
2026-06-27,KG,321.302,73,295.66628571428566
2026-06-28,KG,373.406,69,292.5665714285714
2026-06-29,KG,247.197,76,286.5175714285714
2026-06-30,KG,289.052,65,292.93814285714285
2026-07-01,KG,273.502,76,295.7124285714286
2026-07-02,KG,241.642,68,291.7384285714286
2026-07-03,KG,338.296,70,297.771
2026-07-04,KG,425.454,84,312.6498571428571
2026-07-05,KG,396.836,80,315.99699999999996
2026-07-06,KG,504.844,74,352.8037142857143
2026-07-07,KG,288.7,61,352.75342857142857
2026-07-08,KG,240.558,58,348.04714285714283
2026-07-09,KG,201.101,67,342.25557142857144
2026-07-10,KG,344.02,70,343.0732857142857
2026-07-11,KG,376.306,79,336.0521428571428
2026-07-12,KG,356.078,68,330.22957142857143
2026-07-13,KG,240.586,71,292.47842857142854
2026-07-14,KG,349.82,60,301.2098571428572
2026-07-15,KG,284.242,65,307.45042857142863
2026-07-16,KG,220.748,55,310.2571428571428
2026-07-17,KG,310.44,68,305.46
2026-07-18,KG,337.632,77,299.9351428571428
2026-07-19,KG,393.94,77,305.344
2026-07-20,KG,235.692,66,304.6448571428572
2026-07-21,KG,344.032,67,303.81800000000004
