product_id,product_name,unit,first_sale,last_sale,active_sales_days,total_quantity,mean_positive_quantity,median_positive_quantity,max_positive_quantity,history_days,active_ratio,days_since_last_sale,segment
10002013,DANA KONTRAFILE BIFTEK KG,KG,2023-01-01,2026-07-20,1065,1488.17,1.3973427230046949,1.016,21.15,1297,0.8211256746337703,1,continuous
10002014,DANA DOS KIYMALIK ET KG,KG,2023-01-01,2026-07-21,1297,22633.054,17.450311488049344,14.749,94.066,1298,0.9992295839753467,0,continuous
10002015,DANA TASKEBAPLIK BUT ETI KG,KG,2023-01-01,2026-07-21,1179,3624.161,3.0739279050042407,2.25,18.854,1298,0.9083204930662557,0,continuous
10002017,DANA IZGARA BIFTEK BUT ETI  KG,KG,2023-01-10,2026-07-19,673,576.15,0.8560921248142644,0.65,5.956,1287,0.5229215229215229,2,continuous
10002025,DANA SOTELIK BUT ETI KG,KG,2023-01-01,2026-07-21,1271,5605.886,4.410610542879622,3.596,31.384,1298,0.9791987673343605,0,continuous
10002030,DANA NUAR BUT ETI KG,KG,2023-02-12,2026-07-15,300,359.0,1.1966666666666668,0.859,11.195,1250,0.24,6,intermittent
10002032,DANA INCIK KEMIKSIZ HASLAMALIK ET KG,KG,2023-01-02,2026-07-21,578,725.726,1.2555813148788928,1.028,5.378,1297,0.4456437933693138,0,intermittent
10002038,DANA ANTRIKOT BIFTEK KG,KG,2023-01-01,2026-07-21,1226,3628.315,2.959473898858075,2.2809999999999997,25.91,1298,0.9445300462249615,0,continuous
10002041,DANA ORTA YAGLI KUSBASI KG,KG,2023-01-01,2026-07-21,1168,3617.414,3.0971010273972603,2.443,32.342,1298,0.8998459167950693,0,continuous
10002042,DANA BONFILE KG,KG,2023-01-01,2026-07-21,966,3948.756,4.087739130434782,1.44,51.382,1298,0.7442218798151001,0,continuous
10002044,DANA BIFSTRONGONOFLUK BUT ETI KG,KG,2023-01-02,2026-07-21,807,1016.329,1.2593915737298635,0.998,10.656,1297,0.6222050886661527,0,continuous
10002052,DANA OSSO BUCCO KG,KG,2023-01-03,2026-07-11,95,71.984,0.7577263157894736,0.77,1.812,1286,0.07387247278382582,10,sparse
10002053,DANA GUNGORMEZ KG,KG,2023-01-01,2026-07-20,239,124.48,0.520836820083682,0.41,2.5,1297,0.18427139552814187,1,intermittent
10002055,DANA ROSTOLUK ET KG,KG,2023-01-05,2026-06-22,308,304.368,0.9882077922077922,0.773,11.175,1265,0.24347826086956523,29,intermittent
10002056,DANA SOKUM SISLIK BUT ETI KG,KG,2023-02-08,2026-06-19,40,192.023,4.800575,5.1259999999999994,30.0,1228,0.03257328990228013,32,sparse
10002058,DONER ETI KG %25 KUZU/%75 DANA,KG,2023-01-27,2026-05-21,9,2.3440000000000003,0.2604444444444445,0.26,0.336,1211,0.007431874483897605,61,sparse
10002059,$DANA (OTEL) TRANC KG,KG,2023-04-19,2023-04-19,1,0.32,0.32,0.32,0.32,1,1.0,1189,new_short_history
10002061,DANA-KUZU KARISIK OZEL KIYMA KG,KG,2023-01-01,2026-07-21,1293,9787.482,7.569591647331786,6.69,29.442,1298,0.9961479198767335,0,continuous
10002065,DANA TRANC KG,KG,2023-01-01,2026-07-19,900,1581.855,1.7576166666666666,1.251,8.964,1296,0.6944444444444444,2,continuous
10002071,DANA AZ YAGLI KIYMALIK ET KG,KG,2023-01-01,2026-07-21,1297,16535.465,12.749009252120278,10.406,98.958,1298,0.9992295839753467,0,continuous
10002072,$HIZMET KEMIKSIZ ET KIYMA CEKME KG,KG,2025-10-10,2025-10-10,1,1.006,1.006,1.006,1.006,1,1.0,284,new_short_history
10002073,DANA KUZU KIYMALIK ET KG,KG,2025-12-09,2025-12-21,2,5.13,2.565,2.565,4.124,13,0.15384615384615385,212,new_short_history
10002076,$KIYMA TAB.DANA KG (SIGIR ICINN),KG,2023-04-02,2025-04-14,2,2.316,1.158,1.158,1.764,744,0.002688172043010753,463,possibly_inactive
10002082,KOFTE KASAP KG,KG,2023-01-01,2026-07-21,1297,9599.988,7.4016869699306085,5.634,80.146,1298,0.9992295839753467,0,continuous
10002088,KEBAP ACILI SIS KG,KG,2023-01-01,2026-07-21,1063,1295.304,1.2185362182502353,1.014,5.56,1298,0.8189522342064715,0,continuous
10002089,KEBAP ACISIZ SIS KG,KG,2023-01-01,2026-07-21,1077,1386.666,1.2875264623955431,1.028,7.312,1298,0.8297380585516179,0,continuous
10002090,KOFTE INEGOL KG,KG,2023-01-02,2026-07-21,888,1833.664,2.064936936936937,1.506,10.336,1297,0.6846569005397071,0,continuous
10002093,BOLCA HINDI BUTUN KG,KG,2023-12-22,2025-12-31,28,583.454,20.837642857142857,16.949,88.536,741,0.037786774628879895,202,possibly_inactive
10002097,YILBASI HINDI BUTUN  BOLCA KG,KG,2023-01-01,2023-01-01,1,6.13,6.13,6.13,6.13,1,1.0,1297,new_short_history
10002098,$BANVIT HINDI BOYUN BUTUN KG 308,KG,2023-01-19,2023-04-01,24,86.129,3.5887083333333334,3.1,8.898,73,0.3287671232876712,1207,possibly_inactive
10002116,$BANVIT HINDI BAGET KG 257,KG,2023-01-10,2023-04-05,52,104.498,2.0095769230769234,1.5710000000000002,7.45,86,0.6046511627906976,1203,possibly_inactive
10002118,$BANVIT HINDI IZGARA TAVA KG 319,KG,2023-01-13,2023-04-03,49,76.914,1.5696734693877552,1.472,4.054,81,0.6049382716049383,1205,possibly_inactive
10002121,$BANVIT HINDI BUT BUTUN DERISIZ KG 6623,KG,2023-01-14,2023-04-05,30,54.59,1.8196666666666668,1.549,5.416,82,0.36585365853658536,1203,possibly_inactive
10002128,$BANVIT HINDI GOGUS KG 254,KG,2023-01-14,2023-04-05,60,85.38,1.4229999999999998,1.026,5.376,82,0.7317073170731707,1203,possibly_inactive
10002129,$BANVIT HINDI YAPRAK KANAT KG 6782,KG,2023-01-10,2023-04-02,41,73.23,1.7860975609756098,1.614,5.118,83,0.4939759036144578,1206,possibly_inactive
10002134,$BANVIT HINDI PIRZOLA KG 302,KG,2023-01-14,2023-04-04,37,118.029,3.189972972972973,1.904,11.56,81,0.4567901234567901,1204,possibly_inactive
10002135,$BANVIT HINDI KOK KANAT KG 355,KG,2023-01-10,2023-04-02,52,160.796,3.092230769230769,3.0250000000000004,10.946,83,0.6265060240963856,1206,possibly_inactive
10002137,$BANVIT HINDI CIGER KG 6794,KG,2023-01-10,2023-04-05,25,22.84,0.9136,0.936,1.676,86,0.29069767441860467,1203,possibly_inactive
10002138,$BANVIT HINDI YUREK KG 6860,KG,2023-01-01,2023-03-31,35,52.339999999999996,1.4954285714285713,1.146,3.908,90,0.3888888888888889,1208,possibly_inactive
10002142,MARET PRATIK FUME HINDI 60 G,ADT,2023-01-02,2026-07-20,334,769.0,2.302395209580838,2.0,23.0,1296,0.25771604938271603,1,intermittent
10002144,PINAR FUME HINDI 60 G,ADT,2023-07-03,2026-07-21,512,1190.0,2.32421875,2.0,12.0,1115,0.4591928251121076,0,intermittent
10002147,NAMET FUME HINDI 200 G PKT,ADT,2023-01-06,2026-07-19,664,1529.0,2.302710843373494,2.0,13.0,1291,0.5143299767621998,2,continuous
10002151,ERSAN FUME ET 120 G,ADT,2023-01-01,2026-07-21,346,541.0,1.5635838150289016,1.0,9.0,1298,0.2665639445300462,0,intermittent
10002159,NAMET FUME ET DANA KABURGA 130 G,ADT,2024-09-28,2024-12-01,12,14.0,1.1666666666666667,1.0,2.0,65,0.18461538461538463,597,possibly_inactive
10002164,ERSAN KURU ET 100 G,ADT,2023-01-01,2025-09-19,140,166.0,1.1857142857142857,1.0,3.0,993,0.14098690835850958,305,possibly_inactive
10002169,$POLONEZ MINI FUME HINDI 60 G,ADT,2023-01-01,2023-03-31,89,844.0,9.48314606741573,7.0,40.0,90,0.9888888888888889,1208,possibly_inactive
10002171,NAMET 7/24 FUME HINDI 60 G,ADT,2023-01-01,2026-07-21,1247,18971.0,15.213311948676825,14.0,58.0,1298,0.960708782742681,0,continuous
10002176,POLONEZ FUME DANA DIL  KG,KG,2023-01-02,2026-07-12,282,80.016,0.28374468085106386,0.217,1.216,1288,0.21894409937888198,9,intermittent
10002177,POLONEZ FUME ET DANA KG (BIBERLI+KEKILI),KG,2023-01-07,2026-07-21,540,145.49,0.26942592592592596,0.2,1.51,1292,0.4179566563467492,0,intermittent
10002178,$POLONEZ FUME HINDI  KG,KG,2023-01-01,2024-02-03,17,5.46,0.3211764705882353,0.232,1.716,399,0.042606516290726815,899,possibly_inactive
10002186,$POLONEZ FUME DANA KEKIKLI KG,KG,2023-01-01,2024-02-23,69,15.396,0.22313043478260872,0.172,2.084,419,0.16467780429594273,879,possibly_inactive
10002190,$YAYLATURK HINDI BUT FUME KG,KG,2024-02-02,2024-11-16,2,0.008,0.004,0.004,0.005,289,0.006920415224913495,612,possibly_inactive
10002192,$POLONEZ MINI JAMBON HINDI 60 G,ADT,2023-01-02,2023-04-17,68,215.0,3.161764705882353,2.0,19.0,106,0.6415094339622641,1191,possibly_inactive
10002194,$POLONEZ MINI JAMBON DANA 60 G,ADT,2023-01-01,2023-03-23,70,309.0,4.414285714285715,3.0,23.0,82,0.8536585365853658,1216,possibly_inactive
10002197,$NAMET JAMBON DANA DILIMLI 150 G,ADT,2023-01-23,2023-03-28,8,8.0,1.0,1.0,1.0,65,0.12307692307692308,1211,possibly_inactive
10002204,NAMET 7/24 JAMBON DANA 50 G,ADT,2023-01-01,2026-07-20,687,1673.0,2.435225618631732,2.0,11.0,1297,0.5296838858905166,1,continuous
10002208,$ERSAN JAMBON DANA KG,KG,2023-03-22,2023-04-26,8,2.5180000000000002,0.31475000000000003,0.211,1.122,36,0.2222222222222222,1182,possibly_inactive
10002210,NAMET JAMBON DANA BLOK KG,KG,2023-01-06,2024-08-22,28,7.6,0.2714285714285714,0.207,0.838,595,0.047058823529411764,698,possibly_inactive
10002216,POLONEZ JAMBON DANA KG,KG,2023-01-02,2026-07-21,603,208.146,0.34518407960199005,0.27,2.084,1297,0.46491904394757133,0,intermittent
10002221,$BAN.JAMBON PILIC KG,KG,2023-07-11,2024-11-30,3,0.009000000000000001,0.0030000000000000005,0.003,0.004,509,0.005893909626719057,598,possibly_inactive
10002223,$POLONEZ KAVURMA 200 G,ADT,2023-01-22,2024-08-31,57,69.0,1.2105263157894737,1.0,4.0,588,0.09693877551020408,689,possibly_inactive
10002227,NAMET KAVURMA 150 G,ADT,2025-09-27,2026-07-13,16,25.0,1.5625,1.0,3.0,290,0.05517241379310345,8,sparse
10002230,POLONEZ KAVURMA BLOK KG,KG,2023-01-02,2026-07-21,547,227.226,0.41540402193784276,0.268,2.94,1297,0.4217424826522745,0,intermittent
10002236,$ERSAN KAVURMA BLOK KG,KG,2023-08-12,2024-07-23,15,2.666,0.17773333333333333,0.21,0.314,347,0.043227665706051875,728,possibly_inactive
10002237,NAMET KAVURMA BLOK KG,KG,2023-01-01,2025-02-07,54,9.484,0.17562962962962964,0.159,0.436,769,0.07022106631989597,529,possibly_inactive
10002238,DANET KAVURMA KG (250-300G VAK.PKT),KG,2023-03-04,2026-06-27,195,74.887,0.38403589743589744,0.284,1.982,1212,0.1608910891089109,24,intermittent
10002239,A.IPEK KAVURMA BLOK KG,KG,2023-01-01,2023-03-04,14,4.19,0.2992857142857143,0.28600000000000003,0.488,63,0.2222222222222222,1235,possibly_inactive
10002243,A.IPEK PASTIRMA CEMENLI 100 G,ADT,2026-04-12,2026-07-21,48,91.0,1.8958333333333333,1.5,6.0,101,0.4752475247524752,0,intermittent
10002250,DANET PASTIRMA KONTRAFILE 100G,ADT,2023-03-04,2024-03-22,90,130.0,1.4444444444444444,1.0,4.0,385,0.23376623376623376,851,possibly_inactive
10002254,$ERSAN PASTIRMA SECME 120 G,ADT,2023-01-06,2023-07-10,19,23.0,1.2105263157894737,1.0,2.0,186,0.10215053763440861,1107,possibly_inactive
10002255,$NAMET PASTIRMA DILIMLI CEMENSIZ 130 G,ADT,2023-01-01,2025-08-07,61,78.0,1.278688524590164,1.0,3.0,950,0.06421052631578947,348,possibly_inactive
10002260,$YASIN PASTIRMA KUSGONU KG(90-130 G),KG,2026-03-12,2026-03-12,1,0.002,0.002,0.002,0.002,1,1.0,131,new_short_history
10002263,POLONEZ PASTIRMA ANTRIKOT KG,KG,2023-01-01,2026-07-21,920,581.188,0.6317260869565218,0.463,4.72,1298,0.7087827426810478,0,continuous
10002264,NAMET PASTIRMA ANTRIKOT KG,KG,2023-03-16,2025-07-07,4,0.008,0.002,0.002,0.002,845,0.004733727810650888,379,possibly_inactive
10002267,POLONEZ PASTIRMA SECME KG,KG,2023-01-02,2026-07-21,826,445.836,0.5397530266343826,0.39,3.938,1297,0.6368542791056284,0,continuous
10002268,$YASIN PASTIRMA SECME KG(DILIM 90-130 G,KG,2025-01-04,2025-01-04,1,0.118,0.118,0.118,0.118,1,1.0,563,new_short_history
10002269,POLONEZ PASTIRMA KONTRAFILE KG,KG,2023-01-01,2026-05-14,624,423.74,0.6790705128205128,0.488,5.75,1230,0.5073170731707317,68,continuous
10002270,DANET PASTIRMA SIRT BLOK KG,KG,2023-03-09,2026-05-01,77,27.466,0.35670129870129874,0.296,1.85,1150,0.06695652173913043,81,sparse
10002274,YEMEKLIK PASTIRMA KG,KG,2023-01-25,2024-08-07,44,9.216,0.20945454545454545,0.172,0.63,561,0.0784313725490196,713,possibly_inactive
10002279,MARET PRATIK SALAM HINDI 60 G,ADT,2023-01-03,2026-07-21,169,340.0,2.0118343195266273,1.0,15.0,1296,0.13040123456790123,0,intermittent
10002283,LEZITA P.SALAM BATON 800 G,ADT,2023-01-01,2026-07-20,792,2327.0,2.938131313131313,2.0,38.0,1297,0.6106399383191982,1,continuous
10002286,PINAR SALAM DOYUM (HINDI) 225 G,ADT,2024-11-21,2026-07-13,187,243.0,1.2994652406417113,1.0,4.0,600,0.31166666666666665,8,intermittent
10002297,$PINAR SALAM DANA 50 G FISTIKLI,ADT,2023-01-01,2023-11-19,170,396.0,2.3294117647058825,2.0,9.0,323,0.5263157894736842,975,possibly_inactive
10002299,PINAR SALAM DANA MACAR 60 G,ADT,2023-01-01,2026-07-20,1141,5542.0,4.857142857142857,4.0,21.0,1297,0.8797224363916731,1,continuous
10002303,$PINAR SALAM HINDI 50 G FISTIKLI,ADT,2023-01-08,2023-11-22,182,460.0,2.5274725274725274,2.0,11.0,319,0.5705329153605015,972,possibly_inactive
10002304,$TORKU SALAM DANA 60 G,ADT,2023-01-01,2023-03-05,24,64.0,2.6666666666666665,2.0,8.0,64,0.375,1234,possibly_inactive
10002309,$POLONEZ MINI SALAM DANA 60 G,ADT,2023-01-01,2023-03-10,60,306.0,5.1,4.0,27.0,69,0.8695652173913043,1229,possibly_inactive
10002314,NAMET 7/24 SALAM HINDI 60 G,ADT,2023-01-01,2026-07-21,1095,5583.0,5.098630136986301,4.0,26.0,1298,0.8436055469953775,0,continuous
10002315,PINAR SALAM CESNI-KAHVALTILIK 250 G,ADT,2023-01-04,2026-07-18,673,1056.0,1.5690936106983655,1.0,7.0,1292,0.5208978328173375,3,continuous
10002326,PINAR SALAM BUFE 900 G,ADT,2026-03-04,2026-07-04,18,25.0,1.3888888888888888,1.0,5.0,123,0.14634146341463414,17,intermittent
10002327,PINAR SALAM HINDI 75 G,ADT,2023-01-01,2026-07-19,1255,10591.0,8.439043824701196,7.0,37.0,1296,0.9683641975308642,2,continuous
10002328,$NAMET 7/24 SALAM DANA 60 G,ADT,2023-01-01,2023-07-01,153,816.0,5.333333333333333,4.0,18.0,182,0.8406593406593407,1116,possibly_inactive
10002336,$POLONEZ MINI SALAM HINDI 60 G,ADT,2023-01-01,2023-04-02,51,196.0,3.843137254901961,2.0,15.0,92,0.5543478260869565,1206,possibly_inactive
10002337,PINAR SALAM DOYUM (HINDI) 500 G,ADT,2023-01-01,2026-07-20,639,954.0,1.4929577464788732,1.0,5.0,1297,0.4926754047802621,1,intermittent
10002340,BANVIT P.SALAM BATON 750 G,ADT,2023-03-17,2026-07-21,1001,3185.0,3.1818181818181817,2.0,25.0,1223,0.8184791496320524,0,continuous
10002346,POLONEZ SALAM DANA FISTIKLI KG 120 KLB.,KG,2023-01-01,2026-07-18,495,165.68,0.33470707070707073,0.254,1.68,1295,0.38223938223938225,3,intermittent
10002348,NAMET SALAM MACAR KG,KG,2023-01-08,2026-07-10,232,96.482,0.41587068965517243,0.276,1.91,1280,0.18125,11,intermittent
10002354,POLONEZ SALAM DANA ITALYAN KG 92 KLB.,KG,2023-01-02,2026-07-20,490,114.87,0.23442857142857143,0.163,1.402,1296,0.37808641975308643,1,intermittent
10002359,POLONEZ SALAM DANA HUSUSI KG 120 KLB.,KG,2023-01-01,2026-07-19,208,70.878,0.3407596153846154,0.223,1.794,1296,0.16049382716049382,2,intermittent
10002363,NAMET SALAM K.BIBERLI-FIST. KG 90 KLB.,KG,2025-03-29,2025-05-05,4,1.678,0.4195,0.281,0.982,38,0.10526315789473684,442,possibly_inactive
10002366,POLONEZ JAMBON TAVUK KG,KG,2023-01-02,2025-10-03,107,29.5,0.2757009345794392,0.232,1.196,1006,0.10636182902584493,291,possibly_inactive
10002367,POLONEZ SALAM DANA MACAR KG,KG,2023-01-01,2026-07-21,1067,907.123,0.85016213683224,0.638,4.822,1298,0.8220338983050848,0,continuous
10002370,POLONEZ SALAM DANA DILLI KG 120 KLB.,KG,2023-01-03,2026-07-20,196,41.274,0.21058163265306123,0.158,1.256,1295,0.15135135135135136,1,intermittent
10002372,$DANET SALAM FISTIKLI  KG,KG,2025-08-10,2026-01-05,5,1.348,0.2696,0.288,0.55,149,0.03355704697986577,197,possibly_inactive
10002374,$ERSAN SALAM MACAR KG (SADE/FISTIKLI),KG,2023-01-07,2024-03-08,67,27.472,0.4100298507462687,0.266,2.0,427,0.15690866510538642,865,possibly_inactive
10002375,POLONEZ SALAM HINDI KG,KG,2023-01-02,2026-07-18,330,154.122,0.4670363636363637,0.358,2.418,1294,0.2550231839258114,3,intermittent
10002377,$YASIN SALAM MACAR KG  70 KAL.,KG,2023-04-27,2023-04-27,1,0.003,0.003,0.003,0.003,1,1.0,1181,new_short_history
10002379,DANET SALAM MACAR KG(SADE-FISTIKLI),KG,2023-02-14,2026-07-20,271,120.592,0.4449889298892989,0.322,2.058,1253,0.2162809257781325,1,intermittent
10002380,NAMET SALAM HINDI KG (SADE-FIST-BIBERLI),KG,2025-03-29,2025-06-24,7,3.22,0.46,0.396,1.25,88,0.07954545454545454,392,possibly_inactive
10002383,$MARET SALAM MACAR KG UZUN 70 KLB,KG,2024-01-16,2024-01-16,1,0.042,0.042,0.042,0.042,1,1.0,917,new_short_history
10002384,PINAR SALAM DANA MACAR KG,KG,2023-01-01,2026-07-19,565,214.334,0.37935221238938055,0.26,2.292,1296,0.4359567901234568,2,intermittent
10002385,POLONEZ SOSIS DANA 500 G AVANTAJ PAKET,ADT,2025-03-03,2026-07-19,126,697.0,5.531746031746032,4.0,21.0,504,0.25,2,intermittent
10002388,MARET SOSIS 10LU SOYULMUS 432 G,ADT,2023-01-07,2024-07-14,18,23.0,1.2777777777777777,1.0,3.0,555,0.032432432432432434,737,possibly_inactive
10002394,ERSAN SOSIS KOKTEYL 200 G,ADT,2023-01-02,2026-07-19,455,670.0,1.4725274725274726,1.0,6.0,1295,0.35135135135135137,2,intermittent
10002399,PINAR SOSIS HINDI 180 G,ADT,2023-01-02,2026-07-21,1066,3346.0,3.1388367729831144,3.0,12.0,1297,0.8218966846569006,0,continuous
10002402,$LEZITA P.SOSIS KOKTEYL 450 G,ADT,2023-01-01,2025-05-14,627,1376.0,2.1945773524720895,2.0,22.0,865,0.7248554913294798,433,possibly_inactive
10002411,NAMET SOSIS DANA KOKTEYL 250 G,ADT,2023-05-27,2025-11-17,51,62.0,1.2156862745098038,1.0,3.0,906,0.056291390728476824,246,possibly_inactive
10002418,PINAR SOSIS MINIK 215 G,ADT,2023-01-06,2026-07-21,719,1283.0,1.78442280945758,1.0,7.0,1293,0.5560711523588554,0,continuous
10002420,$POLONEZ SOSIS DANA 300 G,ADT,2023-01-04,2023-07-22,63,104.0,1.6507936507936507,1.0,5.0,200,0.315,1095,possibly_inactive
10002422,BANVIT P.SOSIS KOKTEYL 1000 G,ADT,2023-03-17,2026-07-21,824,1877.0,2.2779126213592233,2.0,15.0,1223,0.6737530662305805,0,continuous
10002423,ORVITAL ORGANIK DANA SOSIS 250 G,ADT,2025-09-06,2026-04-05,13,14.0,1.0769230769230769,1.0,2.0,212,0.06132075471698113,107,possibly_inactive
10002428,PINAR SOSIS DANA UZUN 430 G,ADT,2023-01-01,2026-07-20,1008,2479.0,2.4593253968253967,2.0,13.0,1297,0.7771781033153431,1,continuous
10002430,LEZITA P.SOSIS KOKTEYL 1000G AV.PKT,ADT,2023-01-01,2026-07-21,759,1640.0,2.160737812911726,2.0,34.0,1298,0.5847457627118644,0,continuous
10002434,$PINAR SOSIS SARKUTERI (UZUN) KG,KG,2024-10-19,2024-12-26,2,1.522,0.761,0.761,0.802,69,0.028985507246376812,572,possibly_inactive
10002437,NAMET SOSIS DANA  KG,KG,2023-01-05,2026-01-18,71,33.83,0.4764788732394366,0.5,1.5,1110,0.06396396396396396,184,possibly_inactive
10002439,DANET EDT.SUCUK DILIMLI KG CESITLERI,KG,2024-07-29,2024-07-29,1,0.502,0.502,0.502,0.502,1,1.0,722,new_short_history
10002441,$ERSAN SOSIS KG (KOKTEYL / UZUN),KG,2023-01-20,2024-02-26,34,17.57,0.5167647058823529,0.427,1.272,403,0.08436724565756824,876,possibly_inactive
10002443,POLONEZ SOSIS DANA KG KOKTEYL/UZUN,KG,2023-01-01,2026-06-02,277,161.64000000000001,0.5835379061371841,0.5,2.036,1249,0.22177742193755004,49,intermittent
10002452,NAMET SUCUK DANA KANGAL 200 G VAK,ADT,2023-01-04,2026-07-19,460,1974.0,4.291304347826087,1.0,588.0,1293,0.3557617942768755,2,intermittent
10002456,$NAMET SUCUK DANA KLASIK 250 G,ADT,2024-03-07,2025-03-27,26,2298.0,88.38461538461539,1.0,2211.0,386,0.06735751295336788,481,possibly_inactive
10002460,DANET SUCUK FERMENTE VAK.200G,ADT,2023-02-24,2026-07-18,194,253.0,1.3041237113402062,1.0,16.0,1241,0.1563255439161966,3,intermittent
10002467,$NAMET SUCUK DANA KANGAL 300 G KUVET,ADT,2023-01-03,2024-04-19,165,2005.0,12.151515151515152,5.0,90.0,473,0.3488372093023256,823,possibly_inactive
10002468,ERSAN SUCUK FERMENTE 250 G,ADT,2023-01-06,2026-07-14,155,194.0,1.2516129032258065,1.0,5.0,1286,0.12052877138413685,7,intermittent
10002470,$TORKU SUCUK FERMENTE  225 G,ADT,2023-01-05,2024-06-12,111,138.0,1.2432432432432432,1.0,3.0,525,0.21142857142857144,769,possibly_inactive
10002486,PINAR SUCUK DANA KANGAL KLASIK 225 G,ADT,2023-01-07,2026-07-20,615,979.0,1.591869918699187,1.0,7.0,1291,0.4763749031758327,1,intermittent
10002495,BANVIT P.SUCUK DILIMLI 400 G,ADT,2024-12-06,2026-05-24,228,409.0,1.793859649122807,1.0,8.0,535,0.4261682242990654,58,intermittent
10002498,PINAR SUCUK GURME 250 G,ADT,2023-01-01,2026-07-19,431,655.0,1.519721577726218,1.0,8.0,1296,0.3325617283950617,2,intermittent
10002501,LEZITA P.SUCUK DILIMLI 400 G TOSTLUK,ADT,2023-01-04,2026-07-21,479,759.0,1.5845511482254697,1.0,8.0,1295,0.3698841698841699,0,intermittent
10002520,PINAR SUCUK MANGAL  KEYFI 300 G,ADT,2023-01-03,2026-07-21,462,718.0,1.5541125541125542,1.0,7.0,1296,0.35648148148148145,0,intermittent
10002528,$NAMET SUCUK DANA FERMENTE 225 G VAK.,ADT,2023-01-02,2023-09-20,149,2944.0,19.758389261744966,3.0,2334.0,262,0.5687022900763359,1035,possibly_inactive
10002529,MARET SUCUK DANA AFIYETLE 200 G,ADT,2023-01-12,2026-05-30,78,111.0,1.4230769230769231,1.0,4.0,1235,0.06315789473684211,52,sparse
10002536,$POLONEZ SUCUK OZEL BATON KG,KG,2025-02-21,2025-02-21,1,0.146,0.146,0.146,0.146,1,1.0,515,new_short_history
10002537,$YASIN SUCUK KANGAL KG(TEKLI KUVET),KG,2026-03-07,2026-03-13,2,0.72,0.36,0.36,0.362,7,0.2857142857142857,130,new_short_history
10002538,CUMHURIYET SUCUK DANA KANGAL FERMENTE KG,KG,2023-01-04,2026-07-21,1067,1516.206,1.4209990627928772,1.034,21.53,1295,0.8239382239382239,0,continuous
10002541,POLONEZ SUCUK DANA OSMANLI FILE KG,KG,2023-01-01,2026-07-13,278,76.26,0.27431654676258993,0.206,1.362,1290,0.21550387596899226,8,intermittent
10002546,NAMET SUCUK DANA KANGAL ISIL ISLEM KG,KG,2023-01-01,2026-07-21,918,3287.486,3.581139433551198,1.358,62.706,1298,0.7072419106317411,0,continuous
10002547,$A.IPEK SUCUK DANA BATON FERMENTE KG,KG,2023-03-11,2026-03-17,3,0.006,0.002,0.002,0.002,1103,0.0027198549410698096,126,possibly_inactive
10002548,$TORKU SUCUK DANA KANGAL ISIL ISLEM KG,KG,2023-01-02,2024-06-15,26,14.658,0.5637692307692308,0.379,1.994,531,0.04896421845574388,766,possibly_inactive
10002551,POLONEZ SUCUK DANA KANGAL ISIL ISLEM KG,KG,2024-01-26,2026-07-16,516,939.263,1.8202771317829458,1.35,13.45,903,0.5714285714285714,5,continuous
10002553,POLONEZ SUCUK DANA KASAP FERMENTE KG,KG,2023-01-01,2026-07-09,458,422.834,0.9232183406113538,0.56,8.856,1286,0.3561430793157076,12,intermittent
10002557,$ERSAN DANA SUCUK KG ERZAK (500 GLI MAP),KG,2025-06-04,2025-06-04,1,0.508,0.508,0.508,0.508,1,1.0,412,new_short_history
10002558,POLONEZ CHEF SUCUK DANA DILIMLI KG,KG,2025-02-02,2025-02-02,1,0.442,0.442,0.442,0.442,1,1.0,534,new_short_history
10002559,$CUMHURIYET SUCUK FERMENTE PARMAK KG,KG,2025-03-28,2026-01-03,4,2.412,0.603,0.496,0.964,282,0.014184397163120567,199,possibly_inactive
10002564,$A.IPEK SUCUK DANA MANGAL FERMENTE KG,KG,2024-11-01,2025-03-01,3,0.007,0.0023333333333333335,0.002,0.003,121,0.024793388429752067,507,possibly_inactive
10002568,ERSAN SUCUK DANA KANGAL ISIL ISLEM KG,KG,2023-01-01,2026-07-17,588,741.288,1.2606938775510204,0.685,11.238,1294,0.45440494590417313,4,intermittent
10002569,DANET SUCUK DANA FERMENTE KG,KG,2023-02-17,2026-07-21,573,557.742,0.9733717277486911,0.614,10.076,1251,0.4580335731414868,0,intermittent
10002572,KEMIK KUZU KG(TOPTAN),KG,2023-01-23,2026-07-06,51,8397.582,164.6584705882353,151.2,438.2,1261,0.040444091990483745,15,sparse
10002573,DANA CORBALIK KEMIK KG,KG,2023-01-01,2026-07-11,250,1673.823,6.695292,4.166,35.9,1288,0.19409937888198758,10,intermittent
10002574,KEMIK DANA KG(TOPTAN),KG,2023-04-12,2023-04-27,2,335.4,167.7,167.7,200.0,16,0.125,1181,new_short_history
10002575,KUZU CORBALIK KEMIK KG,KG,2023-01-02,2026-07-20,675,1647.812,2.441202962962963,1.956,11.496,1296,0.5208333333333334,1,continuous
10002576,KUZU GERDAN KG,KG,2023-01-01,2026-07-20,1080,2153.504,1.993985185185185,1.601,9.046,1297,0.8326908249807248,1,continuous
10002580,KUZU KEMIKLI ET KABURGA KG,KG,2023-01-01,2026-07-21,596,849.524,1.4253758389261746,1.056,21.8,1298,0.4591679506933744,0,intermittent
10002581,KUZU TANDIR  KG,KG,2023-01-20,2026-06-21,146,273.336,1.872164383561644,1.618,8.438,1249,0.11689351481184948,30,intermittent
10002589,$KUZU PIKNIK SETI LUKS KG,KG,2023-01-18,2023-01-18,1,1.138,1.138,1.138,1.138,1,1.0,1280,new_short_history
10002590,KUZU BUT BUTUN  KG,KG,2023-01-14,2026-07-04,166,623.22,3.7543373493975905,2.724,27.045,1268,0.1309148264984227,17,intermittent
10002592,KUZU BOBREK KG,KG,2023-01-02,2026-07-19,623,297.788,0.47799036918138044,0.396,2.142,1295,0.4810810810810811,2,intermittent
10002593,KUZU PIRZOLA KG,KG,2023-01-01,2026-07-21,1223,3266.965,2.671271463614064,1.948,29.254,1298,0.9422187981510015,0,continuous
10002594,KUZU KOL BUTUN KG,KG,2023-01-14,2026-07-15,230,548.925,2.3866304347826084,1.709,18.98,1279,0.17982799061767005,6,intermittent
10002595,$KURBANLIK KOC KG ADRESE TESLIM,KG,2025-05-20,2025-05-28,2,70.0,35.0,35.0,68.0,9,0.2222222222222222,419,new_short_history
10002596,KUZU KARKAS KAFES KG,KG,2025-05-23,2026-01-27,40,415.15,10.37875,7.300000000000001,36.2,250,0.16,175,possibly_inactive
10002597,KUZU INCIK KG,KG,2023-01-02,2026-07-20,872,2022.5529999999999,2.319441513761468,1.4769999999999999,31.6,1296,0.6728395061728395,1,continuous
10002598,KUZU FILETO  KG,KG,2023-01-01,2026-07-18,593,2308.712,3.893274873524452,1.148,51.8,1295,0.45791505791505793,3,intermittent
10002602,KUZU KALEM PIRZOLA KG,KG,2023-01-07,2026-07-19,368,361.374,0.9819945652173914,0.969,3.744,1290,0.28527131782945736,2,intermittent
10002608,KUZU BUTUN KG,KG,2023-11-28,2026-05-26,2,93.78800000000001,46.894000000000005,46.894000000000005,81.799,911,0.0021953896816684962,56,sparse
10002611,KUZU CIKINTI YAG KG,KG,2026-02-20,2026-02-20,1,367.2,367.2,367.2,367.2,1,1.0,151,new_short_history
10002612,KUZU BONFILE KG,KG,2023-01-23,2026-07-20,346,150.834,0.4359364161849711,0.34299999999999997,3.188,1275,0.27137254901960783,1,intermittent
10002614,$KUZU YAGLI KUSBASI KG (YEMEKLIK),KG,2023-10-06,2023-10-06,1,0.572,0.572,0.572,0.572,1,1.0,1019,new_short_history
10002617,KUZU BUT KEMIKSIZ KG,KG,2023-01-01,2026-07-21,783,1409.172,1.7997088122605365,1.446,24.664,1298,0.6032357473035439,0,continuous
10002620,KUZU KOL KEMIKSIZ KG,KG,2023-01-04,2026-07-20,636,988.597,1.5543977987421382,1.2610000000000001,7.438,1294,0.49149922720247297,1,intermittent
10002623,KUZU SIS KG,KG,2023-01-01,2026-07-21,810,730.974,0.9024370370370371,0.688,4.14,1298,0.6240369799691834,0,continuous
10002624,KUZU BEYTI KG,KG,2023-01-01,2026-07-21,906,916.172,1.0112273730684327,0.711,8.11,1298,0.6979969183359014,0,continuous
10002626,KUZU AZ YAGLI KUSBASI KG,KG,2023-01-01,2026-07-21,1223,3379.352,2.763165985282093,2.212,16.94,1298,0.9422187981510015,0,continuous
10002627,KUZU BIFTEK KULBASTI KG,KG,2023-01-01,2026-07-21,1067,1220.0720000000001,1.1434601686972823,0.944,8.092,1298,0.8220338983050848,0,continuous
10002630,KUZU KUYRUK YAGI KG,KG,2023-01-04,2026-07-19,359,331.884,0.9244679665738162,0.494,11.712,1293,0.2776488785769528,2,intermittent
10002631,KUZU COBAN KAVURMA KG,KG,2023-01-01,2026-07-21,975,1497.096,1.535483076923077,1.168,12.278,1298,0.75115562403698,0,continuous
10002634,SAKATAT KUZU CIGER KG,KG,2023-06-17,2026-07-16,93,125.12,1.3453763440860216,1.026,4.88,1126,0.08259325044404973,5,sparse
10002635,OVUN DANA ISKEMBE DOGRANMIS KG MAP,KG,2023-01-07,2025-08-31,607,900.694,1.4838451400329489,1.272,7.284,968,0.6270661157024794,324,possibly_inactive
10002636,OVUN KUZU CIGER KG DOKME,KG,2023-01-01,2025-04-24,90,81.864,0.9096000000000001,0.705,3.644,845,0.10650887573964497,453,possibly_inactive
10002638,OVUN KUZU KELLE ADT,ADT,2023-01-04,2025-02-03,43,44.0,1.0232558139534884,1.0,2.0,762,0.05643044619422572,533,possibly_inactive
10002640,OVUN KUZU YUREK KG DOKME,KG,2023-01-28,2024-04-27,18,8.984,0.4991111111111111,0.373,1.238,456,0.039473684210526314,815,possibly_inactive
10002643,OVUN ET DANA DIL  KG,KG,2023-01-28,2025-02-18,27,33.084,1.2253333333333334,0.978,4.99,753,0.035856573705179286,518,possibly_inactive
10002646,SAKATAT DANA YUREK KG,KG,2025-04-02,2026-07-19,58,68.05,1.1732758620689654,0.996,2.962,474,0.12236286919831224,2,intermittent
10002647,SAKATAT DANA ISKEMBE  KG,KG,2025-06-14,2026-06-14,45,67.016,1.4892444444444446,1.194,3.804,366,0.12295081967213115,37,intermittent
10002650,OVUN DANA YUREK KG DOKME,KG,2023-01-01,2023-04-04,29,43.936,1.5150344827586206,1.14,5.852,94,0.30851063829787234,1204,possibly_inactive
10002651,SAKATAT KUZU YUREK KG,KG,2023-07-28,2023-07-28,1,0.25,0.25,0.25,0.25,1,1.0,1089,new_short_history
10002656,$OVUN ET DANA CIGER DOGRANMIS DOKME KG,KG,2023-02-24,2023-02-24,1,0.288,0.288,0.288,0.288,1,1.0,1243,new_short_history
10002657,OVUN KUZU DALAK KG MAP,KG,2023-01-01,2026-03-12,41,18.654,0.4549756097560976,0.372,1.18,1167,0.03513281919451585,131,possibly_inactive
10002658,OVUN KUZU ISKEMBE KG MAP,KG,2023-01-08,2025-08-29,123,90.004,0.731739837398374,0.504,2.784,965,0.12746113989637306,326,possibly_inactive
10002659,$OVUN HAZIR CORBA KELLE PACA 500 G,ADT,2023-01-04,2023-05-02,29,39.0,1.3448275862068966,1.0,2.0,119,0.24369747899159663,1176,possibly_inactive
10002661,$OVUN HAZIR CORBA ISKEMBE 500 G,ADT,2023-01-04,2023-11-20,18,24.0,1.3333333333333333,1.0,2.0,321,0.056074766355140186,974,possibly_inactive
10002663,KUZU KOKOREC KG DONUK DOKME,KG,2023-01-01,2023-04-28,48,37.054,0.7719583333333334,0.576,2.494,118,0.4067796610169492,1180,possibly_inactive
10002665,OVUN DANA BOBREK KG DOKME,KG,2023-01-01,2025-02-28,68,72.514,1.0663823529411764,0.63,5.312,790,0.08607594936708861,508,possibly_inactive
10002674,SAKATAT DANA CIGER KG,KG,2024-11-02,2026-07-07,114,184.812,1.6211578947368421,1.226,7.796,613,0.1859706362153344,14,intermittent
10002679,OVUN DANA CIGER DOGRANMIS KG MAP,KG,2023-01-02,2026-05-26,630,1124.257,1.7845349206349208,1.488,12.517,1241,0.5076551168412571,56,continuous
10002683,OVUN DANA BEYIN ADT,ADT,2023-01-02,2025-02-28,178,219.0,1.2303370786516854,1.0,4.0,789,0.2256020278833967,508,possibly_inactive
10002684,OVUN KUZU AYAK 4 LU PAKET ADT,ADT,2023-01-01,2025-03-03,99,109.0,1.101010101010101,1.0,2.0,793,0.12484237074401008,505,possibly_inactive
10002714,$LEZITA PILIC ALA FLETO KG,KG,2024-11-02,2024-11-02,1,0.684,0.684,0.684,0.684,1,1.0,626,new_short_history
10002717,PILIC PIRZOLA KG,KG,2026-04-16,2026-06-25,11,269.652,24.51381818181818,24.254,54.272,71,0.15492957746478872,26,intermittent
10002719,PILIC BAGET KG,KG,2026-04-29,2026-05-02,4,138.414,34.6035,31.419,50.074,4,1.0,80,new_short_history
10002725,PILIC KALCALI BUT KG,KG,2026-03-21,2026-03-25,5,76.242,15.2484,15.864,21.158,5,1.0,118,new_short_history
10002731,PILIC BONFILE KG,KG,2026-03-04,2026-06-24,12,424.132,35.34433333333333,34.38,68.606,113,0.10619469026548672,27,intermittent
10002738,BANVIT P.ROASTER PILIC KG,KG,2024-12-21,2026-01-05,60,519.086,8.651433333333333,5.286,59.944,381,0.15748031496062992,197,possibly_inactive
10002741,BANVIT P.TAB.PIRZOLA KG,KG,2023-01-01,2026-07-21,741,2806.82,3.787881241565452,2.932,28.736,1298,0.5708782742681048,0,continuous
10002755,BANVIT P.TAB.IZGARA TAVA KG,KG,2023-01-01,2026-07-21,700,2666.274,3.808962857142857,3.3049999999999997,20.242,1298,0.539291217257319,0,continuous
10002761,BANVIT P.TAB.KANAT IZGARA KG,KG,2023-01-01,2026-07-21,631,2435.97,3.860491283676703,2.994,28.626,1298,0.4861325115562404,0,intermittent
10002770,LEZITA PILIC KOK KANAT KG,KG,2023-11-11,2025-05-03,19,60.519999999999996,3.185263157894737,1.976,18.086,540,0.03518518518518519,444,possibly_inactive
10002773,BANVIT P.TAB.BONFILE KG,KG,2023-01-05,2026-07-21,699,3693.051,5.283334763948497,4.58,40.136,1294,0.5401854714064915,0,continuous
10002777,LEZITA PILIC YAPRAK KANAT KG,KG,2023-05-29,2026-07-21,762,4339.582,5.694989501312336,5.393000000000001,44.916,1150,0.662608695652174,0,continuous
10002779,$ORVITAL ORGANIK PILIC TABAKLI KG TAZE,KG,2024-09-03,2024-09-03,1,1.628,1.628,1.628,1.628,1,1.0,686,new_short_history
10002786,LEZITA PILIC POSET BUTUN KG,KG,2023-01-02,2025-08-11,220,1050.386,4.774481818181818,4.026,27.04,953,0.23084994753410285,344,possibly_inactive
10002788,BANVIT P.TAB. GOGUS KG,KG,2025-01-10,2025-01-10,1,1.334,1.334,1.334,1.334,1,1.0,557,new_short_history
10002789,LEZITA PILIC CIGER KG,KG,2023-01-01,2026-06-17,145,414.084,2.855751724137931,2.594,8.516,1264,0.11471518987341772,34,intermittent
10002791,$LEZITA ROASTER POSET PILIC KG,KG,2023-01-01,2023-12-30,10,151.216,15.1216,4.765000000000001,57.846,364,0.027472527472527472,934,possibly_inactive
10002793,$LEZITA PILIC PIRZOLA KG SOSLU,KG,2023-06-20,2023-11-19,35,102.17,2.919142857142857,2.248,11.656,153,0.22875816993464052,975,possibly_inactive
10002804,$LEZITA PILIC KOK KANAT SOSLU KG UST KNT,KG,2023-06-19,2023-08-10,16,36.196,2.26225,2.046,6.06,53,0.3018867924528302,1076,possibly_inactive
10002814,BANVIT P.POSET PILIC KG,KG,2023-01-04,2026-07-18,484,2424.334,5.008954545454545,3.871,24.222,1292,0.3746130030959752,3,intermittent
10002815,LEZITA PILIC FILETO KG,KG,2023-01-01,2026-07-21,1151,7107.352,6.174936576889661,5.618,67.426,1298,0.886748844375963,0,continuous
10002817,LEZITA PILIC TASLIK KG,KG,2023-11-13,2023-11-26,4,8.396,2.099,2.114,2.98,14,0.2857142857142857,968,new_short_history
10002822,LEZITA PILIC KALCALI BUT KG,KG,2023-01-01,2026-07-21,1077,4739.738,4.400870937790158,3.688,23.492,1298,0.8297380585516179,0,continuous
10002828,$BANVIT PILIC BUT SARMA DERILI KG 177,KG,2024-01-04,2024-01-04,1,0.108,0.108,0.108,0.108,1,1.0,929,new_short_history
10002835,LEZITA PILIC KELEBEK KG,KG,2023-02-02,2026-07-21,251,800.738,3.190191235059761,2.12,19.156,1266,0.19826224328593997,0,intermittent
10002836,LEZITA PILIC BABY TAVA BONFILE KG,KG,2023-01-01,2026-07-17,1058,4744.876,4.484759924385633,3.848,20.65,1294,0.8176197836166924,4,continuous
10002841,BANVIT P.TAB.KALCALI BUT KG,KG,2023-01-06,2026-07-21,535,1590.144,2.9722317757009344,2.388,15.578,1293,0.4137664346481052,0,intermittent
10002843,LEZITA PILIC IZGARA TAVA KG,KG,2023-01-01,2026-07-21,1162,6432.406,5.53563339070568,4.899,34.674,1298,0.8952234206471494,0,continuous
10002844,$ORVITAL ORGANIK PILIC KG DONUK,KG,2023-01-01,2024-09-25,248,638.658,2.575233870967742,2.01,10.86,634,0.3911671924290221,664,possibly_inactive
10002850,BANVIT P.TAB.CIGER KG,KG,2023-01-01,2026-07-03,447,1319.33,2.9515212527964203,2.674,13.702,1280,0.34921875,18,intermittent
10002855,BANVIT P.TAB.PIRZOLA KG SOSLU,KG,2025-08-31,2025-09-08,7,15.994,2.2848571428571427,1.054,5.852,9,0.7777777777777778,316,new_short_history
10002856,LEZITA PILIC BAGET KG,KG,2023-01-01,2026-07-21,1154,6681.942,5.790244367417678,4.5969999999999995,55.664,1298,0.889060092449923,0,continuous
10002862,BANVIT P.TAB.BABY TAVA BONFILE KG,KG,2023-06-26,2026-07-20,294,1084.596,3.6891020408163264,2.92,15.29,1121,0.2622658340767172,1,intermittent
10002867,$KESKIN.P.TAB.KALCALI BUT KG,KG,2023-08-27,2023-08-27,1,0.506,0.506,0.506,0.506,1,1.0,1059,new_short_history
10002873,LEZITA PILIC PIRZOLA KG,KG,2023-01-01,2026-07-21,1169,7153.966,6.119731394354149,5.272,100.918,1298,0.9006163328197226,0,continuous
10002874,LEZITA PILIC IZGARA KANAT KG,KG,2023-01-01,2026-07-21,1124,6835.422,6.081336298932384,4.893000000000001,49.291,1298,0.8659476117103235,0,continuous
10002879,$MUDURNU GURME FIRINLIK PILIC KG,KG,2023-12-31,2023-12-31,1,0.204,0.204,0.204,0.204,1,1.0,933,new_short_history
10002884,$BANVIT PILIC LOKUM SIS KG 195,KG,2025-07-10,2025-07-10,1,0.958,0.958,0.958,0.958,1,1.0,376,new_short_history
10002886,BANVIT P.TAB.BAGET KG,KG,2023-01-01,2026-07-21,719,3514.362,4.8878470097357445,3.56,57.62,1298,0.5539291217257319,0,continuous
10002890,BANVIT P.TAB.IZGARA KANAT KG SOSLU,KG,2025-03-28,2025-09-11,22,76.616,3.4825454545454546,2.317,10.706,168,0.13095238095238096,313,possibly_inactive
10002893,BANVIT P.TAB.TASLIK KG,KG,2023-01-02,2026-07-01,412,813.883,1.9754441747572817,1.661,7.736,1277,0.3226311667971809,20,intermittent
10002906,LEZITA PIL.SCHNITZEL 270 G PAKET,ADT,2023-01-01,2026-07-20,176,239.0,1.3579545454545454,1.0,8.0,1297,0.13569776407093292,1,intermittent
10002914,BANVIT P.DONER 200 G,ADT,2023-03-17,2026-07-21,875,3248.0,3.712,3.0,17.0,1223,0.7154538021259199,0,continuous
10002930,HAZIR YEMEK CEVIRME PILIC ADET (SADE),ADT,2023-01-07,2023-06-25,27,71.0,2.6296296296296298,2.0,13.0,170,0.1588235294117647,1122,possibly_inactive
10002936,HAZIR YEMEK CEVIRME PILIC1/2 ADET (SADE),ADT,2023-03-12,2023-06-24,3,7.0,2.3333333333333335,2.0,3.0,105,0.02857142857142857,1123,possibly_inactive
10002937,$LEZITA PIL.CORDON BLUE 300 G,ADT,2023-01-01,2025-12-14,524,959.0,1.8301526717557253,1.0,13.0,1079,0.4856348470806302,219,possibly_inactive
10002958,LEZITA PIL.NUGGET 300 G PAKET,ADT,2023-01-01,2026-07-17,480,821.0,1.7104166666666667,1.0,11.0,1294,0.37094281298299847,4,intermittent
10002970,BANVIT P.BURGER 300 G,ADT,2023-03-18,2026-07-21,619,1967.0,3.1777059773828755,2.0,17.0,1222,0.5065466448445172,0,continuous
10002975,$LEZITA PIL.BURGER 360 G,ADT,2023-01-01,2026-01-19,268,422.0,1.5746268656716418,1.0,7.0,1115,0.24035874439461882,183,possibly_inactive
10002979,$LEZITA PIL.DONER PILIC YAPRAK 500 G,ADT,2023-01-02,2023-09-17,91,194.0,2.131868131868132,2.0,8.0,259,0.35135135135135137,1038,possibly_inactive
10637675,MARET PASTIRMA CEMENSIZ 100 G,ADT,2023-06-21,2026-04-04,101,127.0,1.2574257425742574,1.0,4.0,1019,0.09911678115799803,108,possibly_inactive
10659768,$ERSAN PASTIRMA DILIMLI KONTRAFILE KG,KG,2024-06-25,2024-06-25,1,0.502,0.502,0.502,0.502,1,1.0,756,new_short_history
10679002,PINAR SUCUK DOYUM 225 G HINDI,ADT,2023-01-02,2026-07-04,254,322.0,1.2677165354330708,1.0,4.0,1280,0.1984375,17,intermittent
10694980,LEZITA FARMELIA POSET PILIC KG,KG,2023-01-01,2026-07-21,946,4783.84,5.056913319238901,3.8179999999999996,44.526,1298,0.7288135593220338,0,continuous
10697674,NAMET SALAM DANA SADE 150 G,ADT,2023-02-17,2023-06-11,6,6.0,1.0,1.0,1.0,115,0.05217391304347826,1136,possibly_inactive
10708204,$TORKU SUCUK DANA KANGAL 180 G,ADT,2023-01-01,2024-08-02,102,132.0,1.2941176470588236,1.0,4.0,580,0.17586206896551723,718,possibly_inactive
10728085,YILBASI HINDISI KG,KG,2023-01-01,2026-01-06,10,430.404,43.0404,35.971000000000004,113.899,1102,0.009074410163339383,196,possibly_inactive
10843418,$KESK.PIL. KALCALI BUT (DONUK) KG.,KG,2023-10-21,2023-10-21,1,0.204,0.204,0.204,0.204,1,1.0,1004,new_short_history
10850119,$PINAR JAMBON DANA 50 G,ADT,2023-06-30,2024-08-11,86,139.0,1.6162790697674418,1.0,5.0,409,0.21026894865525672,709,possibly_inactive
10851455,A.IPEK PASTIRMA SECME KG,KG,2023-01-09,2024-01-10,15,3.44,0.22933333333333333,0.194,0.578,367,0.04087193460490463,923,possibly_inactive
10860137,EGE CIG.DANA CIGER KUSBASI 500 G MAP,ADT,2025-03-07,2026-07-20,389,1227.0,3.154241645244216,3.0,14.0,501,0.7764471057884231,1,continuous
10860138,EGE CIG.DANA BOBREK KUSBASI 500 G MAP,ADT,2025-03-09,2026-07-19,123,164.0,1.3333333333333333,1.0,3.0,498,0.2469879518072289,2,intermittent
10860139,EGE CIG.DANA YUREK KUSBASI 500 G MAP,ADT,2025-03-08,2026-07-06,113,158.0,1.3982300884955752,1.0,4.0,486,0.23251028806584362,15,intermittent
10860202,EGE CIG.DANA KUYRUK 500G,ADT,2025-03-08,2026-07-08,52,77.0,1.4807692307692308,1.0,3.0,488,0.10655737704918032,13,intermittent
10860204,EGE CIG.KUZU ISKEMBE 500 G MAP,ADT,2025-03-08,2026-06-04,58,75.0,1.293103448275862,1.0,4.0,454,0.1277533039647577,47,intermittent
10860205,EGE CIG.KUZU AYAK 4 LU MAP,ADT,2025-03-08,2026-07-13,94,123.0,1.3085106382978724,1.0,3.0,493,0.19066937119675456,8,intermittent
10860208,EGE CIG.KUZU KELLE ADT MAP,ADT,2025-03-08,2026-07-08,43,51.0,1.186046511627907,1.0,3.0,488,0.08811475409836066,13,sparse
10860209,EGE CIG.DANA PISMIS DIL 200 G MAP,ADT,2025-03-09,2026-06-24,29,33.0,1.1379310344827587,1.0,2.0,473,0.0613107822410148,27,sparse
10860211,EGE CIG.DANA DIL SOGUS 150 G MAP,ADT,2025-03-16,2026-06-14,20,22.0,1.1,1.0,2.0,456,0.043859649122807015,37,sparse
10860212,EGE CIG.KUZU KELLE SOGUS 150G,ADT,2025-03-09,2026-07-17,40,47.0,1.175,1.0,4.0,496,0.08064516129032258,4,sparse
10878444,$MARET SOSIS DANA AFIYETLE 200 G,ADT,2023-01-02,2023-01-14,5,8.0,1.6,2.0,2.0,13,0.38461538461538464,1284,new_short_history
10881315,NAMET 7/24 SOSIS HINDI 140 G,ADT,2023-01-07,2026-07-20,358,566.0,1.5810055865921788,1.0,7.0,1291,0.2773044151820294,1,intermittent
10884862,PINAR SALAM DOYUM (HINDI) 700 G,ADT,2023-01-01,2026-07-17,728,1418.0,1.9478021978021978,1.0,16.0,1294,0.5625965996908809,4,continuous
10907753,$LEZITA GEZEN TAVUK KUTULU DONUK KG,KG,2023-01-02,2023-12-16,120,288.856,2.4071333333333333,1.74,7.014,349,0.3438395415472779,948,possibly_inactive
10963655,NAMET DANA DONER 200 G,ADT,2023-10-11,2026-06-27,391,3808.0,9.73913043478261,5.0,142.0,991,0.39455095862764883,24,intermittent
10999900,BANVIT P.NUGGET 300 G,ADT,2023-03-18,2026-07-19,640,1224.0,1.9125,1.0,15.0,1220,0.5245901639344263,2,continuous
10999901,BANVIT P.SCHNITZEL 300 G,ADT,2023-03-18,2026-07-17,480,725.0,1.5104166666666667,1.0,6.0,1218,0.39408866995073893,4,intermittent
11000288,BANVIT P.ACILI KEBAP 400 G,ADT,2023-03-18,2026-07-10,322,492.0,1.5279503105590062,1.0,7.0,1211,0.2658959537572254,11,intermittent
11009864,LEZITA P.SUCUK BATON 450 G TOSTLUK,ADT,2023-01-01,2024-01-21,109,138.0,1.2660550458715596,1.0,3.0,386,0.2823834196891192,912,possibly_inactive
11020546,ERPILIC PILIC KALCALI BUT KG,KG,2025-05-09,2025-05-11,2,0.404,0.202,0.202,0.206,3,0.6666666666666666,436,new_short_history
11020893,ERPILIC PILIC IZGARA KANAT KG,KG,2026-02-01,2026-02-01,1,0.308,0.308,0.308,0.308,1,1.0,170,new_short_history
11020894,ERPILIC PILIC CIGER KG,KG,2024-09-28,2024-09-28,1,0.166,0.166,0.166,0.166,1,1.0,661,new_short_history
11020897,ERPILIC P.TAB.PIRZOLA KG SOSLU,KG,2023-04-07,2023-04-07,1,0.152,0.152,0.152,0.152,1,1.0,1201,new_short_history
11053574,EGE CIG.DANA PISMIS ISKEMBE 200 G MAP,ADT,2025-03-09,2026-07-13,89,135.0,1.5168539325842696,1.0,6.0,492,0.18089430894308944,8,intermittent
11105022,$BANVIT P.SUCUK DILIMLI 500 G,ADT,2023-03-17,2024-04-08,172,244.0,1.4186046511627908,1.0,5.0,389,0.442159383033419,834,possibly_inactive
11105024,$BANVİT P.SALAM DILIMLI 500 G,ADT,2023-04-22,2023-08-03,40,51.0,1.275,1.0,3.0,104,0.38461538461538464,1083,possibly_inactive
11106646,MARET KAVURMA 100 G,ADT,2023-06-03,2026-07-21,121,317.0,2.6198347107438016,2.0,16.0,1145,0.1056768558951965,0,intermittent
11106648,$MARET SUCUK DANA KANGAL 300 G,ADT,2023-06-05,2025-02-17,43,52.0,1.2093023255813953,1.0,3.0,624,0.06891025641025642,519,possibly_inactive
11135043,BANVIT P.SCHNITZEL 700 G AV.PKT,ADT,2023-03-18,2026-07-21,912,2058.0,2.2565789473684212,2.0,10.0,1222,0.7463175122749591,0,continuous
11135044,BANVIT P.NUGGET 700 G AV.PKT,ADT,2023-03-17,2026-07-19,875,2183.0,2.4948571428571427,2.0,9.0,1221,0.7166257166257166,2,continuous
11143467,$TORKU SUCUK KASAP 350 G,ADT,2023-08-02,2024-03-15,45,73.0,1.6222222222222222,1.0,5.0,227,0.19823788546255505,858,possibly_inactive
11152658,$POLONEZ SOSIS HINDI 300 G,ADT,2023-01-06,2023-12-30,63,85.0,1.3492063492063493,1.0,3.0,359,0.17548746518105848,934,possibly_inactive
11156373,$KOFTE HAMBURGER KG,KG,2023-01-02,2026-07-19,189,210.922,1.1159894179894179,1.054,10.1,1295,0.14594594594594595,2,intermittent
11188014,$HASTAVUK PILIC KELEBEK SOSLU KG,KG,2025-04-26,2026-01-30,2,0.73,0.365,0.365,0.518,280,0.007142857142857143,172,possibly_inactive
11215482,ERSAN DONER DANA 200 G,ADT,2023-01-01,2026-07-20,852,3422.0,4.016431924882629,3.0,28.0,1297,0.6569005397070162,1,continuous
11225999,$OVUN DANA YUREK 400 G MAP DNK,ADT,2023-03-10,2023-03-10,1,1.0,1.0,1.0,1.0,1,1.0,1229,new_short_history
11228109,$OVUN KUZU AYAK 4 LU PAKET ADET DNK,ADT,2023-03-20,2023-03-23,2,2.0,1.0,1.0,1.0,4,0.5,1216,new_short_history
11228115,$OVUN KUZU YUREK 300 G MAP DNK,ADT,2023-03-17,2023-03-19,2,2.0,1.0,1.0,1.0,3,0.6666666666666666,1220,new_short_history
11228133,OVUN DANA CIGER 300 G MAP DNK,ADT,2023-03-10,2023-03-10,1,1.0,1.0,1.0,1.0,1,1.0,1229,new_short_history
11228134,$OVUN DANA BOBREK 400 G MAP DNK,ADT,2023-03-16,2024-11-16,2,2.0,1.0,1.0,1.0,612,0.0032679738562091504,612,possibly_inactive
11228135,$OVUN KELLE PACA PISMIS 300 G MAP DNK,ADT,2023-03-10,2023-03-21,3,3.0,1.0,1.0,1.0,12,0.25,1218,new_short_history
11228137,$OVUN ET KUZU CIGER 200G DONUK,ADT,2023-03-16,2023-03-16,1,1.0,1.0,1.0,1.0,1,1.0,1223,new_short_history
11232411,CUMHURIYET SUCUK FERMENTE 300 G,ADT,2023-01-01,2026-07-21,698,1175.0,1.683381088825215,1.0,7.0,1298,0.5377503852080123,0,continuous
11236840,DANA KABURGA OZEL DILIM KEMIKLI KG,KG,2023-02-07,2026-07-01,96,104.738,1.0910208333333333,0.896,8.8,1241,0.07735697018533441,20,sparse
11264496,$POLONEZ SOSIS HINDI IZGARA 500 G,ADT,2023-01-01,2024-12-17,114,146.0,1.280701754385965,1.0,6.0,717,0.1589958158995816,581,possibly_inactive
11342744,PINAR SALAM HINDI 60 G,ADT,2023-01-02,2026-07-18,1057,5082.0,4.80794701986755,4.0,27.0,1294,0.8168469860896446,3,continuous
11345630,$PINAR SALAM DANA 60 G BUYUK DILIM,ADT,2023-01-01,2024-10-09,446,1189.0,2.6659192825112106,2.0,12.0,648,0.6882716049382716,650,possibly_inactive
11345633,BOLEZ P.TAB.BAGET KG,KG,2023-01-01,2026-07-14,829,2020.12,2.4368154402895055,1.894,19.994,1291,0.6421378776142526,7,continuous
11345634,BOLEZ P.TAB.PIRZOLA KG,KG,2023-01-02,2026-07-19,847,2157.029,2.546669421487603,1.84,30.511,1295,0.654054054054054,2,continuous
11345635,BOLEZ P.TAB.KALCALI BUT KG,KG,2023-01-02,2026-07-21,629,1334.312,2.1213227344992047,1.63,10.352,1297,0.48496530454895914,0,intermittent
11345636,BOLEZ P.TAB.FILETO KG,KG,2023-01-01,2026-07-19,744,2649.049,3.5605497311827956,2.933,24.58,1296,0.5740740740740741,2,continuous
11345637,BOLEZ P.TAB.BOLUNMUS KANAT KG,KG,2023-01-01,2026-07-19,701,2547.118,3.633549215406562,2.834,32.754,1296,0.5408950617283951,2,continuous
11345638,BOLEZ P.TAB.IZGARA TAVA KG,KG,2023-01-01,2026-07-19,764,2251.384,2.9468376963350784,2.462,18.732,1296,0.5895061728395061,2,continuous
11345972,BOLEZ P.KOYLUM POSET BUTUN KG,KG,2023-01-02,2026-07-21,883,5921.957,6.706633069082673,5.528,27.478,1297,0.6808018504240555,0,continuous
11375427,A.IPEK SUCUK DANA FERMENTE 280 G,ADT,2026-05-24,2026-07-19,32,45.0,1.40625,1.0,4.0,57,0.5614035087719298,2,continuous
11376654,BANVIT P.SOSIS JUMBO 330 G,ADT,2023-03-18,2026-07-20,883,2416.0,2.736126840317101,2.0,18.0,1221,0.7231777231777232,1,continuous
11387730,$PINAR SOSIS HINDI AC BITIR 130 G,ADT,2023-01-02,2024-07-14,315,785.0,2.492063492063492,2.0,9.0,560,0.5625,737,possibly_inactive
11393509,$POLONEZ SOSIS DANA BARBEKU 500 G,ADT,2023-01-01,2024-10-13,89,106.0,1.1910112359550562,1.0,3.0,652,0.13650306748466257,646,possibly_inactive
11393510,$POLONEZ PASTIRMA DILIMLI CEMENSIZ KG,KG,2023-01-01,2024-08-06,107,112.294,1.0494766355140186,0.9,3.448,584,0.1832191780821918,714,possibly_inactive
11402330,POLONEZ FUME KABURGA ETI 200 G PKT,ADT,2023-01-06,2026-07-04,206,279.0,1.354368932038835,1.0,13.0,1276,0.1614420062695925,17,intermittent
11406716,$YAYLATURK JAMBON HINDI KG,KG,2024-02-01,2024-02-01,1,0.208,0.208,0.208,0.208,1,1.0,901,new_short_history
11414298,DANA DRY AGED T-BONE STEAK KG,KG,2023-01-19,2026-07-15,161,117.932,0.7324968944099379,0.56,2.932,1274,0.12637362637362637,6,intermittent
11414299,DANA DRY AGED DALLAS STEAK KG,KG,2023-01-09,2026-07-15,329,308.047,0.9363130699088147,0.672,9.638,1284,0.2562305295950156,6,intermittent
11414301,DANA DRY AGED NEWYORK STEAK KG,KG,2023-01-07,2026-06-13,66,39.414,0.5971818181818183,0.482,1.594,1254,0.05263157894736842,38,sparse
11414303,DANA DRY AGED PIRZOLA KG,KG,2023-01-06,2026-06-21,14,14.586,1.0418571428571428,0.981,1.68,1263,0.011084718923198733,30,sparse
11507973,$POLONEZ SUCUK DANA 200 G,ADT,2023-01-02,2024-10-22,193,504.0,2.61139896373057,1.0,24.0,660,0.2924242424242424,637,possibly_inactive
11507974,$POLONEZ SUCUK DANA 200 G ACILI,ADT,2023-01-05,2023-05-25,11,11.0,1.0,1.0,1.0,141,0.07801418439716312,1153,possibly_inactive
11525698,MARET SUCUK BONCUK FERMENTE 220 G,ADT,2023-01-19,2026-07-21,146,180.0,1.2328767123287672,1.0,3.0,1280,0.1140625,0,intermittent
11552083,DANA CIKINTI YAG KG,KG,2024-04-17,2026-02-20,2,1742.2,871.1,871.1,1673.2,675,0.002962962962962963,151,possibly_inactive
11559593,LEZITA PIL.SCHNITZEL 700 G,ADT,2023-01-01,2026-07-21,762,1446.0,1.8976377952755905,1.0,8.0,1298,0.5870570107858244,0,continuous
11564968,$LEZITA PILIC IZGARA KANAT SOSLU KG,KG,2023-06-19,2023-11-22,43,109.328,2.542511627906977,1.886,6.5,157,0.27388535031847133,972,possibly_inactive
11564995,$LEZITA PILIC IZGARA TAVA SOSLU KG,KG,2023-06-20,2023-11-18,25,65.196,2.60784,2.212,7.518,152,0.16447368421052633,976,possibly_inactive
11572557,$TORKU SALAM DANA MACAR 250 G,ADT,2023-01-05,2023-03-03,20,26.0,1.3,1.0,4.0,58,0.3448275862068966,1236,possibly_inactive
11574384,$ERSAN KAVURMA 150 G,ADT,2023-01-21,2023-12-07,23,34.0,1.4782608695652173,1.0,3.0,321,0.07165109034267912,957,possibly_inactive
11583115,LEZITA PIL.NUGGET 700 G,ADT,2023-01-01,2026-07-21,834,1805.0,2.1642685851318944,2.0,10.0,1298,0.6425269645608629,0,continuous
11607507,A.IPEK SUCUK KANGAL 350 G FERMENTE,ADT,2026-01-31,2026-07-06,25,32.0,1.28,1.0,3.0,157,0.1592356687898089,15,intermittent
11614809,$ERSAN FUME ET BLOK KG,KG,2023-01-02,2024-12-09,20,7.734,0.3867,0.195,2.088,708,0.02824858757062147,589,possibly_inactive
11615689,$POLONEZ FIT YASAM DANA FUME ET 100 G,ADT,2023-01-07,2023-09-12,76,137.0,1.8026315789473684,2.0,7.0,249,0.30522088353413657,1043,possibly_inactive
11644334,KOFTE IZGARA INEGOL KG,KG,2023-01-01,2026-07-21,1295,21235.168,16.39781312741313,12.618,167.616,1298,0.99768875192604,0,continuous
11663714,LEZITA PIL.IZG.FILETO AC YE 120 G,ADT,2023-01-03,2026-07-15,589,1515.0,2.572156196943973,2.0,15.0,1290,0.4565891472868217,6,intermittent
11722993,$TORKU SALAM DANA FISTIKLI 50 G,ADT,2023-01-08,2023-03-18,27,58.0,2.1481481481481484,1.0,8.0,70,0.38571428571428573,1221,possibly_inactive
11730107,BOLEZ P.TAB.KOK KANAT KG,KG,2024-11-24,2025-03-07,2,0.6940000000000001,0.34700000000000003,0.34700000000000003,0.558,104,0.019230769230769232,501,possibly_inactive
11738746,PINAR SOSIS HINDI UZUN 430 G,ADT,2023-01-01,2026-07-21,901,1920.0,2.130965593784684,2.0,10.0,1298,0.6941448382126348,0,continuous
11751004,BOLEZ P.POSET PILIC KG,KG,2023-01-03,2026-07-21,716,3079.629,4.30115782122905,3.6879999999999997,33.408,1296,0.5524691358024691,0,continuous
11762180,$PINARET H.BOYUN KG TAZE,KG,2023-01-01,2023-01-12,8,9.902,1.23775,1.1139999999999999,3.066,12,0.6666666666666666,1286,new_short_history
11762181,$PINARET H.GERDAN KG,KG,2023-04-13,2023-04-30,9,17.716,1.9684444444444447,1.662,4.066,18,0.5,1178,new_short_history
11771852,$PINARET H.FILETO KG,KG,2023-01-01,2023-05-02,26,32.688,1.2572307692307694,1.119,3.48,122,0.21311475409836064,1176,possibly_inactive
11771854,$PINARET H.KEMIKSIZ UST BUT KG,KG,2023-01-06,2023-04-30,20,24.914,1.2457,0.975,3.632,115,0.17391304347826086,1178,possibly_inactive
11771855,$PINARET HINDI YUREK KG,KG,2023-01-03,2023-04-26,18,27.08,1.5044444444444443,1.214,4.648,114,0.15789473684210525,1182,possibly_inactive
11771857,$PINARET H.BUT KUSBASI KG,KG,2023-01-01,2023-04-28,17,23.458,1.3798823529411763,0.666,5.24,118,0.1440677966101695,1180,possibly_inactive
11771858,$PINARET H.CIGER KG,KG,2023-04-20,2023-04-30,5,2.74,0.548,0.546,0.654,11,0.45454545454545453,1178,new_short_history
11771860,$PINARET H.BUTUN POSETLI KG,KG,2024-09-22,2025-05-11,2,0.836,0.418,0.418,0.626,232,0.008620689655172414,436,possibly_inactive
11771905,HINDI BUTUN KG (PARCA BARKOD),KG,2023-12-31,2025-12-31,9,740.327,82.25855555555556,23.102,197.965,732,0.012295081967213115,202,possibly_inactive
11779883,DANA SINIR KG,KG,2023-03-26,2023-03-26,1,0.092,0.092,0.092,0.092,1,1.0,1213,new_short_history
11797633,NAMET FUME PILIC 150 G PKT,ADT,2023-01-02,2026-07-18,320,541.0,1.690625,1.0,5.0,1294,0.2472952086553323,3,intermittent
11860883,CUMHURIYET SUCUK VAKUMLU FERMENTE 220 G,ADT,2023-09-09,2026-07-15,380,559.0,1.4710526315789474,1.0,7.0,1041,0.36503362151777136,6,intermittent
11860889,SAKATAT DANA BOBREK KG,KG,2024-06-17,2026-07-18,50,57.41,1.1481999999999999,0.8220000000000001,5.846,762,0.06561679790026247,3,sparse
11860890,SAKATAT KUZU DALAK KG,KG,2023-06-17,2023-06-18,2,0.99,0.495,0.495,0.73,2,1.0,1129,new_short_history
11891307,BANVIT P.SUCUK BATON 450 G,ADT,2023-03-19,2026-04-12,368,577.0,1.5679347826086956,1.0,11.0,1121,0.328278322925959,100,possibly_inactive
11895742,NAMET SUCUK DANA KANGAL FERMENTE KG,KG,2023-01-02,2026-03-05,511,1079.454,2.1124344422700587,0.768,50.442,1159,0.44089732528041414,138,possibly_inactive
11896072,$POLONEZ PASTIRMA CEMENSIZ ELIT 110 G,ADT,2023-01-17,2023-04-16,29,37.0,1.2758620689655173,1.0,4.0,90,0.32222222222222224,1192,possibly_inactive
11900652,LEZITA PIL.KEBAP ACILI 400 G,ADT,2023-01-04,2026-07-10,136,198.0,1.4558823529411764,1.0,5.0,1284,0.1059190031152648,11,intermittent
11900654,LEZITA PIL.DONER 200 G,ADT,2023-01-01,2026-07-20,874,2768.0,3.1670480549199085,3.0,18.0,1297,0.6738627602158828,1,continuous
11901143,OVUN DANA BOBREK 300 G MAP,ADT,2023-04-01,2025-03-07,170,300.0,1.7647058823529411,1.5,5.0,707,0.24045261669024046,501,possibly_inactive
11901145,OVUN KUZU CIGER 250 G MAP,ADT,2023-04-11,2026-03-17,302,691.0,2.2880794701986753,2.0,11.0,1072,0.28171641791044777,126,possibly_inactive
11901146,OVUN KUZU YUREK 250 G MAP,ADT,2023-04-05,2024-04-20,44,60.0,1.3636363636363635,1.0,4.0,382,0.11518324607329843,822,possibly_inactive
11901152,OVUN ET DANA ISKEMBE PIS. 200 G MAP,ADT,2023-01-01,2025-02-20,62,82.0,1.3225806451612903,1.0,3.0,782,0.0792838874680307,516,possibly_inactive
11901154,OVUN KELLE PACA PISMIS 200 G MAP,ADT,2023-01-01,2025-03-09,335,591.0,1.7641791044776118,1.0,7.0,799,0.4192740926157697,499,possibly_inactive
11918532,POLONEZ SUCUK DANA FERMENTE KG,KG,2023-01-01,2026-07-21,1281,4270.556,3.333767369242779,2.494,52.158,1298,0.9869029275808937,0,continuous
11960352,$ERSAN PASTIRMA DILIMLI SECME KG,KG,2023-01-18,2024-01-04,7,1.384,0.1977142857142857,0.22,0.35,352,0.019886363636363636,929,possibly_inactive
11998836,$ERSAN SUCUK EVLIK FERMENTE 400 G,ADT,2023-01-01,2025-06-13,184,919.0,4.994565217391305,2.0,28.0,895,0.20558659217877095,403,possibly_inactive
11998839,ERSAN PASTIRMA CEMENSIZ 130 G,ADT,2023-01-13,2024-06-15,12,14.0,1.1666666666666667,1.0,2.0,520,0.023076923076923078,766,possibly_inactive
12003423,ERSAN SALAM MACAR MINI 250 G,ADT,2023-01-13,2026-07-21,255,313.0,1.227450980392157,1.0,13.0,1286,0.19828926905132194,0,intermittent
12003427,$ERSAN KAVURMA KONSERVE 160 G,ADT,2023-01-11,2024-08-25,26,48.0,1.8461538461538463,1.0,5.0,593,0.04384485666104553,695,possibly_inactive
12032295,SAKATAT KUZU AYAK ADET,ADT,2024-01-13,2024-09-21,3,3.0,1.0,1.0,1.0,253,0.011857707509881422,668,possibly_inactive
12036036,SAKATAT KUZU KELLE ADET,ADT,2023-02-20,2025-02-07,3,3.0,1.0,1.0,1.0,719,0.004172461752433936,529,possibly_inactive
12037085,NAMET 7/24 JAMBON PILIC 50 G,ADT,2023-01-14,2026-05-03,242,398.0,1.6446280991735538,1.0,10.0,1206,0.20066334991708126,79,intermittent
12037086,MARET PRATIK SALAM DANA 50 G,ADT,2023-01-04,2026-07-21,305,656.0,2.1508196721311474,2.0,19.0,1295,0.23552123552123552,0,intermittent
12037088,$POLONEZ MINI SUCUK K.BIBERLI 50 G,ADT,2023-01-01,2023-01-21,12,17.0,1.4166666666666667,1.0,4.0,21,0.5714285714285714,1277,new_short_history
12047706,DANET SUCUK FERMENTE KANGAL 300 G,ADT,2023-02-18,2026-02-01,166,300.0,1.8072289156626506,1.0,11.0,1080,0.1537037037037037,170,possibly_inactive
12076686,$SIL ERSAN DONER PILIC 300 G PKT,ADT,2023-01-20,2023-01-20,1,1.0,1.0,1.0,1.0,1,1.0,1278,new_short_history
12084983,OVUN DANA AYAK ADT DNK,ADT,2024-03-12,2024-03-12,1,3.0,3.0,3.0,3.0,1,1.0,861,new_short_history
12087660,SAKATAT DANA DAMAR  ISKEMBE PISMIS KG,KG,2025-12-14,2025-12-15,2,0.998,0.499,0.499,0.512,2,1.0,218,new_short_history
12185593,$POLONEZ SOSIS DANA UZUN 360 G,ADT,2023-01-05,2023-04-02,26,33.0,1.2692307692307692,1.0,3.0,88,0.29545454545454547,1206,possibly_inactive
12185595,POLONEZ FUME HINDI GOGUS KG,KG,2023-01-01,2026-07-18,421,142.356,0.3381377672209026,0.27,1.246,1295,0.3250965250965251,3,intermittent
12185596,POLONEZ FUME PILIC GOGUS KG,KG,2023-01-02,2026-07-18,225,78.738,0.3499466666666667,0.31,1.566,1294,0.17387944358578053,3,intermittent
12198775,$A.IPEK KAVURMA 100 G (HAZIR DILIM),ADT,2025-12-27,2026-04-05,58,280.0,4.827586206896552,2.0,35.0,100,0.58,107,possibly_inactive
12219442,A.IPEK SUCUK DANA TEKLI FERMENTE KG,KG,2023-01-02,2026-05-09,136,77.448,0.5694705882352941,0.475,2.356,1224,0.1111111111111111,73,intermittent
12219445,$A.IPEK SUCUK DANA BURGER 210 G,ADT,2023-01-11,2024-01-11,11,11.0,1.0,1.0,1.0,366,0.030054644808743168,922,possibly_inactive
12224300,$ERSAN SALAM HINDI 100 G (HAZIR DILIM),ADT,2023-11-04,2024-01-13,6,8.0,1.3333333333333333,1.0,2.0,71,0.08450704225352113,920,possibly_inactive
12224815,$ERSAN SALAM HINDI ETLI  KG,KG,2023-01-07,2023-05-01,2,0.794,0.397,0.397,0.456,115,0.017391304347826087,1177,possibly_inactive
12225394,$POLONEZ SUCUK FERMENTE 240  G,ADT,2023-04-06,2024-11-13,62,76.0,1.2258064516129032,1.0,4.0,588,0.1054421768707483,615,possibly_inactive
12285327,$POLONEZ SOSIS DANA FRANKFURTER KG,KG,2023-01-08,2024-06-14,49,26.59,0.5426530612244898,0.372,1.862,524,0.09351145038167939,767,possibly_inactive
12285328,$POLONEZ SOSIS DANA BRATWURST KG,KG,2023-01-02,2023-09-21,27,11.024000000000001,0.4082962962962963,0.304,1.596,263,0.10266159695817491,1034,possibly_inactive
12319354,POLONEZ SALAM DANA MORTADELLA KG,KG,2023-01-01,2026-07-21,145,30.27,0.20875862068965517,0.17,1.128,1298,0.11171032357473036,0,intermittent
12319367,POLONEZ JAMBON HINDI KG,KG,2023-01-29,2026-07-17,168,43.922,0.26144047619047617,0.23399999999999999,1.33,1266,0.13270142180094788,4,intermittent
12319368,POLONEZ KURU ET HINDI KG,KG,2023-01-08,2026-01-29,89,25.316,0.28444943820224716,0.242,0.868,1118,0.07960644007155634,173,possibly_inactive
12322200,POLONEZ CHEF SUCUK HINDI 750 G,ADT,2023-01-08,2024-12-20,49,56.0,1.1428571428571428,1.0,2.0,713,0.06872370266479663,578,possibly_inactive
12322879,POLONEZ CHEF SALAM DANA DILIMLI 300 G,ADT,2023-01-02,2024-08-18,41,53.0,1.2926829268292683,1.0,10.0,595,0.06890756302521009,702,possibly_inactive
12323201,$LEZITA FARMELIA DOGAL PILIC K.BUT KG,KG,2026-05-28,2026-05-28,1,0.144,0.144,0.144,0.144,1,1.0,54,new_short_history
12323442,$A.IPEK FUME ROASTBEEF 100 G,ADT,2023-01-01,2023-01-01,1,1.0,1.0,1.0,1.0,1,1.0,1297,new_short_history
12323467,$CUMHURIYET PASTIRMA CEMENSIZ 75 G,ADT,2023-01-01,2023-11-09,221,2950.0,13.34841628959276,6.0,134.0,313,0.7060702875399361,985,possibly_inactive
12325972,$POLONEZ FIT YASAM JAMBON DANA 150 G,ADT,2023-01-12,2023-11-23,102,149.0,1.4607843137254901,1.0,4.0,316,0.3227848101265823,971,possibly_inactive
12336204,$A.IPEK FUME KABURGA  KG,KG,2023-12-16,2023-12-16,1,0.524,0.524,0.524,0.524,1,1.0,948,new_short_history
12339350,$BOLEZ P.KOYLUM POSET BUTUN KG DONUK,KG,2025-09-29,2025-11-15,2,0.9179999999999999,0.45899999999999996,0.45899999999999996,0.636,48,0.041666666666666664,248,possibly_inactive
12347237,$KASTAMONU ALA GELENEKSEL SUCUK KG,KG,2024-07-19,2024-07-19,1,0.16,0.16,0.16,0.16,1,1.0,732,new_short_history
12347238,$KASTAMONU ALA GELENEKSEL PASTIRMA KG,KG,2023-04-07,2023-04-07,1,0.09,0.09,0.09,0.09,1,1.0,1201,new_short_history
12347239,$OVUN KUZU DALAK KG MAP DNK,KG,2023-03-30,2023-03-30,1,0.494,0.494,0.494,0.494,1,1.0,1209,new_short_history
12347245,OVUN DANA DALAK KG MAP,KG,2024-12-07,2024-12-13,3,1.864,0.6213333333333334,0.482,0.936,7,0.42857142857142855,585,new_short_history
12354654,$BASYAZICI SUCUK EVLIK FERMENTE KG,KG,2024-03-13,2024-04-22,3,0.898,0.29933333333333334,0.324,0.378,41,0.07317073170731707,820,possibly_inactive
12354670,$A.IPEK FUME ANTRIKOT KG,KG,2026-07-17,2026-07-17,1,0.114,0.114,0.114,0.114,1,1.0,4,new_short_history
12354677,$BASYAZICI SOSIS DANA FRANKFURTHER KG,KG,2023-02-25,2024-07-15,13,5.498,0.42292307692307696,0.37,0.742,507,0.02564102564102564,736,possibly_inactive
12354683,BOLEZ ROASTER YILBASI POSET PILIC KG,KG,2024-12-27,2024-12-30,4,23.248,5.812,6.218,8.576,4,1.0,568,new_short_history
12472837,NAMET SUCUK DANA DILIMLI  500 G,ADT,2023-01-15,2025-11-17,27,28.0,1.037037037037037,1.0,2.0,1038,0.02601156069364162,246,possibly_inactive
12472839,NAMET JAMBON DANA DILIMLI 300 G,ADT,2023-08-23,2023-10-09,3,3.0,1.0,1.0,1.0,48,0.0625,1016,possibly_inactive
12494239,$LEZITA PILIC SOSLU KELEBEK KG,KG,2023-06-21,2023-07-10,7,14.758,2.108285714285714,1.06,6.02,20,0.35,1107,new_short_history
12494297,$A.IPEK SUCUK DANA VALENTINA 450 G,ADT,2023-10-25,2024-01-19,7,7.0,1.0,1.0,1.0,87,0.08045977011494253,914,possibly_inactive
12510642,POLONEZ MINI JAMBON PILIC 60 G,ADT,2023-01-01,2026-07-18,421,901.0,2.1401425178147266,2.0,14.0,1295,0.3250965250965251,3,intermittent
12510645,POLONEZ MINI FUME PILIC 60 G,ADT,2023-01-01,2026-07-14,602,1716.0,2.8504983388704317,2.0,19.0,1291,0.46630518977536795,7,intermittent
12510646,POLONEZ MINI SALAM PILIC 60 G,ADT,2023-01-07,2026-07-12,350,840.0,2.4,2.0,12.0,1283,0.2727981293842556,9,intermittent
12511165,$BANVİT P.CITIR KANAT 300 G,ADT,2023-03-19,2023-08-22,15,21.0,1.4,1.0,3.0,157,0.09554140127388536,1064,possibly_inactive
12511166,$BANVİT P.CITIR KÜPLERİ 225 G,ADT,2023-03-24,2023-06-21,19,27.0,1.4210526315789473,1.0,3.0,90,0.2111111111111111,1126,possibly_inactive
12511167,$BANVİT P.CITIR PARMAK 225 G,ADT,2023-03-20,2023-08-20,32,51.0,1.59375,1.0,4.0,154,0.2077922077922078,1066,possibly_inactive
12517779,LEZITA PIL. IZGARA KOFTE 300G,ADT,2023-01-08,2026-07-20,168,239.0,1.4226190476190477,1.0,6.0,1290,0.13023255813953488,1,intermittent
12531326,$POLONEZ FIT YASAM FUME PILIC 150 G,ADT,2023-01-02,2024-11-14,193,342.0,1.7720207253886011,1.0,7.0,683,0.28257686676427524,614,possibly_inactive
12592618,$A.IPEK SUCUK DANA 400+225G=625G AV.PKT,ADT,2024-02-29,2024-05-12,66,297.0,4.5,3.5,18.0,74,0.8918918918918919,800,possibly_inactive
12601676,NAMET 7/24 SUCUK DANA 80 G,ADT,2023-08-14,2023-10-20,13,18.0,1.3846153846153846,1.0,5.0,68,0.19117647058823528,1005,possibly_inactive
12602282,NAMET 7/24 FUME PILIC 50 G,ADT,2023-01-07,2026-07-13,339,767.0,2.262536873156342,2.0,12.0,1284,0.26401869158878505,8,intermittent
12641473,$LEZITA PILIC FESLEGENLI SOTE KG,KG,2025-06-07,2025-06-07,1,0.192,0.192,0.192,0.192,1,1.0,409,new_short_history
12649038,DANET SUCUK PILIC DILIMLI 250 G,ADT,2023-02-20,2026-03-21,75,86.0,1.1466666666666667,1.0,3.0,1126,0.06660746003552398,122,possibly_inactive
12668772,EGE CIG.DANA BEYIN ADT MAP,ADT,2025-03-08,2026-07-08,69,82.0,1.1884057971014492,1.0,2.0,488,0.1413934426229508,13,intermittent
12668773,EGE CIG.DANA ISKEMBE KUSBASI 500 G MAP,ADT,2025-03-08,2026-07-19,266,612.0,2.300751879699248,2.0,11.0,499,0.533066132264529,2,continuous
12668774,EGE CIG.DANA KELLE PACA 200 G MAP,ADT,2025-03-12,2026-07-20,116,178.0,1.5344827586206897,1.0,5.0,496,0.23387096774193547,1,intermittent
12674038,EGE CIG.DANA CIGER DOGRANMIS KG MAP EDT,KG,2025-07-23,2025-10-06,5,4.81,0.962,0.716,1.54,76,0.06578947368421052,288,possibly_inactive
12687486,$TORKU SOSIS DANA KOKTEYL 175 G,ADT,2023-08-05,2024-05-17,31,40.0,1.2903225806451613,1.0,3.0,287,0.10801393728222997,795,possibly_inactive
12698478,A.IPEK SUCUK MANDA FERMENTE 300 G,ADT,2023-01-06,2026-05-07,39,46.0,1.1794871794871795,1.0,2.0,1218,0.03201970443349754,75,sparse
12728244,BOLEZ P.KOYLUM BONFILE KG MAP,KG,2023-11-05,2026-07-21,215,558.446,2.5974232558139536,2.346,8.274,990,0.21717171717171718,0,intermittent
12728246,BOLEZ P.KOYLUM KALCALI BUT KG MAP,KG,2025-08-30,2026-07-21,219,430.702,1.966675799086758,1.744,7.212,326,0.6717791411042945,0,continuous
12728247,BOLEZ P.KOYLUM IZG KANAT KG MAP,KG,2025-08-30,2026-07-20,214,496.702,2.32103738317757,1.68,7.41,325,0.6584615384615384,1,continuous
12788701,KOFTE PIDELI 300 G ADET,ADT,2023-01-01,2026-07-21,1288,12252.0,9.512422360248447,8.0,33.0,1298,0.9922958397534669,0,continuous
12852886,DOYFARM PIL.NUGGET 500 G AV.PKT,ADT,2023-01-03,2026-01-18,181,281.0,1.5524861878453038,1.0,4.0,1112,0.16276978417266186,184,possibly_inactive
12852887,DOYFARM PIL.SCHNITZEL 500 G AV.PKT,ADT,2023-01-03,2026-01-20,112,160.0,1.4285714285714286,1.0,5.0,1114,0.10053859964093358,182,possibly_inactive
12852888,DOYFARM PIL.NUGGET 300 G,ADT,2023-01-04,2026-02-02,43,60.0,1.3953488372093024,1.0,4.0,1126,0.03818827708703375,169,possibly_inactive
12852889,$SENPILIC PIL.SCHNITZEL 200G,ADT,2023-01-04,2023-09-22,23,28.0,1.2173913043478262,1.0,4.0,262,0.08778625954198473,1033,possibly_inactive
12852890,$SENPILIC PIL.CORDON BLUE 200G,ADT,2023-01-14,2023-08-26,18,26.0,1.4444444444444444,1.0,3.0,225,0.08,1060,possibly_inactive
12852891,$SENPILIC PIL.KOFTE KASAP 300 G,ADT,2023-01-01,2023-08-24,23,29.0,1.2608695652173914,1.0,2.0,236,0.09745762711864407,1062,possibly_inactive
12854023,SENPILIC P.TAB.PIRZOLA KG,KG,2023-01-01,2026-07-21,1236,10159.872,8.219961165048543,6.323,106.348,1298,0.9522342064714946,0,continuous
12854024,SENPILIC P.POSET PILIC KG,KG,2023-01-02,2026-07-21,1067,6941.076,6.5052258669165886,5.478,118.592,1297,0.8226676946800309,0,continuous
12854025,SENPILIC P.TAB.SIRTLI GOGUS KG,KG,2023-04-19,2023-10-01,6,6.614,1.1023333333333334,0.949,1.976,166,0.03614457831325301,1024,possibly_inactive
12854026,SENPILIC P.TAB.KALCALI BUT KG,KG,2023-01-02,2026-07-21,1212,7185.145,5.928337458745875,5.345000000000001,30.42,1297,0.9344641480339244,0,continuous
12854027,SENPILIC P.TAB.BAGET KG,KG,2023-01-01,2026-07-20,1248,8892.595,7.1254767628205125,6.303,77.926,1297,0.9622205088666153,1,continuous
12854028,SENPILIC P.TAB.FILETO KG,KG,2023-01-01,2026-07-21,1270,16371.461,12.890914173228346,9.527000000000001,132.998,1298,0.9784283513097073,0,continuous
12854029,SENPILIC P.TAB.IZGARA TAVA KG,KG,2023-01-01,2026-07-21,1258,11053.048,8.7862066772655,8.0,41.716,1298,0.9691833590138675,0,continuous
12854030,SENPILIC P.TAB.KANAT IZGARA KG,KG,2023-01-01,2026-07-21,1217,8699.803,7.148564502875924,6.222,43.836,1298,0.9375963020030816,0,continuous
12854031,SENPILIC P.TAB.KELEBEK KG,KG,2023-01-01,2026-07-21,968,3175.487,3.280461776859504,2.6390000000000002,20.563,1298,0.7457627118644068,0,continuous
12854032,SENPILIC P.TAB.BABY TAVA BONFILE KG,KG,2023-01-01,2026-07-21,1075,5977.431,5.560400930232558,5.264,26.762,1298,0.8281972265023112,0,continuous
12854033,SENPILIC P.TAB.KOK KANAT KG,KG,2023-01-01,2025-09-04,62,173.086,2.791709677419355,2.448,8.092,978,0.06339468302658487,320,possibly_inactive
12854034,SENPILIC P.TAB.YAPRAK KANAT KG,KG,2023-01-01,2026-04-07,806,3550.616,4.405230769230769,3.7809999999999997,19.236,1193,0.6756077116512993,105,possibly_inactive
12854035,SENPILIC P.TAB.CIGER KG,KG,2023-01-01,2026-07-20,1016,2857.89,2.8128838582677163,2.548,14.294,1297,0.7833461835003855,1,continuous
12854036,SENPILIC P.TAB.TASLIK KG,KG,2023-11-19,2023-11-19,1,3.966,3.966,3.966,3.966,1,1.0,975,new_short_history
12854132,$SENPILIC PIL.KOFTE MISKET 280G,ADT,2023-02-26,2023-02-26,1,1.0,1.0,1.0,1.0,1,1.0,1241,new_short_history
12854133,$SENPILIC PIL.KOFTE PARMAK 260 G,ADT,2023-01-17,2023-03-22,10,10.0,1.0,1.0,1.0,65,0.15384615384615385,1217,possibly_inactive
12854134,$SENPILIC PIL.KEBAP ACILI 220 G,ADT,2023-01-01,2023-03-02,14,20.0,1.4285714285714286,1.0,3.0,61,0.22950819672131148,1237,possibly_inactive
12854135,DOYFARM PIL.DONER 200 G,ADT,2023-01-02,2026-07-20,515,1486.0,2.8854368932038836,2.0,18.0,1296,0.39737654320987653,1,intermittent
12855292,DOYFARM P.SOSIS KOKTEYL 1000 G,ADT,2023-01-04,2026-07-21,372,776.0,2.086021505376344,1.0,15.0,1295,0.28725868725868725,0,intermittent
12855295,DOYFARM P.SALAM 750 G,ADT,2023-01-01,2026-07-21,442,1293.0,2.925339366515837,1.0,46.0,1298,0.3405238828967643,0,intermittent
12855299,$SENPILIC P.SUCUK 250G+SALAM 200G AV.PKT,ADT,2023-01-18,2023-12-05,19,21.0,1.105263157894737,1.0,2.0,322,0.059006211180124224,959,possibly_inactive
12855304,DOYFARM P.SUCUK BATON 380 G,ADT,2023-02-17,2023-10-19,26,29.0,1.1153846153846154,1.0,2.0,245,0.10612244897959183,1006,possibly_inactive
12856197,$DANET SUCUK FERMENTE EVLIK 400G,ADT,2023-03-18,2025-09-12,87,104.0,1.1954022988505748,1.0,4.0,910,0.0956043956043956,312,possibly_inactive
12856198,DANET SUCUK DANA DILIMLI 250G,ADT,2023-03-13,2026-07-15,132,150.0,1.1363636363636365,1.0,2.0,1221,0.10810810810810811,6,intermittent
12856200,DANET SALAM DANA MACAR 50 G,ADT,2023-02-19,2026-07-17,546,1723.0,3.1556776556776556,2.0,24.0,1245,0.43855421686746987,4,intermittent
12856201,DANET SALAM DANA FISTIKLI 50 G,ADT,2023-02-23,2026-07-02,476,1165.0,2.447478991596639,2.0,16.0,1226,0.38825448613376834,19,intermittent
12856212,DANET SALAM HINDI 60 G,ADT,2023-02-20,2026-07-20,574,1992.0,3.470383275261324,2.0,23.0,1247,0.4603047313552526,1,intermittent
12856213,DANET FUME HINDI 60 G,ADT,2023-03-03,2026-07-21,546,1799.0,3.2948717948717947,2.0,26.0,1237,0.4413904607922393,0,intermittent
12856214,DANET KAVURMA 100G,ADT,2023-02-18,2026-07-18,488,4093.0,8.387295081967213,4.0,117.0,1247,0.3913392141138733,3,intermittent
12856215,DANET PASTIRMA CEMENSIZ 70 G,ADT,2023-02-18,2026-07-21,368,747.0,2.029891304347826,1.0,16.0,1250,0.2944,0,intermittent
12856216,DANET FUME KABURGA 70 G,ADT,2023-02-18,2026-07-19,614,1753.0,2.8550488599348536,2.0,20.0,1248,0.49198717948717946,2,intermittent
12859527,$A.IPEK SUCUK DANA FERMENTE 300 G,ADT,2023-01-25,2024-06-10,31,38.0,1.2258064516129032,1.0,3.0,503,0.061630218687872766,771,possibly_inactive
12864460,SENPILIC P.EDT.CITIR BURGER 1020 G DNK,ADT,2024-12-12,2024-12-12,1,1.0,1.0,1.0,1.0,1,1.0,586,new_short_history
12864485,SENPILIC P.EDT.KOFTE KADINBUDU 1000G DNK,ADT,2023-01-05,2025-07-19,162,192.0,1.1851851851851851,1.0,5.0,927,0.17475728155339806,367,possibly_inactive
12886992,ETENFES SOSIS FRANKFURTER KG CESITLERI,KG,2024-05-05,2024-05-05,1,0.536,0.536,0.536,0.536,1,1.0,807,new_short_history
12887023,ETENFES JAMBON DANA KG,KG,2023-02-11,2023-02-11,1,0.152,0.152,0.152,0.152,1,1.0,1256,new_short_history
12904236,$POLONEZ FIT YASAM FUME HINDI 150 G,ADT,2023-01-02,2024-12-30,427,1037.0,2.4285714285714284,2.0,15.0,729,0.5857338820301783,568,possibly_inactive
12909812,SENPILIC ROASTER POSET PILIC KG,KG,2023-03-27,2026-02-26,27,344.317,12.752481481481482,8.94,47.433,1068,0.025280898876404494,145,possibly_inactive
12938118,$PINAR SUCUK KANGAL 300 G,ADT,2023-01-07,2024-05-05,63,76.0,1.2063492063492063,1.0,3.0,485,0.12989690721649486,807,possibly_inactive
12938454,$PINAR SUCUK FERMENTE 300 G,ADT,2023-01-07,2025-07-24,178,811.0,4.556179775280899,1.0,78.0,930,0.1913978494623656,362,possibly_inactive
13051902,A.IPEK SUCUK DANA EVLIK SUCUK 220 G,ADT,2023-08-27,2023-08-27,1,1.0,1.0,1.0,1.0,1,1.0,1059,new_short_history
13051904,A.IPEK SUCUK DANA KANGAL  200 G,ADT,2023-02-07,2026-06-03,34,46.0,1.3529411764705883,1.0,3.0,1213,0.028029678483099753,48,sparse
13052269,KOFTE HAMBURGER 300G ADET,ADT,2023-01-01,2026-07-21,1264,8847.0,6.999208860759493,6.0,28.0,1298,0.9738058551617874,0,continuous
13076480,PINAR SUCUK SOLEN 180 G,ADT,2023-01-02,2026-07-21,386,522.0,1.3523316062176165,1.0,5.0,1297,0.29760986892829605,0,intermittent
13077060,$ERSAN FUME HINDI 100 G (HAZIR DILIM),ADT,2023-11-04,2025-04-27,43,54.0,1.255813953488372,1.0,3.0,541,0.07948243992606285,450,possibly_inactive
13080223,ERSAN KAVURMA 100 G (HAZIR DILIM),ADT,2023-01-01,2026-07-05,618,1828.0,2.957928802588997,2.0,21.0,1282,0.48205928237129486,16,intermittent
13080224,ERSAN PASTIRMA 100 G (HAZIR DILIM),ADT,2023-01-01,2026-07-11,976,5790.0,5.932377049180328,4.0,55.0,1288,0.7577639751552795,10,continuous
13082996,LEZITA PILIC BUT LALE KEMIKSIZ KG,KG,2023-01-01,2026-07-19,853,2873.012,3.368126611957796,2.55,25.614,1296,0.658179012345679,2,continuous
13087582,$ERSAN DONER PILIC 200 G,ADT,2023-01-01,2023-06-18,71,191.0,2.6901408450704225,2.0,14.0,169,0.42011834319526625,1129,possibly_inactive
13102078,CUMHURIYET KAVURMA 90 G,ADT,2023-01-01,2026-06-23,288,1127.0,3.9131944444444446,2.0,30.0,1270,0.22677165354330708,28,intermittent
13120214,$PINAR SUCUK ILLAKI FERMENTE 240 G,ADT,2023-02-03,2023-07-24,76,843.0,11.092105263157896,2.0,116.0,172,0.4418604651162791,1093,possibly_inactive
13172237,DANET FUME HINDI KG,KG,2024-05-31,2025-12-20,53,20.648,0.38958490566037735,0.364,0.998,569,0.09314586994727592,213,possibly_inactive
13172238,DANET SUCUK FERMENTE 300G COGR.ISR.,ADT,2023-02-20,2026-07-20,879,4304.0,4.896473265073948,2.0,78.0,1247,0.7048917401764234,1,continuous
13172239,DANET SUCUK DANA BATON 300G,ADT,2023-02-21,2023-07-01,14,17.0,1.2142857142857142,1.0,3.0,131,0.10687022900763359,1116,possibly_inactive
13186073,DANET FUME DANA KABURGA KG,KG,2024-06-29,2024-07-04,2,0.4,0.2,0.2,0.3,6,0.3333333333333333,747,new_short_history
13186074,$DANET FUME DANA ROASTBEEF KG,KG,2024-06-12,2025-01-16,19,2.592,0.13642105263157894,0.108,0.26,219,0.0867579908675799,551,possibly_inactive
13190527,DANET JAMBON DANA 50 G,ADT,2023-03-03,2026-07-21,413,947.0,2.2929782082324457,2.0,11.0,1237,0.33387227162489896,0,intermittent
13190528,DANET FUME PILIC 60 G,ADT,2023-02-17,2026-07-20,356,911.0,2.558988764044944,2.0,14.0,1250,0.2848,1,intermittent
13190530,$DANET KAVURMA FUME 100G,ADT,2023-02-28,2023-12-19,37,43.0,1.162162162162162,1.0,2.0,295,0.12542372881355932,945,possibly_inactive
13190531,$DANET SALAM DANA MACAR 250G,ADT,2023-02-19,2024-07-15,77,100.0,1.2987012987012987,1.0,4.0,513,0.15009746588693956,736,possibly_inactive
13190535,DANET SOSIS DANA UZUN 250 G,ADT,2023-02-18,2026-07-10,242,320.0,1.322314049586777,1.0,6.0,1239,0.19531880548829703,11,intermittent
13190536,DANET SOSIS DANA KOKTEYL 250 G,ADT,2023-02-26,2026-07-05,223,287.0,1.2869955156950672,1.0,4.0,1226,0.18189233278955955,16,intermittent
13190537,DANET SOSIS PILIC UZUN 250G,ADT,2023-02-18,2026-06-23,70,85.0,1.2142857142857142,1.0,3.0,1222,0.057283142389525366,28,sparse
13190538,DANET SOSIS PILIC KOKTEYL 250G,ADT,2023-02-18,2026-02-20,96,116.0,1.2083333333333333,1.0,3.0,1099,0.08735213830755233,151,possibly_inactive
13190539,$DANET SOSIS DANA BRATWURST 250G,ADT,2023-03-08,2024-04-13,38,40.0,1.0526315789473684,1.0,2.0,403,0.09429280397022333,829,possibly_inactive
13190540,$DANET SOSIS DANA FRANKFURTHER 250G,ADT,2023-02-26,2024-02-10,54,67.0,1.2407407407407407,1.0,3.0,350,0.15428571428571428,892,possibly_inactive
13190582,$DANET FUME HINDI 150G OZEL PKT,ADT,2023-02-17,2025-01-09,47,72.0,1.5319148936170213,1.0,5.0,693,0.06782106782106782,558,possibly_inactive
13190583,$DANET SUCUK PILIC KANGAL 200G,ADT,2023-03-04,2023-07-04,6,6.0,1.0,1.0,1.0,123,0.04878048780487805,1113,possibly_inactive
13215825,KUZU KOKOREC DOG. 200 G DONUK,ADT,2023-02-25,2026-07-21,940,7796.0,8.293617021276596,6.0,87.0,1243,0.7562349155269509,0,continuous
13235960,POLONEZ MINI JAMBON DANA 50 G,ADT,2023-03-18,2026-07-17,664,2274.0,3.424698795180723,2.0,76.0,1218,0.5451559934318555,4,continuous
13235961,POLONEZ MINI SALAM DANA 50 G,ADT,2023-03-16,2026-07-15,839,3948.0,4.7056019070321815,3.0,34.0,1218,0.6888341543513957,6,continuous
13237772,POLONEZ MINI SALAM HINDI 50 G,ADT,2023-04-07,2026-06-22,633,3124.0,4.935229067930489,3.0,55.0,1173,0.5396419437340153,29,continuous
13237773,POLONEZ MINI FUME HINDI 50 G,ADT,2023-03-27,2026-07-19,1083,8474.0,7.824561403508772,6.0,56.0,1211,0.8943022295623452,2,continuous
13237774,POLONEZ MINI JAMBON HINDI 50 G,ADT,2023-03-18,2026-07-19,606,1682.0,2.7755775577557755,2.0,20.0,1220,0.4967213114754098,2,intermittent
13244966,POLONEZ CHEF FUME HINDI DILIMLI 500 G,ADT,2023-05-06,2024-08-04,26,32.0,1.2307692307692308,1.0,4.0,457,0.05689277899343545,716,possibly_inactive
13244967,POLONEZ CHEF JAMBON HINDI DILIMLI 750 G,ADT,2023-06-26,2023-08-05,3,3.0,1.0,1.0,1.0,41,0.07317073170731707,1081,possibly_inactive
13244968,POLONEZ CHEF JAMBON PILIC DILIMLI 750 G,ADT,2023-08-07,2023-08-07,1,1.0,1.0,1.0,1.0,1,1.0,1079,new_short_history
13244988,POLONEZ PASTIRMA CEMENSIZ 100 G SECME,ADT,2023-03-30,2026-03-12,750,14954.0,19.938666666666666,15.0,299.0,1079,0.6950880444856349,131,possibly_inactive
13245134,POLONEZ SOSIS DANA BRATWURST 300 G,ADT,2023-04-02,2026-07-17,330,467.0,1.415151515151515,1.0,8.0,1203,0.2743142144638404,4,intermittent
13245135,POLONEZ SOSIS DANA FRANKFURTER 350 G,ADT,2023-03-24,2026-07-07,322,462.0,1.434782608695652,1.0,7.0,1202,0.26788685524126454,14,intermittent
13245137,POLONEZ PASTIRMA CEMENSIZ 90 G,ADT,2023-03-26,2026-07-17,120,671.0,5.591666666666667,3.0,33.0,1210,0.09917355371900827,4,sparse
13245138,POLONEZ SALAM HINDI FISTIKLI 90 G,ADT,2023-03-18,2026-06-09,529,2766.0,5.228733459357278,4.0,27.0,1180,0.4483050847457627,42,intermittent
13245139,$POLONEZ SALAM DANA FISTIKLI 90 G,ADT,2023-04-07,2024-03-30,60,103.0,1.7166666666666666,1.0,8.0,359,0.1671309192200557,843,possibly_inactive
13245140,POLONEZ SOSIS PILIC JUMBO 320 G,ADT,2023-03-16,2026-07-14,448,713.0,1.5915178571428572,1.0,6.0,1217,0.36811832374691866,7,intermittent
13245157,POLONEZ MINI PASTIRMA CEMENSIZ 75 G,ADT,2023-03-19,2026-07-21,397,994.0,2.503778337531486,2.0,14.0,1221,0.32514332514332517,0,intermittent
13267648,ASR KELLE PACA DOGAL CORBA 750 G DNK,ADT,2023-04-22,2026-07-08,427,749.0,1.7540983606557377,1.0,10.0,1174,0.3637137989778535,13,intermittent
13267649,ASR AYAK PACA DOGAL CORBA 750 G DNK,ADT,2023-04-24,2026-07-21,316,454.0,1.4367088607594938,1.0,5.0,1185,0.26666666666666666,0,intermittent
13267650,ASR ISKEMBE DOGAL CORBA 750 G DNK,ADT,2023-04-22,2026-06-01,220,274.0,1.2454545454545454,1.0,4.0,1137,0.19349164467897978,50,intermittent
13268079,BOLCA HINDI KULBASTI 500 G,ADT,2023-04-30,2026-07-21,243,451.0,1.8559670781893005,1.0,7.0,1179,0.20610687022900764,0,intermittent
13268080,BOLCA HINDI SOTE BUT 500G AKDENIZ SOS,ADT,2023-05-03,2026-06-18,164,245.0,1.4939024390243902,1.0,5.0,1143,0.14348206474190725,33,intermittent
13268081,BOLCA HINDI SOTE BUT 500 G MEKSIKA SOS,ADT,2023-05-03,2026-01-19,97,133.0,1.3711340206185567,1.0,4.0,993,0.09768378650553877,183,possibly_inactive
13268083,BOLCA HINDI ALT BUT KEMISIZ 500 G,ADT,2023-04-27,2026-07-21,955,4342.0,4.546596858638743,4.0,20.0,1182,0.8079526226734348,0,continuous
13268084,BOLCA HINDI GOGUS DILIMLI 500 G,ADT,2023-04-28,2026-07-18,883,2547.0,2.884484711211778,2.0,15.0,1178,0.7495755517826825,3,continuous
13268085,BOLCA HINDI GOGUS SOTE 500 G,ADT,2023-04-27,2026-07-20,821,1919.0,2.3373934226552984,2.0,11.0,1181,0.6951735817104149,1,continuous
13268102,$BOLCA HINDI DONER 300 G,ADT,2023-05-02,2024-08-11,90,163.0,1.8111111111111111,1.0,8.0,468,0.19230769230769232,709,possibly_inactive
13269941,NAMET 7/24 SALAM DANA 50 G,ADT,2023-05-12,2026-07-21,1093,8282.0,7.5773101555352245,7.0,47.0,1167,0.9365895458440445,0,continuous
13286874,PINAR SUCUK DOYUM HINDI DILIMLI 250 G,ADT,2023-06-11,2026-07-21,204,258.0,1.2647058823529411,1.0,5.0,1137,0.17941952506596306,0,intermittent
13289263,DANET SUCUK FERMENTE VAK. 180 G,ADT,2023-06-17,2026-06-24,97,196.0,2.020618556701031,1.0,10.0,1104,0.08786231884057971,27,sparse
13293682,LEZITA PIL.DONER SOSLU 500 G,ADT,2023-07-14,2026-07-21,735,1818.0,2.473469387755102,2.0,14.0,1104,0.6657608695652174,0,continuous
13299966,$PINAR SUCUK HINDI 80 G,ADT,2023-06-27,2023-09-25,9,10.0,1.1111111111111112,1.0,2.0,91,0.0989010989010989,1030,possibly_inactive
13307253,$TORKU SALAM DANA 50 G,ADT,2023-08-01,2024-06-09,92,288.0,3.130434782608696,3.0,15.0,314,0.2929936305732484,772,possibly_inactive
13368673,$DANET HAZIR DILIM SALAM DANA 100 G,ADT,2023-10-12,2024-01-11,53,98.0,1.849056603773585,2.0,5.0,92,0.5760869565217391,922,possibly_inactive
13368674,$DANET HAZIR DILIM SALAM HINDI 100 G,ADT,2023-10-13,2024-01-22,52,98.0,1.8846153846153846,1.0,7.0,102,0.5098039215686274,911,possibly_inactive
13368675,$DANET HAZIR DILIM FUME HINDI 100 G,ADT,2023-10-13,2024-01-17,51,98.0,1.9215686274509804,1.0,7.0,97,0.5257731958762887,916,possibly_inactive
13368676,$DANET HAZIR DILIM FUME PILIC 100 G,ADT,2023-10-13,2024-01-24,42,67.0,1.5952380952380953,1.0,4.0,104,0.40384615384615385,909,possibly_inactive
13368680,$DANET HAZIR DILIM PASTIRMA 100 G,ADT,2023-10-15,2023-12-20,60,233.0,3.8833333333333333,3.0,13.0,67,0.8955223880597015,944,possibly_inactive
13368681,$DANET HAZIR DILIM KAVURMA 100 G,ADT,2023-10-17,2024-01-25,67,172.0,2.5671641791044775,2.0,14.0,101,0.6633663366336634,908,possibly_inactive
13380917,CUMHURIYET PASTIRMA CEMENSIZ 90 G,ADT,2023-09-07,2026-07-21,214,342.0,1.5981308411214954,1.0,9.0,1049,0.20400381315538607,0,intermittent
13386751,KOFTE SIS 300 G  ADET,ADT,2023-09-09,2026-07-21,988,3927.0,3.9746963562753037,4.0,17.0,1047,0.9436485195797517,0,continuous
13393980,$ERSAN JAMBON DANA 100 G (HAZIR DILIM),ADT,2023-10-21,2026-05-02,242,343.0,1.4173553719008265,1.0,6.0,925,0.2616216216216216,80,intermittent
13393981,ERSAN SALAM DANA 100 G (HAZIR DILIM),ADT,2023-10-28,2025-06-08,89,143.0,1.6067415730337078,1.0,9.0,590,0.15084745762711865,408,possibly_inactive
13409155,BOLEZ P.KOYLUM IZGARA TAVA KG MAP,KG,2025-09-01,2026-07-21,180,500.358,2.7797666666666667,2.4130000000000003,9.29,324,0.5555555555555556,0,continuous
13409157,BOLEZ P.KOYLUM BAGET KG MAP,KG,2025-09-01,2026-07-21,207,439.95799999999997,2.125400966183575,1.654,6.438,324,0.6388888888888888,0,continuous
13414478,ERSAN IMZA DANA KABURGA FUME 100 G,ADT,2023-11-04,2026-07-17,372,686.0,1.8440860215053763,1.0,11.0,987,0.3768996960486322,4,intermittent
13414479,ERSAN IMZA DANA BACON 100 G,ADT,2023-10-23,2026-06-09,225,333.0,1.48,1.0,5.0,961,0.23413111342351717,42,intermittent
13414481,ERSAN IMZA DANA ROASTBEEF 100 G,ADT,2023-10-26,2026-07-20,259,359.0,1.386100386100386,1.0,8.0,999,0.25925925925925924,1,intermittent
13416264,ERSAN IMZA DANA BALKAN KURU ET 100 G,ADT,2023-10-20,2025-11-30,117,162.0,1.3846153846153846,1.0,5.0,773,0.15135834411384216,233,possibly_inactive
13416267,ERSAN IMZA DANA BRESAOLA 100 G,ADT,2023-12-10,2026-07-05,56,63.0,1.125,1.0,3.0,939,0.059637912673056445,16,sparse
13416268,ERSAN IMZA DANA ANTRIKOT FUME 100 G,ADT,2023-10-26,2026-07-20,265,374.0,1.411320754716981,1.0,9.0,999,0.2652652652652653,1,intermittent
13416271,ERSAN SUCUK KASAP FERMENTE 300 G,ADT,2023-10-20,2026-07-18,490,1748.0,3.5673469387755103,2.0,46.0,1003,0.4885343968095713,3,intermittent
13416285,ERSAN IMZA DANA ITALYAN SALAM 100 G,ADT,2023-10-29,2026-06-28,274,426.0,1.5547445255474452,1.0,5.0,974,0.2813141683778234,23,intermittent
13416286,$ERSAN DANA FRANKFURTER SOSIS 400 G,ADT,2023-11-12,2024-02-03,17,31.0,1.8235294117647058,1.0,5.0,84,0.20238095238095238,899,possibly_inactive
13416288,$ERSAN DANA BRATWURST SOSIS 400 G,ADT,2023-11-05,2024-02-07,18,30.0,1.6666666666666667,1.0,5.0,95,0.18947368421052632,895,possibly_inactive
13448165,PINAR SALAM DANA 50 G FISTIKLI B.DILIM,ADT,2023-11-25,2024-09-08,120,256.0,2.1333333333333333,2.0,9.0,289,0.41522491349480967,681,possibly_inactive
13448166,PINAR SALAM HINDI 50 G FISTIKLI B.DILIM,ADT,2023-11-21,2026-07-20,271,603.0,2.225092250922509,2.0,11.0,973,0.27852004110996914,1,intermittent
13451492,DANET SUCUK DANA FERMENTE 500 G PKT,ADT,2023-11-24,2026-04-25,448,2786.0,6.21875,3.0,120.0,884,0.5067873303167421,87,continuous
13461599,POLONEZ SOSIS HINDI SOSIS 220 G,ADT,2024-01-09,2026-07-12,66,85.0,1.2878787878787878,1.0,3.0,916,0.07205240174672489,9,sparse
13461600,POLONEZ SOSIS DANA 200 G,ADT,2024-01-12,2026-07-19,422,843.0,1.9976303317535544,1.0,8.0,920,0.45869565217391306,2,intermittent
13461601,$POLONEZ SUCUK DANA 350 G KUVET,ADT,2024-01-27,2024-03-27,22,26.0,1.1818181818181819,1.0,3.0,61,0.36065573770491804,846,possibly_inactive
13461622,POLONEZ FUME KABURGA ETI 80 G,ADT,2024-01-27,2026-07-21,151,233.0,1.5430463576158941,1.0,9.0,907,0.16648291069459759,0,intermittent
13461623,POLONEZ MINI FUME ET DANA 50 G,ADT,2024-01-14,2026-07-21,288,748.0,2.5972222222222223,2.0,12.0,920,0.3130434782608696,0,intermittent
13461624,POLONEZ FUME ET SADE 90 G,ADT,2024-01-29,2025-04-25,77,671.0,8.714285714285714,3.0,48.0,453,0.16997792494481237,452,possibly_inactive
13461876,$A.IPEK DANA DONER 200 G,ADT,2025-01-06,2025-08-23,213,1932.0,9.070422535211268,7.0,38.0,230,0.9260869565217391,332,possibly_inactive
13487302,DOYFARM PIL.CITIR LOKUM BONFILE 400 G,ADT,2024-01-14,2026-05-12,650,3199.0,4.921538461538462,4.0,18.0,850,0.7647058823529411,70,continuous
13515536,PINAR SOSIS HOT DOG DANA 295 G,ADT,2024-01-29,2026-07-19,201,257.0,1.2786069651741294,1.0,7.0,903,0.22259136212624583,2,intermittent
13525683,$A.IPEK KAVURMA 100 G (HAZIR DILIM),ADT,2024-03-03,2024-05-17,39,912.0,23.384615384615383,5.0,188.0,76,0.5131578947368421,795,possibly_inactive
13530026,$A.IPEK PASTIRMA 100 G (DELİST),ADT,2024-02-29,2024-06-07,48,1901.0,39.604166666666664,6.5,296.0,100,0.48,774,possibly_inactive
13540045,POLONEZ PASTIRMA CEMENLI 100 G ANTRIKOT,ADT,2024-02-18,2026-02-20,304,1383.0,4.5493421052631575,4.0,16.0,734,0.4141689373297003,151,possibly_inactive
13652862,$DANET SUCUK FERMENTE 400 G,ADT,2024-06-28,2024-09-15,64,307.0,4.796875,3.0,23.0,80,0.8,674,possibly_inactive
13679703,AYDOGDU PEKIN ORDEK KG DONUK,KG,2024-08-06,2026-01-10,105,419.442,3.994685714285714,2.842,21.448,523,0.20076481835564053,192,possibly_inactive
13692935,KUZU KUYRUK YAGI 200 G DONUK,ADT,2024-12-10,2026-07-20,345,737.0,2.136231884057971,2.0,11.0,588,0.5867346938775511,1,continuous
13730681,PINAR FUME HINDI GURME 150 G,ADT,2024-09-19,2026-07-17,228,356.0,1.5614035087719298,1.0,7.0,667,0.34182908545727136,4,intermittent
13730702,PINAR FUME HINDI BUT ETLI GURME 110 G,ADT,2024-09-10,2026-07-21,323,485.0,1.501547987616099,1.0,5.0,680,0.475,0,intermittent
13730704,PINAR FUME HINDI KARABIBERLI GURME 110 G,ADT,2024-09-13,2026-07-21,191,269.0,1.4083769633507854,1.0,5.0,677,0.2821270310192024,0,intermittent
13764341,GREENWELL ORGANIK PILIC POSET KG DONUK,KG,2024-09-06,2026-07-15,225,503.812,2.2391644444444445,1.866,7.098,678,0.33185840707964603,6,intermittent
13765602,YESIL KURE ORGANIK BUTUN PILIC KG,KG,2024-10-15,2026-07-21,271,713.2139999999999,2.6317859778597783,1.998,11.652,645,0.4201550387596899,0,intermittent
13778082,PINAR SALAM DANA 50 G (BUYUK DILIM),ADT,2024-09-18,2026-07-19,452,1495.0,3.3075221238938055,3.0,17.0,670,0.6746268656716418,2,continuous
13790920,$MARET DANA DONER 200 G,ADT,2024-10-11,2024-11-27,48,1880.0,39.166666666666664,37.5,81.0,48,1.0,601,possibly_inactive
13790921,$DANET SUCUK FERMENTE 300 G,ADT,2024-10-08,2025-02-24,119,838.0,7.042016806722689,4.0,50.0,140,0.85,512,possibly_inactive
13814767,POLONEZ SALAM HINDI 90 G,ADT,2024-11-07,2026-05-09,432,3351.0,7.756944444444445,6.0,39.0,549,0.7868852459016393,73,continuous
13814944,$POLONEZ DANA FERMENTE KASAP SUCUK 250 G,ADT,2024-11-08,2025-08-13,177,2692.0,15.209039548022599,4.0,250.0,279,0.6344086021505376,342,possibly_inactive
13822614,FUMECI ATISTIRMALIK ET CUBUKLARI KG,KG,2024-11-15,2025-12-28,27,6.8709999999999996,0.2544814814814815,0.214,0.722,409,0.06601466992665037,205,possibly_inactive
13822615,FUMECI KONTRAFILE KURU ET DILIMLI KG,KG,2024-11-15,2026-05-01,84,11.881,0.1414404761904762,0.114,0.356,533,0.1575984990619137,81,intermittent
13822616,FUMECI DANA COTTO DILIMLI KG,KG,2024-11-16,2026-03-29,37,4.944,0.1336216216216216,0.118,0.336,499,0.07414829659318638,114,possibly_inactive
13822617,FUMECI DANA BACON DILIMLI KG,KG,2024-11-16,2026-03-31,30,4.084,0.13613333333333333,0.118,0.25,501,0.059880239520958084,112,possibly_inactive
13822618,FUMECI KUZU COTTO DILIMLI KG,KG,2024-11-15,2025-12-28,24,3.246,0.13525,0.118,0.3,409,0.05867970660146699,205,possibly_inactive
13822619,FUMECI ROASTBEEF KARABIBERLI DILIMLI KG,KG,2024-11-15,2026-04-16,39,4.934,0.1265128205128205,0.116,0.242,518,0.07528957528957529,96,possibly_inactive
13822621,FUMECI FERMENTE ISPANYOL SUCUK KG,KG,2024-12-01,2026-01-24,14,1.854,0.13242857142857142,0.112,0.218,420,0.03333333333333333,178,possibly_inactive
13829232,$A.IPEK SUCUK DANA 250+180G=430G AV.PKT,ADT,2024-12-13,2025-03-21,80,281.0,3.5125,3.0,10.0,99,0.8080808080808081,487,possibly_inactive
13829495,PINAR HINDI FUME JUMBO SOSIS 265 G,ADT,2024-12-26,2025-05-25,34,47.0,1.3823529411764706,1.0,4.0,151,0.2251655629139073,422,possibly_inactive
13829496,PINAR HINDI FUME CHEDDARLI SOSIS 265 G,ADT,2024-12-21,2026-04-04,72,94.0,1.3055555555555556,1.0,3.0,470,0.15319148936170213,108,possibly_inactive
13841051,POLONEZ FIT YASAM FUME HINDI 110 G X 2,ADT,2024-12-25,2026-07-21,489,1904.0,3.8936605316973414,3.0,29.0,574,0.8519163763066202,0,continuous
13864689,BANVIT P.TAB.SIRTLI GOGUS KG,KG,2025-01-13,2025-01-23,8,21.195999999999998,2.6494999999999997,2.161,7.552,11,0.7272727272727273,544,new_short_history
13912130,SENPILIC P. GOGUS KUSBASI 700 G,ADT,2025-02-17,2025-04-07,39,161.0,4.128205128205129,3.0,14.0,50,0.78,470,possibly_inactive
13912131,SENPILIC P. BUT KUSBASI 700 G,ADT,2025-02-17,2025-04-08,42,181.0,4.309523809523809,4.0,14.0,51,0.8235294117647058,469,possibly_inactive
13922002,SENPILIC P. JUMBO KANAT 700 G,ADT,2025-02-19,2025-03-21,15,74.0,4.933333333333334,5.0,12.0,31,0.4838709677419355,487,possibly_inactive
13922003,SENPILIC P.PARCA BUT KG,KG,2025-02-17,2025-02-27,7,13.996,1.9994285714285716,1.896,3.552,11,0.6363636363636364,509,new_short_history
13979227,NAMET DANA FERMENTE MANGAL SUCUK 350 GR,ADT,2025-05-07,2026-02-03,100,202.0,2.02,1.0,45.0,273,0.3663003663003663,168,possibly_inactive
13979247,$MARET SUCUK DANA KANGAL ISIL ISLEM KG,KG,2025-04-22,2025-07-05,52,206.75,3.9759615384615383,1.847,31.834,75,0.6933333333333334,381,possibly_inactive
13983646,EGE CIG. KUZU KOKOREC 200 G (DONUK),ADT,2025-04-24,2026-06-07,90,148.0,1.6444444444444444,1.0,5.0,410,0.21951219512195122,44,intermittent
13983657,LEZITA P.SOSIS KOKTEYL 500 G,ADT,2025-06-24,2026-07-20,290,678.0,2.3379310344827586,2.0,8.0,392,0.7397959183673469,1,continuous
13983924,FUMECI SUCUK DANA KANGAL FERMENTE KG,KG,2025-04-29,2026-05-08,21,12.684,0.604,0.504,1.02,375,0.056,74,sparse
13985496,AGSU BILDIRCIN DONUK 4 LU ADET(550-650G),ADT,2025-04-24,2026-07-19,140,242.0,1.7285714285714286,1.0,7.0,452,0.30973451327433627,2,intermittent
13987826,ALTINKAZ YARIM DONUK KAZ KG,KG,2025-05-06,2026-07-21,40,88.38,2.2095,2.048,4.25,442,0.09049773755656108,0,sparse
13999313,POLONEZ SALAM HINDI ETLI 90 G,ADT,2025-06-11,2026-06-25,294,1641.0,5.581632653061225,4.0,27.0,380,0.7736842105263158,26,continuous
14043405,A.IPEK SUCUK DANA VALENTINA KG,KG,2026-02-07,2026-05-01,5,2.586,0.5172,0.432,0.858,84,0.05952380952380952,81,sparse
14057911,NAMET SUCUK DANA 500 G PKT,ADT,2025-08-06,2026-07-21,145,1140.0,7.862068965517241,6.0,53.0,350,0.4142857142857143,0,intermittent
14083585,FUMECI BRATWURST CHEDDARLI SOSIS KG,KG,2025-08-26,2025-09-06,2,0.734,0.367,0.367,0.408,12,0.16666666666666666,318,new_short_history
14092394,FUMECI FRANKFURTER EMMENTALLI SOSIS KG,KG,2025-10-08,2025-10-08,1,0.4,0.4,0.4,0.4,1,1.0,286,new_short_history
14092398,FUMECI FUME HINDI BUT K.BIBERLI DILIMLI,KG,2025-10-20,2025-12-28,3,0.33199999999999996,0.11066666666666665,0.112,0.118,70,0.04285714285714286,205,possibly_inactive
14096333,OVUN PASTIRMA  ANTRIKOT CEMENSİZ 100 G,ADT,2025-09-28,2026-07-21,112,168.0,1.5,1.0,4.0,297,0.3771043771043771,0,intermittent
14096337,OVUN PASTIRMA BALKAN CEMENSIZ 100 G,ADT,2025-09-05,2026-07-21,181,352.0,1.9447513812154695,2.0,8.0,320,0.565625,0,continuous
14099339,OVUN ACILI DANA SOSIS 230 G,ADT,2025-10-03,2026-07-18,46,50.0,1.0869565217391304,1.0,2.0,289,0.15916955017301038,3,intermittent
14099340,OVUN SOSIS DANA WASABI CHEDDAR 230 G,ADT,2025-09-09,2026-07-06,26,27.0,1.0384615384615385,1.0,2.0,301,0.08637873754152824,15,sparse
14099341,OVUN JALAPENO CHEDDAR DANA SOSIS 230 G,ADT,2025-09-11,2026-07-17,28,29.0,1.0357142857142858,1.0,2.0,310,0.09032258064516129,4,sparse
14099363,OVUN SOSIS DANA EMMENTAL P. 230 G,ADT,2025-10-27,2026-07-19,44,50.0,1.1363636363636365,1.0,3.0,266,0.16541353383458646,2,intermittent
14099364,OVUN SALAM DANA SHPEKOV 200 G,ADT,2025-09-07,2026-07-11,56,72.0,1.2857142857142858,1.0,3.0,308,0.18181818181818182,10,intermittent
14099365,$OVUN SALAM DANA NOSTALJI DRY 80 G,ADT,2025-09-06,2025-11-14,10,11.0,1.1,1.0,2.0,70,0.14285714285714285,249,possibly_inactive
14099366,OVUN SOSIS DANA DEBIRTSIN BALKAN 160 G,ADT,2025-09-11,2026-07-21,51,54.0,1.0588235294117647,1.0,2.0,314,0.1624203821656051,0,intermittent
14099368,OVUN SOSIS DANA NADENITSA BALKAN 300 G,ADT,2025-09-05,2026-07-04,20,21.0,1.05,1.0,2.0,303,0.066006600660066,17,sparse
14099369,OVUN FUME ET KUZU CAPOCOLLO 80 G,ADT,2025-09-01,2026-06-14,36,42.0,1.1666666666666667,1.0,4.0,287,0.1254355400696864,37,intermittent
14099370,OVUN SUCUK DANA LUKANKA 100 G,ADT,2025-09-05,2026-07-21,58,67.0,1.1551724137931034,1.0,3.0,320,0.18125,0,intermittent
14099403,OVUN SUCUK DANA FERMENTE NOSTALJI KG,KG,2025-09-01,2026-07-19,112,101.158,0.9031964285714286,0.705,2.242,322,0.34782608695652173,2,intermittent
14099455,OVUN FUME DANA KURU ET 80 G,ADT,2025-09-04,2026-07-21,161,264.0,1.639751552795031,1.0,7.0,321,0.5015576323987538,0,continuous
14099456,OVUN DANA FERMENTE ET CUBUGU 150 G,ADT,2025-09-10,2026-07-13,53,69.0,1.3018867924528301,1.0,4.0,307,0.17263843648208468,8,intermittent
14099527,YESIL KURE ORGANIK PILIC BONFILE KG,KG,2025-09-28,2026-01-08,8,12.926,1.61575,1.439,3.428,103,0.07766990291262135,194,possibly_inactive
14099528,YESIL KURE ORGANIK PILIC PIRZOLA KG,KG,2025-09-27,2025-10-09,5,7.368,1.4736,0.75,3.704,13,0.38461538461538464,285,new_short_history
14099530,YESIL KURE ORGANIK PILIC BAGET KG,KG,2025-09-27,2025-10-09,5,3.71,0.742,0.54,1.348,13,0.38461538461538464,285,new_short_history
14099531,YESIL KURE ORGANIK PILIC KALCALI BUT KG,KG,2025-09-27,2025-10-08,7,11.24,1.6057142857142856,1.096,2.836,12,0.5833333333333334,286,new_short_history
14105722,DOYFARM P.TUTSULENMIS SOSIS 320 G,ADT,2025-08-22,2026-07-19,27,37.0,1.3703703703703705,1.0,5.0,332,0.08132530120481928,2,sparse
14107302,ORVITAL ORGANIK CEMENSIZ PASTIRMA 120 G,ADT,2026-01-31,2026-02-28,2,2.0,1.0,1.0,1.0,29,0.06896551724137931,143,new_short_history
14107303,ORVITAL ORGANIK KAVURMA 150 G,ADT,2026-06-20,2026-06-20,1,2.0,2.0,2.0,2.0,1,1.0,31,new_short_history
14107306,ORVITAL ORGANIK DANA DILIMLI SALAM 60 G,ADT,2026-02-06,2026-03-24,9,12.0,1.3333333333333333,1.0,2.0,47,0.19148936170212766,119,possibly_inactive
14117354,GREENWELL ORGANIK P.BON. 450 G MAP DON.,ADT,2025-10-25,2026-07-15,68,125.0,1.838235294117647,1.0,7.0,264,0.25757575757575757,6,intermittent
14117355,GREENWELL ORGANIK P. B.PIR. 450 G MAP D.,ADT,2025-11-08,2026-07-17,60,107.0,1.7833333333333334,2.0,4.0,252,0.23809523809523808,4,intermittent
14117356,GREENWELL ORGANIK P. BAGET 550 G MAP D.,ADT,2025-10-26,2026-07-17,53,84.0,1.5849056603773586,1.0,5.0,265,0.2,4,intermittent
14117357,GREENWELL ORGANIK P. K.IZG. 450 G MAP D.,ADT,2025-11-02,2026-07-17,36,67.0,1.8611111111111112,1.0,8.0,258,0.13953488372093023,4,intermittent
14127384,$POLONEZ SUCUK DANA KUZU FERMENTE KG,KG,2025-09-11,2025-10-03,16,28.704,1.794,1.185,7.77,23,0.6956521739130435,291,new_short_history
14142069,MARET DANA FERMENTE KASAP SUCUK 400 G,ADT,2025-10-05,2026-07-21,171,934.0,5.461988304093567,2.0,58.0,290,0.5896551724137931,0,continuous
14146074,A.IPEK DANA DONER 250 G,ADT,2025-10-17,2026-07-18,220,2052.0,9.327272727272728,6.0,46.0,275,0.8,3,continuous
14147854,BOLEZ P.KOYLUM BUT INCIK KG MAP,KG,2025-11-07,2026-07-21,177,372.126,2.102406779661017,1.748,7.542,257,0.688715953307393,0,continuous
14151138,POLONEZ SALAM HINDI 2X90 G AVANTAJ PKT,ADT,2025-10-30,2026-02-11,102,748.0,7.333333333333333,6.5,20.0,105,0.9714285714285714,160,possibly_inactive
14172576,A.IPEK PASTIRMA CEMENSIZ 100 G,ADT,2025-12-23,2026-04-12,100,1438.0,14.38,3.0,130.0,111,0.9009009009009009,100,possibly_inactive
14180681,POLONEZ  FUME ET DANA NUAR 80 G,ADT,2026-01-08,2026-07-19,39,51.0,1.3076923076923077,1.0,3.0,193,0.20207253886010362,2,intermittent
14183612,POLONEZ  DANA ITALYAN SALAM 80 G,ADT,2026-01-13,2026-07-14,45,67.0,1.488888888888889,1.0,4.0,183,0.2459016393442623,7,intermittent
14183613,POLONEZ DANA BRESAOLA 60 G,ADT,2026-02-07,2026-07-18,30,38.0,1.2666666666666666,1.0,4.0,162,0.18518518518518517,3,intermittent
14183615,POLONEZ DANA FUME ET KONT. 90 G DILIMLI,ADT,2026-01-22,2026-07-20,31,36.0,1.1612903225806452,1.0,4.0,180,0.17222222222222222,1,intermittent
14183617,POLONEZ FUME ET DANA ANT.90 G DILIMLI,ADT,2026-01-16,2026-06-14,29,38.0,1.3103448275862069,1.0,5.0,150,0.19333333333333333,37,intermittent
14183620,POLONEZ SUCUK DANA HELLIM P.VE FIS.150 G,ADT,2026-01-31,2026-04-12,11,12.0,1.0909090909090908,1.0,2.0,72,0.1527777777777778,100,possibly_inactive
14183621,POLONEZ FUME HINDI  BUT BIBERLI 90 G,ADT,2026-01-25,2026-07-17,35,43.0,1.2285714285714286,1.0,3.0,174,0.20114942528735633,4,intermittent
14183622,POLONEZ FUME HINDI BUT 90 G,ADT,2026-01-10,2026-07-20,49,78.0,1.5918367346938775,1.0,8.0,192,0.2552083333333333,1,intermittent
14208087,YS PINAR SALAM DANA MACAR 60 G,ADT,2026-02-15,2026-02-15,1,2.0,2.0,2.0,2.0,1,1.0,156,new_short_history
14208088,YS PINAR SALAM HINDI 60 G,ADT,2026-05-31,2026-06-25,2,2.0,1.0,1.0,1.0,26,0.07692307692307693,26,new_short_history
14208089,YS NAMET 7/24 FUME PILIC 50 G,ADT,2026-04-05,2026-07-05,12,15.0,1.25,1.0,2.0,92,0.13043478260869565,16,intermittent
14208096,NAMET ANTRIKOT PASTIRMA 100 G,ADT,2026-03-17,2026-06-08,66,237.0,3.590909090909091,3.0,12.0,84,0.7857142857142857,43,continuous
14222165,BANVIT PILIC YAPRAK DONER 500 G,ADT,2026-01-24,2026-02-01,6,9.0,1.5,1.0,3.0,9,0.6666666666666666,170,new_short_history
14265557,APIKOGLU SUCUK DANA KLASIK KG,KG,2026-02-26,2026-06-08,14,7.180000000000001,0.5128571428571429,0.448,1.336,103,0.13592233009708737,43,intermittent
14265558,APIKOGLU DANA CEVIZLI ET CUBUGU 110 G,ADT,2026-03-05,2026-04-25,7,8.0,1.1428571428571428,1.0,2.0,52,0.1346153846153846,87,intermittent
14265559,APIKOGLU KAVURMA 100G,ADT,2026-03-21,2026-04-26,2,4.0,2.0,2.0,3.0,37,0.05405405405405406,86,sparse
14265560,APIKOGLU PASTIRMA CEMENSIZ 90 G,ADT,2026-02-28,2026-05-03,10,12.0,1.2,1.0,2.0,65,0.15384615384615385,79,intermittent
14277357,EREN ET FUME  DANA ANT.100 G DILIMLI,ADT,2026-04-20,2026-04-20,1,1.0,1.0,1.0,1.0,1,1.0,92,new_short_history
14277360,EREN ET FUME KABURGA 100 G,ADT,2026-07-10,2026-07-18,2,2.0,1.0,1.0,1.0,9,0.2222222222222222,3,new_short_history
14277382,EREN ET DANA FUME  KONT. 100 G DILIMLI,ADT,2026-03-05,2026-04-11,3,3.0,1.0,1.0,1.0,38,0.07894736842105263,101,possibly_inactive
14277385,EREN ET FUME ROASTBEEF 100 G DILIMLI,ADT,2026-03-17,2026-06-23,6,6.0,1.0,1.0,1.0,99,0.06060606060606061,28,sparse
14277388,EREN ET DANA KURU ET KON. 100 G DILIMLI,ADT,2026-04-26,2026-07-17,6,6.0,1.0,1.0,1.0,83,0.07228915662650602,4,sparse
14277389,EREN ET SUCUK DANA BALKAN 100 G DILIMLI,ADT,2026-03-13,2026-06-27,11,12.0,1.0909090909090908,1.0,2.0,107,0.102803738317757,24,intermittent
14277402,EREN ET DANA SALAM ITALYAN 100 G DILIMLI,ADT,2026-03-28,2026-07-13,12,13.0,1.0833333333333333,1.0,2.0,108,0.1111111111111111,8,intermittent
14277404,EREN ET DANA SALAM K. 100 G DILIMLI,ADT,2026-03-18,2026-05-12,9,9.0,1.0,1.0,1.0,56,0.16071428571428573,70,intermittent
14277405,EREN ETSALAM DANA MACAR 100 G DILIMLI,ADT,2026-03-04,2026-07-21,13,16.0,1.2307692307692308,1.0,3.0,140,0.09285714285714286,0,sparse
14277407,EREN ET SALAM DANA KA. FI. 100 G DILIMLI,ADT,2026-03-15,2026-04-11,3,3.0,1.0,1.0,1.0,28,0.10714285714285714,101,new_short_history
14277408,EREN ET JAMBON DANA 100 G DILIMLI,ADT,2026-03-09,2026-07-05,7,8.0,1.1428571428571428,1.0,2.0,119,0.058823529411764705,16,sparse
14277409,EREN ET PASTIRMA CEMENSIZ 100 G ANTRIKOT,ADT,2026-03-10,2026-07-14,11,14.0,1.2727272727272727,1.0,3.0,127,0.08661417322834646,7,sparse
14277410,EREN ET PASTIRMA CEMENSIZ 100 G KON.,ADT,2026-06-04,2026-06-04,1,2.0,2.0,2.0,2.0,1,1.0,47,new_short_history
14277411,EREN ET KUZU COTTO DILIMLI KG,KG,2026-04-18,2026-04-25,2,0.476,0.238,0.238,0.302,8,0.25,87,new_short_history
14277412,EREN ET DANA  GRAVYERLI SOSIS KG,KG,2026-03-06,2026-03-06,1,0.402,0.402,0.402,0.402,1,1.0,137,new_short_history
14277413,EREN ET DANA ET CUBUKLARI KG,KG,2026-04-17,2026-04-17,1,0.134,0.134,0.134,0.134,1,1.0,95,new_short_history
14295990,POLONEZ  JAMBON PILIC 2x60 G,ADT,2026-03-27,2026-07-21,85,633.0,7.447058823529412,7.0,26.0,117,0.7264957264957265,0,continuous
14312969,PINAR SALAM HINDI 80 G,ADT,2026-05-08,2026-07-21,50,112.0,2.24,2.0,9.0,75,0.6666666666666666,0,continuous
14317427,DOYFARM PIL.CITIR LOKMALIK 300 G,ADT,2026-06-20,2026-07-21,14,33.0,2.357142857142857,2.0,5.0,32,0.4375,0,intermittent
14317428,DOYFARM PIL.CITIR KANAT 400 G,ADT,2026-05-11,2026-07-20,23,44.0,1.9130434782608696,2.0,4.0,71,0.323943661971831,1,intermittent
14317429,DOYFARM PIL. TENDERS 300 G,ADT,2026-05-11,2026-07-21,24,47.0,1.9583333333333333,2.0,7.0,72,0.3333333333333333,0,intermittent
14328815,BANVIT CITIR TAVUK P.300 G,ADT,2026-06-11,2026-07-16,10,13.0,1.3,1.0,2.0,36,0.2777777777777778,5,intermittent
14340065,BANVIT P.KARISIK DONER 500 G,ADT,2026-06-24,2026-07-16,8,10.0,1.25,1.0,2.0,23,0.34782608695652173,5,new_short_history
14340071,POLONEZ SALAM HINDI 75 G,ADT,2026-06-27,2026-07-21,23,124.0,5.391304347826087,5.0,13.0,25,0.92,0,new_short_history
14346169,POLONEZ SUCUK DANA KASAP 300 G,ADT,2026-07-08,2026-07-21,14,171.0,12.214285714285714,3.0,37.0,14,1.0,0,new_short_history
14346215,POLONEZ FUME HINDI 90G X 2,ADT,2026-06-29,2026-07-21,21,69.0,3.2857142857142856,3.0,8.0,23,0.9130434782608695,0,new_short_history
14346217,POLONEZ SUCUK DANA-KUZU 300 G,ADT,2026-06-30,2026-07-17,10,14.0,1.4,1.0,3.0,18,0.5555555555555556,4,new_short_history
14347368,MARET SALAM HINDI 500 G,ADT,2026-07-07,2026-07-19,4,4.0,1.0,1.0,1.0,13,0.3076923076923077,2,new_short_history
76000465,KIYMA CEKME HIZMETI KG,KG,2023-06-28,2026-05-30,19,2716.929,142.99626315789473,63.796,516.585,1068,0.017790262172284643,52,sparse
76000466,KUZU KEMIKLI ET ISLEME HIZMETI KG,KG,2023-06-29,2026-05-30,8,416.865,52.108125,22.703000000000003,187.024,1067,0.007497656982193065,52,sparse
76001114,DANA KEMIKLI ET ISLEME HIZMETI KG,KG,2025-06-06,2026-05-28,4,247.547,61.88675,77.33250000000001,82.946,357,0.011204481792717087,54,sparse
